{"type":"FeatureCollection","source":"국토교통부 공역정보 KMZ","cycle":"AIP 2026년 10차","features":[{"type":"Feature","properties":{"ident":"RK00008","name":"CHEONGJU CTLZ","type":"Terminal Control Area","airspaceClass":"C","upper":"5 000 AGL","upperFt":5000,"upperRef":"AGL","lower":"SFC","lowerFt":0,"lowerRef":"SFC","remarks":"Classification","category":"공역등급","source":"국토교통부 공역정보 KMZ","cycle":"AIP 2026년 10차"},"geometry":{"type":"MultiPolygon","coordinates":[[[[127.594167,36.820833],[127.54728,36.790315],[127.546478,36.790585],[127.544938,36.791189],[127.544528,36.79138],[127.544084,36.791524],[127.542452,36.792164],[127.536262,36.794268],[127.532047,36.79549],[127.531373,36.795659],[127.531108,36.795745],[127.530717,36.795824],[127.527771,36.796563],[127.521257,36.797893],[127.517939,36.798389],[127.517063,36.798565],[127.51637,36.798623],[127.514651,36.79888],[127.507978,36.799521],[127.503405,36.79972],[127.502666,36.799783],[127.502241,36.799771],[127.501268,36.799813],[127.496788,36.799813],[127.492311,36.799657],[127.489023,36.799399],[127.488198,36.799376],[127.487544,36.799283],[127.485623,36.799133],[127.478991,36.79826],[127.474619,36.797448],[127.473942,36.797352],[127.473552,36.79725],[127.472444,36.797044],[127.468139,36.796045],[127.463893,36.794897],[127.460893,36.793939],[127.460176,36.793751],[127.459608,36.793528],[127.457648,36.792902],[127.45358,36.791392],[127.449597,36.789743],[127.447722,36.78886],[127.447169,36.788643],[127.446574,36.788319],[127.443799,36.787013],[127.44006,36.785027],[127.436432,36.782914],[127.435474,36.78229],[127.435175,36.782127],[127.434734,36.781808],[127.431212,36.779513],[127.426276,36.775846],[127.42484,36.774631],[127.424426,36.774331],[127.423991,36.773913],[127.421647,36.77193],[127.41874,36.769189],[127.415983,36.76635],[127.415327,36.765592],[127.415134,36.765407],[127.414861,36.765056],[127.41214,36.761917],[127.40978,36.758855],[127.407587,36.755714],[127.404618,36.750866],[127.402859,36.747553],[127.401634,36.74494],[127.401606,36.744889],[127.401593,36.744852],[127.401279,36.744182],[127.399252,36.73903],[127.398133,36.735541],[127.397681,36.733829],[127.397633,36.733695],[127.39761,36.733562],[127.397202,36.732017],[127.396162,36.726678],[127.395709,36.723093],[127.395646,36.722224],[127.395636,36.722165],[127.395636,36.722085],[127.395448,36.719496],[127.395419,36.714092],[127.395641,36.710493],[127.396056,36.706906],[127.397038,36.70156],[127.397591,36.699499],[127.397679,36.698997],[127.397865,36.698478],[127.399167,36.694444],[127.352222,36.663611],[127.404167,36.611667],[127.451208,36.642384],[127.452666,36.641766],[127.456707,36.640224],[127.459603,36.63927],[127.460254,36.639014],[127.460857,36.638856],[127.462914,36.638178],[127.469272,36.63646],[127.473581,36.635501],[127.473945,36.635433],[127.473995,36.63542],[127.47408,36.635408],[127.477938,36.634692],[127.484544,36.633764],[127.488017,36.63343],[127.488221,36.633401],[127.488359,36.633397],[127.488984,36.633337],[127.493442,36.633066],[127.500146,36.632949],[127.502003,36.633014],[127.502658,36.632995],[127.503486,36.633065],[127.506845,36.633182],[127.511295,36.633531],[127.515721,36.634035],[127.516611,36.634176],[127.517025,36.634211],[127.517746,36.634355],[127.522301,36.635077],[127.526635,36.635962],[127.530918,36.636996],[127.530953,36.637006],[127.531042,36.637024],[127.531267,36.637097],[127.537229,36.638824],[127.541348,36.640224],[127.544034,36.641249],[127.544439,36.641381],[127.544713,36.641508],[127.54539,36.641766],[127.551288,36.644338],[127.556701,36.647078],[127.556955,36.647196],[127.55716,36.647325],[127.562404,36.650377],[127.565882,36.652641],[127.567929,36.654095],[127.568347,36.654358],[127.568625,36.65459],[127.569237,36.655024],[127.574022,36.658812],[127.577038,36.661472],[127.578014,36.66241],[127.578393,36.662726],[127.57873,36.663099],[127.57991,36.664234],[127.583933,36.668558],[127.586419,36.671554],[127.586672,36.671889],[127.586897,36.672138],[127.587162,36.672538],[127.588742,36.674633],[127.591913,36.679396],[127.593167,36.681613],[127.593695,36.682412],[127.594005,36.683096],[127.594694,36.684314],[127.597075,36.689366],[127.598434,36.692799],[127.598521,36.693057],[127.598653,36.693347],[127.598776,36.693811],[127.599608,36.696276],[127.601018,36.70156],[127.601435,36.703833],[127.601674,36.704732],[127.601741,36.705501],[127.601999,36.706906],[127.602549,36.712292],[127.602675,36.715893],[127.602672,36.716054],[127.602698,36.716344],[127.602658,36.716809],[127.602607,36.719496],[127.602144,36.724887],[127.601783,36.727047],[127.601705,36.727959],[127.601499,36.72874],[127.601248,36.730243],[127.600412,36.733783],[127.599185,36.738345],[127.645525,36.76833],[127.594167,36.820833]]]]}},{"type":"Feature","properties":{"ident":"RK00157","name":"DAEGU TCA AREA A","type":"Terminal Control Area","airspaceClass":"C","upper":"5 000 AGL","upperFt":5000,"upperRef":"AGL","lower":"SFC","lowerFt":0,"lowerRef":"SFC","remarks":"Classification","category":"공역등급","source":"국토교통부 공역정보 KMZ","cycle":"AIP 2026년 10차"},"geometry":{"type":"MultiPolygon","coordinates":[[[[128.76033,35.905636],[128.757369,35.917027],[128.752486,35.927972],[128.745777,35.938257],[128.73737,35.947682],[128.727431,35.956064],[128.716152,35.963238],[128.703752,35.969065],[128.690474,35.973431],[128.676576,35.97625],[128.662331,35.977468],[128.648015,35.977062],[128.633909,35.975038],[128.620288,35.971436],[128.607418,35.966327],[128.59555,35.959811],[128.584914,35.952014],[128.575719,35.943089],[128.568143,35.93321],[128.562333,35.922569],[128.558402,35.911373],[128.556425,35.899842],[128.55644,35.888199],[128.558446,35.87667],[128.562402,35.865481],[128.568232,35.854849],[128.575822,35.844981],[128.585022,35.836067],[128.595654,35.828282],[128.607511,35.821777],[128.620363,35.816678],[128.63396,35.813083],[128.648038,35.811064],[128.662324,35.810658],[128.67654,35.811874],[128.690411,35.814687],[128.703667,35.819045],[128.713611,35.823333],[128.78,35.786667],[128.826111,35.841667],[128.759722,35.878611],[128.7603,35.882406],[128.761313,35.89402],[128.76033,35.905636]]]]}},{"type":"Feature","properties":{"ident":"RK00141","name":"DAEGU TCA AREA B","type":"Terminal Control Area","airspaceClass":"C","upper":"5 000 AGL","upperFt":5000,"upperRef":"AGL","lower":"1 000 AGL","lowerFt":1000,"lowerRef":"AGL","remarks":"Classification","category":"공역등급","source":"국토교통부 공역정보 KMZ","cycle":"AIP 2026년 10차"},"geometry":{"type":"MultiPolygon","coordinates":[[[[128.861619,35.916988],[128.855724,35.939776],[128.845982,35.961673],[128.83258,35.982254],[128.815777,36.001116],[128.795899,36.017891],[128.773333,36.032251],[128.748519,36.043915],[128.721941,36.052655],[128.694119,36.0583],[128.665599,36.060739],[128.636938,36.059925],[128.608698,36.055873],[128.581431,36.048663],[128.555672,36.038436],[128.531924,36.025392],[128.51065,36.009786],[128.492265,35.991924],[128.477126,35.972154],[128.465526,35.950863],[128.457688,35.928466],[128.453763,35.905399],[128.453823,35.882113],[128.457863,35.85906],[128.465802,35.836688],[128.477483,35.815433],[128.492674,35.795706],[128.51108,35.777892],[128.532342,35.762334],[128.556045,35.749334],[128.58173,35.739145],[128.6089,35.731963],[128.637027,35.727928],[128.665569,35.727117],[128.693973,35.729546],[128.721688,35.735168],[128.748179,35.743875],[128.772934,35.755497],[128.795471,35.769811],[128.815353,35.786538],[128.832193,35.805354],[128.845662,35.825895],[128.855496,35.847761],[128.861501,35.870529],[128.863556,35.893755],[128.861619,35.916988]]]]}},{"type":"Feature","properties":{"ident":"RK00137","name":"GANGNEUNG TCA AREA A","type":"Terminal Control Area","airspaceClass":"C","upper":"5 000 AGL","upperFt":5000,"upperRef":"AGL","lower":"SFC","lowerFt":0,"lowerRef":"SFC","remarks":"Classification","category":"공역등급","source":"국토교통부 공역정보 KMZ","cycle":"AIP 2026년 10차"},"geometry":{"type":"MultiPolygon","coordinates":[[[[129.048953,37.765406],[129.04592,37.776794],[129.04092,37.787736],[129.034046,37.798018],[129.025434,37.807441],[129.015252,37.81582],[129.003696,37.822993],[128.990992,37.828818],[128.977387,37.833183],[128.963149,37.836002],[128.948553,37.83722],[128.933886,37.836813],[128.919433,37.83479],[128.905478,37.831189],[128.892291,37.826082],[128.880132,37.819567],[128.869236,37.811772],[128.859816,37.802849],[128.852054,37.792972],[128.846103,37.782334],[128.842076,37.771142],[128.840052,37.759614],[128.840068,37.747975],[128.842124,37.73645],[128.846179,37.725265],[128.852152,37.714637],[128.859928,37.704772],[128.869354,37.695861],[128.880246,37.688079],[128.892394,37.681577],[128.90556,37.676479],[128.919489,37.672886],[128.93391,37.670867],[128.948545,37.670461],[128.963109,37.671677],[128.977318,37.67449],[128.990899,37.678845],[129.003587,37.68466],[129.015134,37.691819],[129.025318,37.700186],[129.03394,37.709596],[129.040832,37.719868],[129.045858,37.730802],[129.048921,37.742184],[129.04996,37.753794],[129.048953,37.765406]]]]}},{"type":"Feature","properties":{"ident":"RK00163","name":"GANGNEUNG TCA AREA B","type":"Terminal Control Area","airspaceClass":"C","upper":"5 000 AGL","upperFt":5000,"upperRef":"AGL","lower":"1 000 AGL","lowerFt":1000,"lowerRef":"AGL","remarks":"Classification","category":"공역등급","source":"국토교통부 공역정보 KMZ","cycle":"AIP 2026년 10차"},"geometry":{"type":"MultiPolygon","coordinates":[[[[129.152704,37.776738],[129.146669,37.799518],[129.136692,37.82141],[129.122963,37.841986],[129.10575,37.860844],[129.085385,37.877615],[129.062265,37.891972],[129.036841,37.903634],[129.009609,37.912372],[128.981102,37.918016],[128.951879,37.920455],[128.922511,37.919641],[128.893575,37.91559],[128.865637,37.908381],[128.839244,37.898156],[128.814913,37.885114],[128.793117,37.869512],[128.774283,37.851653],[128.758774,37.831888],[128.746893,37.810603],[128.738867,37.788212],[128.73485,37.765152],[128.734916,37.741873],[128.739059,37.718827],[128.747197,37.696464],[128.759166,37.675216],[128.774731,37.655497],[128.793589,37.63769],[128.815371,37.622139],[128.839653,37.609145],[128.865965,37.59896],[128.893797,37.591782],[128.922609,37.587748],[128.951846,37.586938],[128.980941,37.589366],[129.009332,37.594985],[129.03647,37.603688],[129.061828,37.615305],[129.084916,37.629612],[129.105285,37.646332],[129.122539,37.665141],[129.13634,37.685674],[129.146419,37.707533],[129.152574,37.730293],[129.154685,37.753512],[129.152704,37.776738]]]]}},{"type":"Feature","properties":{"ident":"RK00015","name":"GIMHAE TCA AREA A","type":"Terminal Control Area","airspaceClass":"C","upper":"5 000 AGL","upperFt":5000,"upperRef":"AGL","lower":"SFC","lowerFt":0,"lowerRef":"SFC","remarks":"Classification","category":"공역등급","source":"국토교통부 공역정보 KMZ","cycle":"AIP 2026년 10차"},"geometry":{"type":"MultiPolygon","coordinates":[[[[129.038619,35.192131],[129.035683,35.203523],[129.030844,35.214469],[129.024193,35.224756],[129.015862,35.234182],[129.00601,35.242564],[128.99483,35.249739],[128.982541,35.255566],[128.96938,35.259933],[128.955606,35.262753],[128.941487,35.263971],[128.927298,35.263564],[128.913318,35.26154],[128.899817,35.257938],[128.887061,35.252829],[128.875298,35.246312],[128.864757,35.238514],[128.855643,35.229588],[128.848133,35.219708],[128.842375,35.209066],[128.838478,35.197869],[128.836518,35.186336],[128.836532,35.174692],[128.83852,35.163162],[128.842441,35.151972],[128.84822,35.141338],[128.855742,35.131468],[128.86486,35.122554],[128.875399,35.114768],[128.887151,35.108262],[128.89989,35.103161],[128.9075,35.100833],[128.914722,35.044167],[128.995556,35.051111],[128.988333,35.108056],[128.994734,35.111346],[129.005907,35.11851],[129.015759,35.12688],[129.0241,35.136295],[129.030766,35.146572],[129.035628,35.157511],[129.03859,35.168898],[129.039594,35.180514],[129.038619,35.192131]]]]}},{"type":"Feature","properties":{"ident":"RK00017","name":"GIMHAE TCA AREA B","type":"Terminal Control Area","airspaceClass":"C","upper":"5 000 AGL","upperFt":5000,"upperRef":"AGL","lower":"1 000 AGL","lowerFt":1000,"lowerRef":"AGL","remarks":"Classification","category":"공역등급","source":"국토교통부 공역정보 KMZ","cycle":"AIP 2026년 10차"},"geometry":{"type":"MultiPolygon","coordinates":[[[[129.139218,35.203623],[129.133374,35.226413],[129.123716,35.248313],[129.110432,35.268895],[129.093777,35.287759],[129.074075,35.304535],[129.051709,35.318896],[129.027115,35.330561],[129.000773,35.339302],[128.973199,35.344947],[128.944932,35.347386],[128.916526,35.346572],[128.888537,35.34252],[128.861513,35.335309],[128.835983,35.325081],[128.812445,35.312037],[128.79136,35.29643],[128.773137,35.278566],[128.758131,35.258795],[128.746633,35.237501],[128.738863,35.215102],[128.734971,35.192033],[128.735029,35.168744],[128.739032,35.145688],[128.7469,35.123313],[128.758476,35.102055],[128.773532,35.082325],[128.791775,35.064508],[128.812849,35.048947],[128.836343,35.035946],[128.861802,35.025755],[128.888733,35.018572],[128.916613,35.014536],[128.944903,35.013725],[128.973057,35.016154],[129.000529,35.021778],[129.026787,35.030486],[129.051324,35.04211],[129.073662,35.056426],[129.093368,35.073155],[129.110059,35.091974],[129.123408,35.112518],[129.133153,35.134388],[129.139104,35.157158],[129.14114,35.180387],[129.139218,35.203623]]]]}},{"type":"Feature","properties":{"ident":"RK00027","name":"GIMPO TCA AREA A","type":"Terminal Control Area","airspaceClass":"B","upper":"10 000 AMSL","upperFt":10000,"upperRef":"AMSL","lower":"SFC","lowerFt":0,"lowerRef":"SFC","remarks":"Classification","category":"공역등급","source":"국토교통부 공역정보 KMZ","cycle":"AIP 2026년 10차"},"geometry":{"type":"MultiPolygon","coordinates":[[[[126.721613,37.659563],[126.659277,37.610033],[126.696852,37.58024],[126.696615,37.57958],[126.696025,37.577841],[126.695483,37.576092],[126.694989,37.574334],[126.694542,37.572568],[126.694144,37.570795],[126.693793,37.569015],[126.693491,37.56723],[126.693238,37.56544],[126.693033,37.563646],[126.692877,37.561849],[126.69277,37.56005],[126.692712,37.558249],[126.692701,37.556447],[126.69274,37.554646],[126.692828,37.552846],[126.692965,37.551048],[126.693151,37.549253],[126.693385,37.547461],[126.693668,37.545674],[126.693999,37.543892],[126.694378,37.542116],[126.694805,37.540347],[126.69528,37.538585],[126.695803,37.536833],[126.696373,37.53509],[126.69699,37.533356],[126.697654,37.531634],[126.698365,37.529924],[126.699122,37.528227],[126.699924,37.526542],[126.700772,37.524872],[126.701666,37.523217],[126.702603,37.521578],[126.703585,37.519955],[126.70461,37.518349],[126.705679,37.516762],[126.70679,37.515193],[126.707944,37.513644],[126.70914,37.512114],[126.710376,37.510606],[126.711653,37.509119],[126.71297,37.507655],[126.714326,37.506214],[126.715722,37.504796],[126.717155,37.503402],[126.718625,37.502034],[126.720132,37.500691],[126.721675,37.499374],[126.723253,37.498084],[126.724867,37.496822],[126.726513,37.495588],[126.728193,37.494382],[126.729905,37.493205],[126.731648,37.492058],[126.733422,37.490941],[126.735225,37.489855],[126.737059,37.4888],[126.738919,37.487777],[126.740807,37.486787],[126.742721,37.485829],[126.744661,37.484904],[126.746626,37.484012],[126.748614,37.483155],[126.750625,37.482332],[126.752657,37.481543],[126.754711,37.48079],[126.756784,37.480072],[126.758876,37.47939],[126.760986,37.478745],[126.763113,37.478135],[126.765257,37.477563],[126.767415,37.477027],[126.769587,37.476528],[126.771772,37.476067],[126.773969,37.475644],[126.776177,37.475258],[126.778395,37.474911],[126.780621,37.474602],[126.782856,37.474331],[126.785097,37.474098],[126.787344,37.473904],[126.789596,37.473749],[126.791852,37.473633],[126.79411,37.473555],[126.79637,37.473516],[126.79863,37.473516],[126.80089,37.473555],[126.803148,37.473633],[126.805403,37.473749],[126.807655,37.473904],[126.809902,37.474098],[126.812144,37.474331],[126.814379,37.474602],[126.816605,37.474911],[126.818823,37.475258],[126.821031,37.475644],[126.823228,37.476067],[126.825413,37.476528],[126.826882,37.476861],[126.866852,37.444995],[126.914179,37.482526],[126.882324,37.507977],[126.883347,37.509119],[126.884624,37.510606],[126.88586,37.512114],[126.887056,37.513644],[126.888209,37.515193],[126.889321,37.516762],[126.890389,37.518349],[126.891415,37.519955],[126.892397,37.521578],[126.893334,37.523217],[126.894227,37.524872],[126.895076,37.526542],[126.895878,37.528227],[126.896634,37.529924],[126.897345,37.531634],[126.898009,37.533356],[126.898627,37.53509],[126.899196,37.536833],[126.899719,37.538585],[126.900194,37.540347],[126.900622,37.542116],[126.901001,37.543892],[126.901332,37.545674],[126.901615,37.547461],[126.901849,37.549253],[126.902034,37.551048],[126.902171,37.552846],[126.902259,37.554646],[126.902298,37.556447],[126.902288,37.558249],[126.90223,37.56005],[126.902123,37.561849],[126.901967,37.563646],[126.901762,37.56544],[126.901509,37.56723],[126.901206,37.569015],[126.900856,37.570795],[126.900457,37.572568],[126.90001,37.574334],[126.899516,37.576092],[126.898974,37.577841],[126.898385,37.57958],[126.897748,37.581309],[126.897065,37.583027],[126.896336,37.584732],[126.89556,37.586424],[126.894738,37.588103],[126.893871,37.589767],[126.89296,37.591416],[126.892003,37.593048],[126.891002,37.594664],[126.889958,37.596262],[126.88887,37.597842],[126.88774,37.599403],[126.886568,37.600944],[126.885354,37.602465],[126.884099,37.603965],[126.882804,37.605442],[126.881468,37.606897],[126.880094,37.608328],[126.878681,37.609736],[126.87723,37.611119],[126.875742,37.612477],[126.874218,37.613809],[126.872657,37.615114],[126.871061,37.616392],[126.869431,37.617643],[126.867767,37.618865],[126.866071,37.620058],[126.864342,37.621222],[126.862582,37.622356],[126.860792,37.623459],[126.858972,37.624532],[126.857124,37.625573],[126.855247,37.626581],[126.853344,37.627558],[126.851414,37.628501],[126.84946,37.629411],[126.847481,37.630287],[126.845478,37.631129],[126.843454,37.631936],[126.841407,37.632709],[126.83934,37.633446],[126.837254,37.634147],[126.835149,37.634812],[126.833027,37.635441],[126.830887,37.636034],[126.828732,37.636589],[126.826563,37.637107],[126.82438,37.637588],[126.822184,37.638031],[126.819977,37.638437],[126.817759,37.638804],[126.815532,37.639133],[126.813297,37.639424],[126.811054,37.639676],[126.808804,37.63989],[126.80655,37.640065],[126.804292,37.640201],[126.802029,37.640298],[126.799765,37.640356],[126.7975,37.640376],[126.795235,37.640356],[126.79297,37.640298],[126.790708,37.640201],[126.78845,37.640065],[126.786196,37.63989],[126.783946,37.639676],[126.781703,37.639424],[126.779467,37.639133],[126.77724,37.638804],[126.775023,37.638437],[126.772815,37.638031],[126.77062,37.637588],[126.768437,37.637107],[126.766267,37.636589],[126.764112,37.636034],[126.761973,37.635441],[126.759851,37.634812],[126.757746,37.634147],[126.754842,37.633159],[126.721613,37.659563]]]]}},{"type":"Feature","properties":{"ident":"RK00167","name":"GIMPO TCA AREA B","type":"Terminal Control Area","airspaceClass":"B","upper":"10 000 AMSL","upperFt":10000,"upperRef":"AMSL","lower":"1 000 AGL","lowerFt":1000,"lowerRef":"AGL","remarks":"Classification","category":"공역등급","source":"국토교통부 공역정보 KMZ","cycle":"AIP 2026년 10차"},"geometry":{"type":"MultiPolygon","coordinates":[[[[126.804272,37.390164],[126.806528,37.390232],[126.808783,37.39032],[126.811037,37.390426],[126.813289,37.390552],[126.81554,37.390698],[126.817788,37.390862],[126.820034,37.391046],[126.822278,37.39125],[126.824518,37.391472],[126.826756,37.391714],[126.828989,37.391975],[126.83122,37.392255],[126.833446,37.392555],[126.835669,37.392873],[126.837886,37.393211],[126.8401,37.393568],[126.842308,37.393943],[126.844511,37.394338],[126.846709,37.394751],[126.848901,37.395184],[126.851087,37.395635],[126.853266,37.396105],[126.85544,37.396593],[126.857607,37.397101],[126.859766,37.397627],[126.861918,37.398171],[126.864063,37.398734],[126.866201,37.399315],[126.86833,37.399915],[126.870451,37.400533],[126.872564,37.401169],[126.874668,37.401823],[126.876763,37.402495],[126.878849,37.403186],[126.880925,37.403894],[126.882992,37.40462],[126.885049,37.405363],[126.887096,37.406125],[126.889132,37.406903],[126.891158,37.4077],[126.893173,37.408513],[126.895176,37.409344],[126.897168,37.410192],[126.899149,37.411057],[126.901118,37.41194],[126.903076,37.412839],[126.905021,37.413754],[126.906953,37.414687],[126.908873,37.415636],[126.91078,37.416601],[126.912673,37.417583],[126.914554,37.418581],[126.916421,37.419595],[126.918273,37.420625],[126.920113,37.421671],[126.921937,37.422733],[126.923748,37.42381],[126.925543,37.424903],[126.927324,37.426011],[126.92909,37.427134],[126.930841,37.428273],[126.932576,37.429427],[126.934296,37.430595],[126.935999,37.431778],[126.937686,37.432976],[126.939358,37.434188],[126.941013,37.435414],[126.942651,37.436655],[126.944272,37.437909],[126.945876,37.439177],[126.947464,37.44046],[126.949033,37.441755],[126.950586,37.443064],[126.95212,37.444387],[126.953636,37.445722],[126.955135,37.44707],[126.956615,37.448432],[126.958076,37.449806],[126.959519,37.451192],[126.960943,37.452591],[126.962349,37.454001],[126.963735,37.455424],[126.965101,37.456859],[126.966448,37.458305],[126.967776,37.459763],[126.969084,37.461232],[126.970372,37.462712],[126.97164,37.464204],[126.972887,37.465706],[126.974115,37.467218],[126.975322,37.468741],[126.976508,37.470275],[126.977673,37.471818],[126.978818,37.473372],[126.979941,37.474935],[126.981043,37.476508],[126.982124,37.47809],[126.983183,37.479681],[126.984222,37.481282],[126.985237,37.482891],[126.986232,37.484509],[126.987204,37.486135],[126.988154,37.48777],[126.989082,37.489412],[126.989988,37.491063],[126.990872,37.492721],[126.991733,37.494387],[126.992571,37.49606],[126.993387,37.49774],[126.99418,37.499427],[126.994951,37.501121],[126.995698,37.502821],[126.996422,37.504527],[126.997123,37.50624],[126.9978,37.507959],[126.998455,37.509683],[126.999087,37.511413],[126.999694,37.513148],[127.000278,37.514889],[127.000839,37.516634],[127.001375,37.518384],[127.001888,37.520138],[127.002378,37.521897],[127.002843,37.52366],[127.003285,37.525427],[127.003703,37.527197],[127.004096,37.528971],[127.004466,37.530748],[127.004812,37.532529],[127.005133,37.534312],[127.00543,37.536098],[127.005703,37.537886],[127.005952,37.539676],[127.006176,37.541469],[127.006377,37.543263],[127.006552,37.545059],[127.006704,37.546857],[127.006831,37.548655],[127.006933,37.550455],[127.007012,37.552255],[127.007066,37.554056],[127.007096,37.555857],[127.007101,37.557659],[127.007081,37.55946],[127.007037,37.561261],[127.006969,37.563062],[127.006877,37.564862],[127.006759,37.566661],[127.006618,37.568459],[127.006452,37.570255],[127.006261,37.57205],[127.006047,37.573844],[127.005808,37.575635],[127.005545,37.577424],[127.005257,37.579211],[127.004946,37.580995],[127.00461,37.582777],[127.00425,37.584555],[127.003866,37.586331],[127.003457,37.588103],[127.003025,37.589871],[127.002569,37.591635],[127.002089,37.593396],[127.001585,37.595152],[127.001057,37.596904],[127.000505,37.598651],[126.99993,37.600393],[126.999331,37.60213],[126.998708,37.603862],[126.998062,37.605589],[126.997392,37.60731],[126.9967,37.609025],[126.995984,37.610734],[126.995244,37.612437],[126.994482,37.614133],[126.993697,37.615822],[126.992888,37.617505],[126.992058,37.619181],[126.991203,37.620849],[126.990327,37.62251],[126.989428,37.624164],[126.988506,37.625809],[126.987563,37.627447],[126.986597,37.629076],[126.985608,37.630697],[126.984598,37.63231],[126.983566,37.633913],[126.982513,37.635508],[126.981437,37.637093],[126.98034,37.63867],[126.979223,37.640236],[126.978083,37.641793],[126.976922,37.64334],[126.975741,37.644877],[126.974538,37.646404],[126.973315,37.64792],[126.972071,37.649426],[126.970808,37.650921],[126.969523,37.652405],[126.968218,37.653878],[126.966894,37.655339],[126.965549,37.656789],[126.964186,37.658228],[126.962802,37.659654],[126.961399,37.661069],[126.959977,37.662472],[126.958536,37.663862],[126.957076,37.66524],[126.955598,37.666605],[126.954101,37.667957],[126.952585,37.669297],[126.951052,37.670623],[126.9495,37.671936],[126.947931,37.673235],[126.946344,37.674522],[126.944739,37.675794],[126.943118,37.677052],[126.941479,37.678297],[126.939824,37.679527],[126.938151,37.680743],[126.936463,37.681945],[126.934758,37.683132],[126.933037,37.684304],[126.9313,37.685461],[126.929547,37.686604],[126.927779,37.687731],[126.925996,37.688843],[126.924198,37.68994],[126.922384,37.691021],[126.920557,37.692086],[126.918714,37.693136],[126.916858,37.69417],[126.914987,37.695188],[126.913103,37.696189],[126.911205,37.697175],[126.909294,37.698144],[126.90737,37.699096],[126.905433,37.700032],[126.903483,37.700952],[126.901521,37.701854],[126.899546,37.702739],[126.89756,37.703608],[126.895562,37.704459],[126.893552,37.705294],[126.891532,37.70611],[126.8895,37.70691],[126.887457,37.707692],[126.885404,37.708456],[126.88334,37.709203],[126.881267,37.709932],[126.879183,37.710642],[126.87709,37.711336],[126.874989,37.712011],[126.872877,37.712667],[126.870757,37.713306],[126.868628,37.713927],[126.866491,37.714529],[126.864345,37.715112],[126.862193,37.715678],[126.860032,37.716224],[126.857864,37.716753],[126.855688,37.717262],[126.853507,37.717753],[126.851318,37.718225],[126.849123,37.718678],[126.846922,37.719112],[126.844716,37.719527],[126.842504,37.719924],[126.840286,37.720301],[126.838064,37.720659],[126.835836,37.720998],[126.833605,37.721318],[126.831369,37.721619],[126.829129,37.7219],[126.826885,37.722162],[126.824638,37.722405],[126.822388,37.722629],[126.820134,37.722833],[126.817878,37.723018],[126.81562,37.723183],[126.81336,37.723329],[126.811098,37.723456],[126.808834,37.723563],[126.806568,37.723651],[126.804302,37.723719],[126.802036,37.723768],[126.799768,37.723797],[126.7975,37.723807],[126.795232,37.723797],[126.792964,37.723768],[126.790697,37.723719],[126.788431,37.723651],[126.786166,37.723563],[126.783902,37.723456],[126.78164,37.723329],[126.779379,37.723183],[126.777121,37.723018],[126.774865,37.722833],[126.772612,37.722629],[126.770362,37.722405],[126.768115,37.722162],[126.765871,37.7219],[126.763631,37.721619],[126.761395,37.721318],[126.759163,37.720998],[126.756936,37.720659],[126.754713,37.720301],[126.752496,37.719924],[126.750284,37.719527],[126.748077,37.719112],[126.745876,37.718678],[126.743681,37.718225],[126.741493,37.717753],[126.739311,37.717262],[126.737136,37.716753],[126.734968,37.716224],[126.732807,37.715678],[126.730654,37.715112],[126.728509,37.714529],[126.726372,37.713927],[126.724243,37.713306],[126.722123,37.712667],[126.720011,37.712011],[126.717909,37.711336],[126.715817,37.710642],[126.713733,37.709932],[126.711659,37.709203],[126.709596,37.708456],[126.707542,37.707692],[126.7055,37.70691],[126.703468,37.70611],[126.701448,37.705294],[126.699438,37.704459],[126.69744,37.703608],[126.695453,37.702739],[126.693479,37.701854],[126.691517,37.700952],[126.689567,37.700032],[126.68763,37.699096],[126.685706,37.698144],[126.683795,37.697175],[126.681897,37.696189],[126.680013,37.695188],[126.678142,37.69417],[126.676285,37.693136],[126.674443,37.692086],[126.672615,37.691021],[126.670802,37.68994],[126.669004,37.688843],[126.66722,37.687731],[126.665452,37.686604],[126.6637,37.685461],[126.661963,37.684304],[126.660242,37.683132],[126.658537,37.681945],[126.656848,37.680743],[126.655176,37.679527],[126.65352,37.678297],[126.651882,37.677052],[126.65026,37.675794],[126.648656,37.674522],[126.647069,37.673235],[126.645499,37.671936],[126.643948,37.670623],[126.642415,37.669297],[126.640899,37.667957],[126.639402,37.666605],[126.637923,37.66524],[126.636464,37.663862],[126.635023,37.662472],[126.6336,37.661069],[126.632198,37.659654],[126.630814,37.658228],[126.629451,37.656789],[126.628106,37.655339],[126.626782,37.653878],[126.625477,37.652405],[126.624192,37.650921],[126.622928,37.649426],[126.621684,37.64792],[126.620461,37.646404],[126.619259,37.644877],[126.618077,37.64334],[126.616917,37.641793],[126.615777,37.640236],[126.614659,37.63867],[126.613562,37.637093],[126.612487,37.635508],[126.611434,37.633913],[126.610401,37.63231],[126.609391,37.630697],[126.608403,37.629076],[126.607437,37.627447],[126.606493,37.625809],[126.605572,37.624164],[126.604673,37.62251],[126.603796,37.620849],[126.602942,37.619181],[126.602112,37.617505],[126.601303,37.615822],[126.600518,37.614133],[126.599755,37.612437],[126.599016,37.610734],[126.5983,37.609025],[126.597607,37.60731],[126.596938,37.605589],[126.596291,37.603862],[126.595669,37.60213],[126.59507,37.600393],[126.594495,37.598651],[126.593943,37.596904],[126.593415,37.595152],[126.592911,37.593396],[126.592431,37.591635],[126.591975,37.589871],[126.591542,37.588103],[126.591134,37.586331],[126.59075,37.584555],[126.59039,37.582777],[126.590054,37.580995],[126.589742,37.579211],[126.589455,37.577424],[126.589192,37.575635],[126.588953,37.573844],[126.588739,37.57205],[126.588548,37.570255],[126.588382,37.568459],[126.588241,37.566661],[126.588123,37.564862],[126.588031,37.563062],[126.587963,37.561261],[126.587919,37.55946],[126.587899,37.557659],[126.587904,37.555857],[126.587934,37.554056],[126.587988,37.552255],[126.588066,37.550455],[126.588169,37.548655],[126.588296,37.546857],[126.588447,37.545059],[126.588623,37.543263],[126.588824,37.541469],[126.589048,37.539676],[126.589297,37.537886],[126.58957,37.536098],[126.589867,37.534312],[126.590188,37.532529],[126.590534,37.530748],[126.590903,37.528971],[126.591297,37.527197],[126.591715,37.525427],[126.592157,37.52366],[126.592622,37.521897],[126.593112,37.520138],[126.593624,37.518384],[126.594161,37.516634],[126.594722,37.514889],[126.595306,37.513148],[126.595913,37.511413],[126.596545,37.509683],[126.5972,37.507959],[126.597877,37.50624],[126.598578,37.504527],[126.599302,37.502821],[126.600049,37.501121],[126.600819,37.499427],[126.601613,37.49774],[126.602429,37.49606],[126.603267,37.494387],[126.604128,37.492721],[126.605011,37.491063],[126.605917,37.489412],[126.606846,37.48777],[126.607796,37.486135],[126.608768,37.484509],[126.609763,37.482891],[126.610778,37.481282],[126.611816,37.479681],[126.612876,37.47809],[126.613957,37.476508],[126.615059,37.474935],[126.616182,37.473372],[126.617327,37.471818],[126.618492,37.470275],[126.619678,37.468741],[126.620885,37.467218],[126.622113,37.465706],[126.62336,37.464204],[126.624628,37.462712],[126.625916,37.461232],[126.627223,37.459763],[126.628552,37.458305],[126.629898,37.456859],[126.631265,37.455424],[126.632651,37.454001],[126.634056,37.452591],[126.63548,37.451192],[126.636923,37.449806],[126.638385,37.448432],[126.639865,37.44707],[126.641363,37.445722],[126.64288,37.444387],[126.644414,37.443064],[126.645967,37.441755],[126.647536,37.44046],[126.649124,37.439177],[126.650727,37.437909],[126.652349,37.436655],[126.653987,37.435414],[126.655642,37.434188],[126.657314,37.432976],[126.659001,37.431778],[126.660704,37.430595],[126.662424,37.429427],[126.664159,37.428273],[126.665909,37.427134],[126.667676,37.426011],[126.669456,37.424903],[126.671252,37.42381],[126.673062,37.422733],[126.674887,37.421671],[126.676727,37.420625],[126.678579,37.419595],[126.680446,37.418581],[126.682326,37.417583],[126.68422,37.416601],[126.686127,37.415636],[126.688047,37.414687],[126.689979,37.413754],[126.691924,37.412839],[126.693882,37.41194],[126.69585,37.411057],[126.697831,37.410192],[126.699824,37.409344],[126.701827,37.408513],[126.703842,37.4077],[126.705868,37.406903],[126.707904,37.406125],[126.709951,37.405363],[126.712008,37.40462],[126.714075,37.403894],[126.716151,37.403186],[126.718237,37.402495],[126.720332,37.401823],[126.722436,37.401169],[126.724548,37.400533],[126.72667,37.399915],[126.728799,37.399315],[126.730936,37.398734],[126.733081,37.398171],[126.735234,37.397627],[126.737393,37.397101],[126.73956,37.396593],[126.741733,37.396105],[126.743913,37.395635],[126.746099,37.395184],[126.748291,37.394751],[126.750489,37.394338],[126.752692,37.393943],[126.7549,37.393568],[126.757113,37.393211],[126.759331,37.392873],[126.761554,37.392555],[126.76378,37.392255],[126.76601,37.391975],[126.768244,37.391714],[126.770482,37.391472],[126.772722,37.39125],[126.774965,37.391046],[126.777211,37.390862],[126.77946,37.390698],[126.78171,37.390552],[126.783962,37.390426],[126.786216,37.39032],[126.788471,37.390232],[126.790728,37.390164],[126.792985,37.390116],[126.795242,37.390087],[126.7975,37.390077],[126.799758,37.390087],[126.802015,37.390116],[126.804272,37.390164]]]]}},{"type":"Feature","properties":{"ident":"RK00169","name":"GIMPO TCA AREA C","type":"Terminal Control Area","airspaceClass":"B","upper":"10 000 AMSL","upperFt":10000,"upperRef":"AMSL","lower":"5 000 AGL","lowerFt":5000,"lowerRef":"AGL","remarks":"Classification","category":"공역등급","source":"국토교통부 공역정보 KMZ","cycle":"AIP 2026년 10차"},"geometry":{"type":"MultiPolygon","coordinates":[[[[126.867944,37.227983],[126.924518,37.239025],[126.978642,37.256229],[127.029274,37.279265],[127.075436,37.30769],[127.116234,37.340955],[127.150873,37.378419],[127.178674,37.41936],[127.199088,37.462984],[127.211707,37.508448],[127.216268,37.554868],[127.212672,37.601342],[127.20097,37.646963],[127.181379,37.690842],[127.154268,37.732121],[127.120155,37.76999],[127.079701,37.803709],[127.033692,37.832615],[126.983027,37.856139],[126.928699,37.873819],[126.871776,37.885306],[126.81338,37.890373],[126.754662,37.888922],[126.696781,37.88098],[126.640876,37.866705],[126.588048,37.846377],[126.539336,37.820397],[126.495692,37.789276],[126.457967,37.753624],[126.426893,37.714142],[126.40307,37.671605],[126.38695,37.626843],[126.378835,37.580732],[126.378868,37.53417],[126.387035,37.488064],[126.403161,37.443311],[126.426918,37.400778],[126.457835,37.361289],[126.495304,37.325607],[126.53859,37.294419],[126.586855,37.26833],[126.639165,37.247838],[126.69451,37.23334],[126.751825,37.225113],[126.81001,37.223316],[126.867944,37.227983]]]]}},{"type":"Feature","properties":{"ident":"RK00031","name":"GUNSAN TCA AREA A","type":"Terminal Control Area","airspaceClass":"C","upper":"5 000 AGL","upperFt":5000,"upperRef":"AGL","lower":"SFC","lowerFt":0,"lowerRef":"SFC","remarks":"Classification","category":"공역등급","source":"국토교통부 공역정보 KMZ","cycle":"AIP 2026년 10차"},"geometry":{"type":"MultiPolygon","coordinates":[[[[126.717392,35.915283],[126.71443,35.926674],[126.709547,35.937619],[126.702838,35.947904],[126.69443,35.957329],[126.684489,35.965711],[126.673209,35.972885],[126.660807,35.978712],[126.647528,35.983078],[126.633629,35.985897],[126.619381,35.987115],[126.605064,35.986709],[126.590956,35.984685],[126.577334,35.981083],[126.564462,35.975975],[126.552592,35.969458],[126.541956,35.961661],[126.532759,35.952736],[126.525182,35.942857],[126.519371,35.932216],[126.51544,35.92102],[126.513462,35.909489],[126.513477,35.897846],[126.515484,35.886318],[126.519441,35.875129],[126.525271,35.864497],[126.532862,35.854628],[126.542063,35.845715],[126.552696,35.83793],[126.564555,35.831425],[126.577409,35.826325],[126.591007,35.822731],[126.605086,35.820711],[126.619374,35.820305],[126.633592,35.821521],[126.647464,35.824335],[126.660723,35.828692],[126.673109,35.834509],[126.684382,35.841671],[126.694324,35.850041],[126.70274,35.859454],[126.709468,35.86973],[126.714373,35.880667],[126.717362,35.892053],[126.718375,35.903667],[126.717392,35.915283]]]]}},{"type":"Feature","properties":{"ident":"RK00134","name":"GUNSAN TCA AREA B","type":"Terminal Control Area","airspaceClass":"C","upper":"5 000 AGL","upperFt":5000,"upperRef":"AGL","lower":"1 000 AGL","lowerFt":1000,"lowerRef":"AGL","remarks":"Classification","category":"공역등급","source":"국토교통부 공역정보 KMZ","cycle":"AIP 2026년 10차"},"geometry":{"type":"MultiPolygon","coordinates":[[[[126.818694,35.926636],[126.812798,35.949423],[126.803054,35.97132],[126.789651,35.991901],[126.772846,36.010763],[126.752966,36.027538],[126.730397,36.041898],[126.705579,36.053562],[126.678998,36.062302],[126.651173,36.067947],[126.622649,36.070386],[126.593985,36.069572],[126.565741,36.06552],[126.538472,36.05831],[126.512709,36.048083],[126.488958,36.035039],[126.467682,36.019433],[126.449294,36.001571],[126.434153,35.981801],[126.422552,35.96051],[126.414714,35.938113],[126.410788,35.915047],[126.410848,35.89176],[126.414889,35.868707],[126.422829,35.846335],[126.434511,35.82508],[126.449704,35.805354],[126.468113,35.787539],[126.489376,35.771981],[126.513082,35.758982],[126.538771,35.748793],[126.565944,35.741611],[126.594074,35.737575],[126.622619,35.736764],[126.651026,35.739194],[126.678746,35.744816],[126.70524,35.753522],[126.729997,35.765145],[126.752537,35.779458],[126.772422,35.796185],[126.789264,35.815001],[126.802734,35.835542],[126.812569,35.857408],[126.818575,35.880176],[126.820631,35.903403],[126.818694,35.926636]]]]}},{"type":"Feature","properties":{"ident":"RK00034","name":"GWANGJU TCA AREA A","type":"Terminal Control Area","airspaceClass":"C","upper":"5 000 AGL","upperFt":5000,"upperRef":"AGL","lower":"SFC","lowerFt":0,"lowerRef":"SFC","remarks":"Classification","category":"공역등급","source":"국토교통부 공역정보 KMZ","cycle":"AIP 2026년 10차"},"geometry":{"type":"MultiPolygon","coordinates":[[[[126.908849,35.13792],[126.905915,35.149313],[126.901078,35.160259],[126.894432,35.170545],[126.886106,35.179972],[126.876261,35.188354],[126.865088,35.195529],[126.852806,35.201356],[126.839654,35.205723],[126.825889,35.208542],[126.811779,35.209761],[126.797599,35.209354],[126.783627,35.20733],[126.770136,35.203728],[126.757388,35.198619],[126.745632,35.192102],[126.735097,35.184304],[126.725989,35.175378],[126.718484,35.165497],[126.712729,35.154855],[126.708835,35.143658],[126.706876,35.132125],[126.706891,35.120481],[126.708877,35.108951],[126.712796,35.097761],[126.71857,35.087127],[126.726088,35.077257],[126.735201,35.068342],[126.745732,35.060556],[126.757477,35.05405],[126.770208,35.04895],[126.783676,35.045355],[126.797621,35.043335],[126.811772,35.042929],[126.825853,35.044145],[126.839594,35.046959],[126.852724,35.051317],[126.864992,35.057135],[126.876158,35.064298],[126.886004,35.072669],[126.894339,35.082084],[126.901001,35.092361],[126.90586,35.1033],[126.90882,35.114687],[126.909823,35.126303],[126.908849,35.13792]]]]}},{"type":"Feature","properties":{"ident":"RK00143","name":"GWANGJU TCA AREA B","type":"Terminal Control Area","airspaceClass":"C","upper":"5 000 AGL","upperFt":5000,"upperRef":"AGL","lower":"1 000 AGL","lowerFt":1000,"lowerRef":"AGL","remarks":"Classification","category":"공역등급","source":"국토교통부 공역정보 KMZ","cycle":"AIP 2026년 10차"},"geometry":{"type":"MultiPolygon","coordinates":[[[[127.009742,35.149282],[127.003901,35.172072],[126.99425,35.193972],[126.980974,35.214554],[126.96433,35.233418],[126.944641,35.250194],[126.922288,35.264556],[126.89771,35.276221],[126.871385,35.284961],[126.843829,35.290607],[126.81558,35.293046],[126.787192,35.292231],[126.759221,35.288179],[126.732214,35.280969],[126.7067,35.270741],[126.683177,35.257696],[126.662105,35.242089],[126.643894,35.224225],[126.628898,35.204453],[126.617406,35.18316],[126.609642,35.16076],[126.605752,35.137691],[126.60581,35.114402],[126.60981,35.091346],[126.617673,35.068971],[126.629241,35.047712],[126.644288,35.027983],[126.662519,35.010165],[126.68358,34.994604],[126.707059,34.981603],[126.732502,34.971412],[126.759415,34.964229],[126.787278,34.960192],[126.815551,34.959381],[126.843687,34.961811],[126.871141,34.967434],[126.897383,34.976142],[126.921904,34.987767],[126.944228,35.002082],[126.963921,35.018812],[126.980601,35.037631],[126.993942,35.058175],[127.003681,35.080045],[127.009628,35.102816],[127.011662,35.126046],[127.009742,35.149282]]]]}},{"type":"Feature","properties":{"ident":"RK00086","name":"ICHEON CTLZ","type":"Terminal Control Area","airspaceClass":"D","upper":"3 000 AGL","upperFt":3000,"upperRef":"AGL","lower":"SFC","lowerFt":0,"lowerRef":"SFC","remarks":"Classification","category":"공역등급","source":"국토교통부 공역정보 KMZ","cycle":"AIP 2026년 10차"},"geometry":{"type":"MultiPolygon","coordinates":[[[[127.575414,37.212354],[127.572403,37.223743],[127.567439,37.234685],[127.560616,37.244969],[127.552067,37.254392],[127.54196,37.262772],[127.530488,37.269945],[127.517878,37.275771],[127.504374,37.280136],[127.49024,37.282955],[127.475751,37.284173],[127.461192,37.283766],[127.446847,37.281743],[127.432993,37.278142],[127.419904,37.273034],[127.407834,37.266519],[127.397018,37.258723],[127.387667,37.2498],[127.379962,37.239922],[127.374054,37.229283],[127.370057,37.21809],[127.368047,37.206561],[127.368063,37.194921],[127.370103,37.183395],[127.374128,37.172209],[127.380058,37.161579],[127.387776,37.151713],[127.397133,37.142802],[127.407945,37.135019],[127.420003,37.128515],[127.433073,37.123417],[127.4469,37.119824],[127.461217,37.117805],[127.475743,37.117399],[127.4902,37.118614],[127.504306,37.121428],[127.517787,37.125784],[127.530382,37.131599],[127.541845,37.138759],[127.551954,37.147127],[127.560513,37.156538],[127.567353,37.166811],[127.572343,37.177746],[127.575383,37.189129],[127.576414,37.200741],[127.575414,37.212354]]]]}},{"type":"Feature","properties":{"ident":"RK00160","name":"INCHEON TCA AREA A","type":"Terminal Control Area","airspaceClass":"B","upper":"10 000 AMSL","upperFt":10000,"upperRef":"AMSL","lower":"SFC","lowerFt":0,"lowerRef":"SFC","remarks":"Classification","category":"공역등급","source":"국토교통부 공역정보 KMZ","cycle":"AIP 2026년 10차"},"geometry":{"type":"MultiPolygon","coordinates":[[[[126.619444,37.394167],[126.541916,37.446662],[126.543834,37.462004],[126.541549,37.479891],[126.535418,37.495324],[126.525658,37.509522],[126.512636,37.52195],[126.496843,37.532139],[126.478872,37.539705],[126.459402,37.544362],[126.453406,37.545155],[126.416667,37.6225],[126.256944,37.532222],[126.336671,37.479454],[126.334511,37.463805],[126.336176,37.447672],[126.341715,37.432098],[126.350919,37.41767],[126.363438,37.40493],[126.378802,37.394356],[126.396432,37.386345],[126.415666,37.381199],[126.423766,37.37998],[126.46,37.304167],[126.619444,37.394167]]]]}},{"type":"Feature","properties":{"ident":"RK00133","name":"INCHEON TCA AREA B","type":"Terminal Control Area","airspaceClass":"B","upper":"10 000 AMSL","upperFt":10000,"upperRef":"AMSL","lower":"1 000 AGL","lowerFt":1000,"lowerRef":"AGL","remarks":"Classification","category":"공역등급","source":"국토교통부 공역정보 KMZ","cycle":"AIP 2026년 10차"},"geometry":{"type":"MultiPolygon","coordinates":[[[[126.3725,37.671944],[126.212778,37.581667],[126.25214,37.537604],[126.246584,37.528068],[126.239527,37.512868],[126.234357,37.497193],[126.231122,37.481193],[126.229831,37.463216],[126.230754,37.447026],[126.233641,37.430983],[126.238465,37.415239],[126.245179,37.399943],[126.253717,37.385237],[126.264,37.371261],[126.275929,37.358146],[126.290977,37.344732],[126.322261,37.324135],[126.357921,37.30874],[126.396621,37.299121],[126.439168,37.295631],[126.466314,37.297044],[126.524444,37.231389],[126.683889,37.321389],[126.625774,37.387027],[126.633157,37.399943],[126.63987,37.415239],[126.644694,37.430983],[126.647582,37.447026],[126.648504,37.463216],[126.647214,37.481193],[126.643978,37.497193],[126.638808,37.512868],[126.631751,37.528068],[126.622873,37.542652],[126.612256,37.556479],[126.586221,37.581353],[126.554625,37.601748],[126.518658,37.616895],[126.47968,37.626218],[126.439168,37.629366],[126.411813,37.627937],[126.3725,37.671944]]]]}},{"type":"Feature","properties":{"ident":"RK00132","name":"INCHEON TCA AREA C","type":"Terminal Control Area","airspaceClass":"B","upper":"10 000 AMSL","upperFt":10000,"upperRef":"AMSL","lower":"5 000 AGL","lowerFt":5000,"lowerRef":"AGL","remarks":"Classification","category":"공역등급","source":"국토교통부 공역정보 KMZ","cycle":"AIP 2026년 10차"},"geometry":{"type":"MultiPolygon","coordinates":[[[[126.479605,37.130324],[126.521873,37.135362],[126.561131,37.143294],[126.599254,37.154226],[126.637869,37.168905],[126.672554,37.185652],[126.705062,37.205002],[126.735087,37.226777],[126.763774,37.252164],[126.787836,37.278258],[126.808632,37.30609],[126.825965,37.3354],[126.84032,37.367638],[126.850047,37.399109],[126.855909,37.431183],[126.857844,37.46356],[126.855602,37.497727],[126.849435,37.529765],[126.839387,37.561176],[126.825549,37.59166],[126.808048,37.62093],[126.787045,37.648708],[126.762736,37.674729],[126.735349,37.698747],[126.703387,37.721674],[126.670512,37.740879],[126.635431,37.757451],[126.598477,37.771231],[126.560001,37.782087],[126.520371,37.789917],[126.479964,37.794645],[126.439168,37.796226],[126.398371,37.794645],[126.357965,37.789917],[126.318334,37.782087],[126.279859,37.771231],[126.242904,37.757451],[126.207823,37.740879],[126.174949,37.721674],[126.142986,37.698747],[126.115599,37.674729],[126.09129,37.648708],[126.070288,37.62093],[126.052786,37.59166],[126.038949,37.561176],[126.028901,37.529765],[126.022734,37.497727],[126.020492,37.46356],[126.022427,37.431183],[126.028288,37.399109],[126.038016,37.367638],[126.05237,37.3354],[126.069703,37.30609],[126.0905,37.278258],[126.114561,37.252164],[126.143249,37.226777],[126.173274,37.205002],[126.205781,37.185652],[126.240467,37.168905],[126.279082,37.154226],[126.317204,37.143294],[126.356463,37.135362],[126.398731,37.130324],[126.439168,37.128756],[126.479605,37.130324]]]]}},{"type":"Feature","properties":{"ident":null,"name":"INCHEON_GIMPO TCA AREA B","type":"Terminal Control Area","airspaceClass":"B","upper":null,"upperFt":null,"upperRef":null,"lower":null,"lowerFt":null,"lowerRef":null,"remarks":"Classification","category":"공역등급","source":"국토교통부 공역정보 KMZ","cycle":"AIP 2026년 10차"},"geometry":{"type":"MultiPolygon","coordinates":[[[[127.003866,37.586331],[127.003457,37.588103],[127.003025,37.589871],[127.002569,37.591635],[127.002089,37.593396],[127.001585,37.595152],[127.001057,37.596904],[127.000505,37.598651],[126.99993,37.600393],[126.999331,37.60213],[126.998708,37.603862],[126.998062,37.605589],[126.997392,37.60731],[126.9967,37.609025],[126.995984,37.610734],[126.995244,37.612437],[126.994482,37.614133],[126.993697,37.615822],[126.992888,37.617505],[126.992058,37.619181],[126.991203,37.620849],[126.990327,37.62251],[126.989428,37.624164],[126.988506,37.625809],[126.987563,37.627447],[126.986597,37.629076],[126.985608,37.630697],[126.984598,37.63231],[126.983566,37.633913],[126.982513,37.635508],[126.981437,37.637093],[126.98034,37.63867],[126.979223,37.640236],[126.978083,37.641793],[126.976922,37.64334],[126.975741,37.644877],[126.974538,37.646404],[126.973315,37.64792],[126.972071,37.649426],[126.970808,37.650921],[126.969523,37.652405],[126.968218,37.653878],[126.966894,37.655339],[126.965549,37.656789],[126.964186,37.658228],[126.962802,37.659654],[126.961399,37.661069],[126.959977,37.662472],[126.958536,37.663862],[126.957076,37.66524],[126.955598,37.666605],[126.954101,37.667957],[126.952585,37.669297],[126.951052,37.670623],[126.9495,37.671936],[126.947931,37.673235],[126.946344,37.674522],[126.944739,37.675794],[126.943118,37.677052],[126.941479,37.678297],[126.939824,37.679527],[126.938151,37.680743],[126.936463,37.681945],[126.934758,37.683132],[126.933037,37.684304],[126.9313,37.685461],[126.929547,37.686604],[126.927779,37.687731],[126.925996,37.688843],[126.924198,37.68994],[126.922384,37.691021],[126.920557,37.692086],[126.918714,37.693136],[126.916858,37.69417],[126.914987,37.695188],[126.913103,37.696189],[126.911205,37.697175],[126.909294,37.698144],[126.90737,37.699096],[126.905433,37.700032],[126.903483,37.700952],[126.901521,37.701854],[126.899546,37.702739],[126.89756,37.703608],[126.895562,37.704459],[126.893552,37.705294],[126.891532,37.70611],[126.8895,37.70691],[126.887457,37.707692],[126.885404,37.708456],[126.88334,37.709203],[126.881267,37.709932],[126.879183,37.710642],[126.87709,37.711336],[126.874989,37.712011],[126.872877,37.712667],[126.870757,37.713306],[126.868628,37.713927],[126.866491,37.714529],[126.864345,37.715112],[126.862193,37.715678],[126.860032,37.716224],[126.857864,37.716753],[126.855688,37.717262],[126.853507,37.717753],[126.851318,37.718225],[126.849123,37.718678],[126.846922,37.719112],[126.844716,37.719527],[126.842504,37.719924],[126.840286,37.720301],[126.838064,37.720659],[126.835836,37.720998],[126.833605,37.721318],[126.831369,37.721619],[126.829129,37.7219],[126.826885,37.722162],[126.824638,37.722405],[126.822388,37.722629],[126.820134,37.722833],[126.817878,37.723018],[126.81562,37.723183],[126.81336,37.723329],[126.811098,37.723456],[126.808834,37.723563],[126.806568,37.723651],[126.804302,37.723719],[126.802036,37.723768],[126.799768,37.723797],[126.7975,37.723807],[126.795232,37.723797],[126.792964,37.723768],[126.790697,37.723719],[126.788431,37.723651],[126.786166,37.723563],[126.783902,37.723456],[126.78164,37.723329],[126.779379,37.723183],[126.777121,37.723018],[126.774865,37.722833],[126.772612,37.722629],[126.770362,37.722405],[126.768115,37.722162],[126.765871,37.7219],[126.763631,37.721619],[126.761395,37.721318],[126.759163,37.720998],[126.756936,37.720659],[126.754713,37.720301],[126.752496,37.719924],[126.750284,37.719527],[126.748077,37.719112],[126.745876,37.718678],[126.743681,37.718225],[126.741493,37.717753],[126.739311,37.717262],[126.737136,37.716753],[126.734968,37.716224],[126.732807,37.715678],[126.730654,37.715112],[126.728509,37.714529],[126.726372,37.713927],[126.724243,37.713306],[126.722123,37.712667],[126.720011,37.712011],[126.717909,37.711336],[126.715817,37.710642],[126.713733,37.709932],[126.711659,37.709203],[126.709596,37.708456],[126.707542,37.707692],[126.7055,37.70691],[126.703468,37.70611],[126.701448,37.705294],[126.699438,37.704459],[126.69744,37.703608],[126.695453,37.702739],[126.693479,37.701854],[126.691517,37.700952],[126.689567,37.700032],[126.68763,37.699096],[126.685706,37.698144],[126.683795,37.697175],[126.681897,37.696189],[126.680013,37.695188],[126.678142,37.69417],[126.676285,37.693136],[126.674443,37.692086],[126.672615,37.691021],[126.670802,37.68994],[126.669004,37.688843],[126.66722,37.687731],[126.665452,37.686604],[126.6637,37.685461],[126.661963,37.684304],[126.660242,37.683132],[126.658537,37.681945],[126.656848,37.680743],[126.655176,37.679527],[126.65352,37.678297],[126.651882,37.677052],[126.65026,37.675794],[126.648656,37.674522],[126.647069,37.673235],[126.645499,37.671936],[126.643948,37.670623],[126.642415,37.669297],[126.640899,37.667957],[126.639402,37.666605],[126.637923,37.66524],[126.636464,37.663862],[126.635023,37.662472],[126.6336,37.661069],[126.632198,37.659654],[126.630814,37.658228],[126.629451,37.656789],[126.628106,37.655339],[126.626782,37.653878],[126.625477,37.652405],[126.624192,37.650921],[126.622928,37.649426],[126.621684,37.64792],[126.620461,37.646404],[126.619259,37.644877],[126.618077,37.64334],[126.616917,37.641793],[126.615777,37.640236],[126.614659,37.63867],[126.613562,37.637093],[126.612487,37.635508],[126.611434,37.633913],[126.610401,37.63231],[126.609391,37.630697],[126.608403,37.629076],[126.607437,37.627447],[126.606493,37.625809],[126.605572,37.624164],[126.604673,37.62251],[126.603796,37.620849],[126.602942,37.619181],[126.602112,37.617505],[126.601303,37.615822],[126.600518,37.614133],[126.599755,37.612437],[126.599016,37.610734],[126.5983,37.609025],[126.597607,37.60731],[126.596938,37.605589],[126.596291,37.603862],[126.595669,37.60213],[126.59507,37.600393],[126.594495,37.598651],[126.593943,37.596904],[126.593415,37.595152],[126.592911,37.593396],[126.592431,37.591635],[126.591975,37.589871],[126.591542,37.588103],[126.591134,37.586331],[126.59075,37.584555],[126.59039,37.582777],[126.590054,37.580995],[126.589742,37.579211],[126.589572,37.578152],[126.586221,37.581353],[126.580197,37.585243],[126.578875,37.586335],[126.568014,37.593107],[126.554625,37.601748],[126.518658,37.616895],[126.47968,37.626218],[126.439168,37.629366],[126.411813,37.627937],[126.3725,37.671944],[126.212778,37.581667],[126.25214,37.537604],[126.246584,37.528068],[126.239527,37.512868],[126.234357,37.497193],[126.231122,37.481193],[126.229831,37.463216],[126.230754,37.447026],[126.233641,37.430983],[126.238465,37.415239],[126.245179,37.399943],[126.253717,37.385237],[126.264,37.371261],[126.275929,37.358146],[126.290977,37.344732],[126.322261,37.324135],[126.357921,37.30874],[126.396621,37.299121],[126.439168,37.295631],[126.466314,37.297044],[126.524444,37.231389],[126.683889,37.321389],[126.625774,37.387027],[126.633157,37.399943],[126.63987,37.415239],[126.644694,37.430983],[126.646547,37.441276],[126.647536,37.44046],[126.649124,37.439177],[126.650727,37.437909],[126.652349,37.436655],[126.653987,37.435414],[126.655642,37.434188],[126.657314,37.432976],[126.659001,37.431778],[126.660704,37.430595],[126.662424,37.429427],[126.664159,37.428273],[126.665909,37.427134],[126.667676,37.426011],[126.669456,37.424903],[126.671252,37.42381],[126.673062,37.422733],[126.674887,37.421671],[126.676727,37.420625],[126.678579,37.419595],[126.680446,37.418581],[126.682326,37.417583],[126.68422,37.416601],[126.686127,37.415636],[126.688047,37.414687],[126.689979,37.413754],[126.691924,37.412839],[126.693882,37.41194],[126.69585,37.411057],[126.697831,37.410192],[126.699824,37.409344],[126.701827,37.408513],[126.703842,37.4077],[126.705868,37.406903],[126.707904,37.406125],[126.709951,37.405363],[126.712008,37.40462],[126.714075,37.403894],[126.716151,37.403186],[126.718237,37.402495],[126.720332,37.401823],[126.722436,37.401169],[126.724548,37.400533],[126.72667,37.399915],[126.728799,37.399315],[126.730936,37.398734],[126.733081,37.398171],[126.735234,37.397627],[126.737393,37.397101],[126.73956,37.396593],[126.741733,37.396105],[126.743913,37.395635],[126.746099,37.395184],[126.748291,37.394751],[126.750489,37.394338],[126.752692,37.393943],[126.7549,37.393568],[126.757113,37.393211],[126.759331,37.392873],[126.761554,37.392555],[126.76378,37.392255],[126.76601,37.391975],[126.768244,37.391714],[126.770482,37.391472],[126.772722,37.39125],[126.774965,37.391046],[126.777211,37.390862],[126.77946,37.390698],[126.78171,37.390552],[126.783962,37.390426],[126.786216,37.39032],[126.788471,37.390232],[126.790728,37.390164],[126.792985,37.390116],[126.795242,37.390087],[126.7975,37.390077],[126.799758,37.390087],[126.802015,37.390116],[126.804272,37.390164],[126.806528,37.390232],[126.808783,37.39032],[126.811037,37.390426],[126.813289,37.390552],[126.81554,37.390698],[126.817788,37.390862],[126.820034,37.391046],[126.822278,37.39125],[126.824518,37.391472],[126.826756,37.391714],[126.828989,37.391975],[126.83122,37.392255],[126.833446,37.392555],[126.835669,37.392873],[126.837886,37.393211],[126.8401,37.393568],[126.842308,37.393943],[126.844511,37.394338],[126.846709,37.394751],[126.848901,37.395184],[126.851087,37.395635],[126.853266,37.396105],[126.85544,37.396593],[126.857607,37.397101],[126.859766,37.397627],[126.861918,37.398171],[126.864063,37.398734],[126.866201,37.399315],[126.86833,37.399915],[126.870451,37.400533],[126.872564,37.401169],[126.874668,37.401823],[126.876763,37.402495],[126.878849,37.403186],[126.880925,37.403894],[126.882992,37.40462],[126.885049,37.405363],[126.887096,37.406125],[126.889132,37.406903],[126.891158,37.4077],[126.893173,37.408513],[126.895176,37.409344],[126.897168,37.410192],[126.899149,37.411057],[126.901118,37.41194],[126.903076,37.412839],[126.905021,37.413754],[126.906953,37.414687],[126.908873,37.415636],[126.91078,37.416601],[126.912673,37.417583],[126.914554,37.418581],[126.916421,37.419595],[126.918273,37.420625],[126.920113,37.421671],[126.921937,37.422733],[126.923748,37.42381],[126.925543,37.424903],[126.927324,37.426011],[126.92909,37.427134],[126.930841,37.428273],[126.932576,37.429427],[126.934296,37.430595],[126.935999,37.431778],[126.937686,37.432976],[126.939358,37.434188],[126.941013,37.435414],[126.942651,37.436655],[126.944272,37.437909],[126.945876,37.439177],[126.947464,37.44046],[126.949033,37.441755],[126.950586,37.443064],[126.95212,37.444387],[126.953636,37.445722],[126.955135,37.44707],[126.956615,37.448432],[126.958076,37.449806],[126.959519,37.451192],[126.960943,37.452591],[126.962349,37.454001],[126.963735,37.455424],[126.965101,37.456859],[126.966448,37.458305],[126.967776,37.459763],[126.969084,37.461232],[126.970372,37.462712],[126.97164,37.464204],[126.972887,37.465706],[126.974115,37.467218],[126.975322,37.468741],[126.976508,37.470275],[126.977673,37.471818],[126.978818,37.473372],[126.979941,37.474935],[126.981043,37.476508],[126.982124,37.47809],[126.983183,37.479681],[126.984222,37.481282],[126.985237,37.482891],[126.986232,37.484509],[126.987204,37.486135],[126.988154,37.48777],[126.989082,37.489412],[126.989988,37.491063],[126.990872,37.492721],[126.991733,37.494387],[126.992571,37.49606],[126.993387,37.49774],[126.99418,37.499427],[126.994951,37.501121],[126.995698,37.502821],[126.996422,37.504527],[126.997123,37.50624],[126.9978,37.507959],[126.998455,37.509683],[126.999087,37.511413],[126.999694,37.513148],[127.000278,37.514889],[127.000839,37.516634],[127.001375,37.518384],[127.001888,37.520138],[127.002378,37.521897],[127.002843,37.52366],[127.003285,37.525427],[127.003703,37.527197],[127.004096,37.528971],[127.004466,37.530748],[127.004812,37.532529],[127.005133,37.534312],[127.00543,37.536098],[127.005703,37.537886],[127.005952,37.539676],[127.006176,37.541469],[127.006377,37.543263],[127.006552,37.545059],[127.006704,37.546857],[127.006831,37.548655],[127.006933,37.550455],[127.007012,37.552255],[127.007066,37.554056],[127.007096,37.555857],[127.007101,37.557659],[127.007081,37.55946],[127.007037,37.561261],[127.006969,37.563062],[127.006877,37.564862],[127.006759,37.566661],[127.006618,37.568459],[127.006452,37.570255],[127.006261,37.57205],[127.006047,37.573844],[127.005808,37.575635],[127.005545,37.577424],[127.005257,37.579211],[127.004946,37.580995],[127.00461,37.582777],[127.00425,37.584555],[127.003866,37.586331]]]]}},{"type":"Feature","properties":{"ident":null,"name":"INCHEON_GIMPO TCA AREA C","type":"Terminal Control Area","airspaceClass":"B","upper":null,"upperFt":null,"upperRef":null,"lower":null,"lowerFt":null,"lowerRef":null,"remarks":"Classification","category":"공역등급","source":"국토교통부 공역정보 KMZ","cycle":"AIP 2026년 10차"},"geometry":{"type":"MultiPolygon","coordinates":[[[[127.079701,37.803709],[127.033692,37.832615],[126.983027,37.856139],[126.928699,37.873819],[126.871776,37.885306],[126.81338,37.890373],[126.754662,37.888922],[126.696781,37.88098],[126.640876,37.866705],[126.588048,37.846377],[126.539336,37.820397],[126.499943,37.792309],[126.479964,37.794645],[126.439168,37.796226],[126.398371,37.794645],[126.357965,37.789917],[126.318334,37.782087],[126.279859,37.771231],[126.242904,37.757451],[126.207823,37.740879],[126.174949,37.721674],[126.142986,37.698747],[126.115599,37.674729],[126.09129,37.648708],[126.070288,37.62093],[126.052786,37.59166],[126.038949,37.561176],[126.028901,37.529765],[126.022734,37.497727],[126.020492,37.46356],[126.022427,37.431183],[126.028288,37.399109],[126.038016,37.367638],[126.05237,37.3354],[126.069703,37.30609],[126.0905,37.278258],[126.114561,37.252164],[126.143249,37.226777],[126.173274,37.205002],[126.205781,37.185652],[126.240467,37.168905],[126.279082,37.154226],[126.317204,37.143294],[126.356463,37.135362],[126.398731,37.130324],[126.439168,37.128756],[126.479605,37.130324],[126.521873,37.135362],[126.561131,37.143294],[126.599254,37.154226],[126.637869,37.168905],[126.672554,37.185652],[126.705062,37.205002],[126.735087,37.226777],[126.735808,37.227415],[126.751825,37.225113],[126.81001,37.223316],[126.867944,37.227983],[126.924518,37.239025],[126.978642,37.256229],[127.029274,37.279265],[127.075436,37.30769],[127.116234,37.340955],[127.150873,37.378419],[127.178674,37.41936],[127.199088,37.462984],[127.211707,37.508448],[127.216268,37.554868],[127.212672,37.601342],[127.20097,37.646963],[127.181379,37.690842],[127.154268,37.732121],[127.120155,37.76999],[127.079701,37.803709]]]]}},{"type":"Feature","properties":{"ident":"RK00172","name":"JEJU TCA AREA A","type":"Terminal Control Area","airspaceClass":"B","upper":"10 000 AMSL","upperFt":10000,"upperRef":"AMSL","lower":"SFC","lowerFt":0,"lowerRef":"SFC","remarks":"Classification","category":"공역등급","source":"국토교통부 공역정보 KMZ","cycle":"AIP 2026년 10차"},"geometry":{"type":"MultiPolygon","coordinates":[[[[126.494783,33.428781],[126.496926,33.428839],[126.499067,33.428936],[126.501205,33.429071],[126.503339,33.429245],[126.505468,33.429456],[126.507591,33.429706],[126.509707,33.429995],[126.511816,33.430322],[126.513915,33.430686],[126.516005,33.431088],[126.518084,33.431528],[126.520151,33.432005],[126.522205,33.43252],[126.524246,33.433071],[126.526272,33.433659],[126.528283,33.434283],[126.530277,33.434943],[126.532254,33.43564],[126.534212,33.436371],[126.536152,33.437138],[126.538071,33.43794],[126.539969,33.438775],[126.541846,33.439646],[126.5437,33.440549],[126.54553,33.441486],[126.547335,33.442456],[126.549116,33.443458],[126.55087,33.444492],[126.552597,33.445556],[126.554297,33.446652],[126.555969,33.447779],[126.557611,33.448935],[126.559223,33.450121],[126.560804,33.451335],[126.562353,33.452578],[126.563871,33.453848],[126.565356,33.455145],[126.566807,33.456469],[126.568223,33.457819],[126.569605,33.459193],[126.570952,33.460593],[126.572262,33.462016],[126.573535,33.463463],[126.574771,33.464932],[126.575969,33.466423],[126.577129,33.467935],[126.578249,33.469468],[126.579329,33.471021],[126.58037,33.472593],[126.58137,33.474184],[126.58233,33.475792],[126.583247,33.477417],[126.584123,33.479058],[126.584956,33.480714],[126.585747,33.482385],[126.586495,33.48407],[126.587199,33.485769],[126.58786,33.487478],[126.588476,33.4892],[126.589048,33.490933],[126.589576,33.492675],[126.590059,33.494427],[126.590496,33.496187],[126.590888,33.497954],[126.591236,33.499728],[126.591537,33.501508],[126.591792,33.503293],[126.592002,33.505082],[126.592165,33.506875],[126.592283,33.50867],[126.592354,33.510466],[126.59238,33.512264],[126.592362,33.513778],[126.592292,33.515858],[126.592178,33.517654],[126.592019,33.519446],[126.591814,33.521236],[126.591562,33.523021],[126.591265,33.524801],[126.590923,33.526576],[126.590534,33.528344],[126.5901,33.530105],[126.589622,33.531857],[126.589098,33.5336],[126.58853,33.535334],[126.587917,33.537057],[126.58726,33.538768],[126.586559,33.540468],[126.585815,33.542154],[126.585027,33.543826],[126.584197,33.545484],[126.583324,33.547126],[126.582409,33.548752],[126.581452,33.550362],[126.580455,33.551954],[126.579417,33.553527],[126.578338,33.555081],[126.57722,33.556616],[126.576062,33.55813],[126.574866,33.559623],[126.573632,33.561094],[126.57236,33.562542],[126.571051,33.563967],[126.569706,33.565369],[126.568325,33.566745],[126.566909,33.568096],[126.565458,33.569422],[126.563974,33.570721],[126.562457,33.571994],[126.560907,33.573238],[126.559325,33.574454],[126.557713,33.575641],[126.55607,33.576799],[126.554398,33.577928],[126.552697,33.579025],[126.550969,33.580093],[126.549213,33.581128],[126.547431,33.582132],[126.545624,33.583103],[126.543792,33.584041],[126.541937,33.584946],[126.540058,33.585818],[126.538158,33.586656],[126.536236,33.587459],[126.534294,33.588227],[126.532333,33.58896],[126.530353,33.589657],[126.528356,33.590319],[126.526342,33.590945],[126.524313,33.591534],[126.522269,33.592086],[126.520211,33.592602],[126.51814,33.59308],[126.516058,33.593521],[126.513965,33.593924],[126.511861,33.59429],[126.509749,33.594617],[126.507629,33.594906],[126.505502,33.595157],[126.503369,33.595369],[126.501231,33.595544],[126.499089,33.595679],[126.496944,33.595776],[126.494797,33.595834],[126.492649,33.595853],[126.490501,33.595834],[126.488354,33.595776],[126.486209,33.59568],[126.484067,33.595544],[126.481929,33.59537],[126.479796,33.595158],[126.477669,33.594907],[126.475549,33.594618],[126.473437,33.594291],[126.471333,33.593926],[126.46924,33.593523],[126.467158,33.593082],[126.465087,33.592604],[126.463029,33.592089],[126.460985,33.591537],[126.458956,33.590948],[126.456942,33.590322],[126.454944,33.589661],[126.452965,33.588963],[126.451003,33.58823],[126.449061,33.587462],[126.44714,33.586659],[126.445239,33.585822],[126.443361,33.58495],[126.441505,33.584046],[126.439673,33.583107],[126.437865,33.582136],[126.436083,33.581133],[126.434328,33.580097],[126.432599,33.57903],[126.430898,33.577933],[126.429226,33.576805],[126.427583,33.575647],[126.425971,33.57446],[126.424389,33.573243],[126.422839,33.571999],[126.421321,33.570727],[126.419837,33.569428],[126.418386,33.568103],[126.41697,33.566752],[126.415589,33.565375],[126.414243,33.563974],[126.412934,33.562549],[126.411663,33.561101],[126.410428,33.55963],[126.409232,33.558137],[126.408074,33.556623],[126.406955,33.555089],[126.405877,33.553534],[126.404838,33.551961],[126.403841,33.550369],[126.402884,33.54876],[126.401969,33.547134],[126.401096,33.545491],[126.400265,33.543833],[126.399478,33.542161],[126.398733,33.540475],[126.398032,33.538776],[126.397375,33.537065],[126.396762,33.535342],[126.396193,33.533608],[126.395669,33.531865],[126.39519,33.530113],[126.394756,33.528352],[126.394368,33.526584],[126.394025,33.52481],[126.393727,33.523029],[126.393476,33.521244],[126.39327,33.519455],[126.393111,33.517662],[126.392997,33.515867],[126.39293,33.51407],[126.392909,33.512272],[126.392934,33.510475],[126.393005,33.508678],[126.393122,33.506883],[126.393286,33.505091],[126.393495,33.503302],[126.393751,33.501517],[126.394051,33.499737],[126.394398,33.497963],[126.39479,33.496195],[126.395228,33.494436],[126.395711,33.492683],[126.396238,33.490941],[126.39681,33.489208],[126.397426,33.487486],[126.398086,33.485776],[126.398791,33.484078],[126.399538,33.482393],[126.400328,33.480722],[126.401162,33.479065],[126.402037,33.477424],[126.402955,33.475799],[126.403914,33.474191],[126.404913,33.472601],[126.405954,33.471029],[126.407035,33.469476],[126.408155,33.467942],[126.409314,33.46643],[126.410512,33.464939],[126.411747,33.463469],[126.413021,33.462023],[126.414331,33.460599],[126.415677,33.4592],[126.417059,33.457825],[126.418475,33.456475],[126.419926,33.455151],[126.421411,33.453854],[126.422928,33.452583],[126.424477,33.451341],[126.426058,33.450126],[126.42767,33.448941],[126.429312,33.447784],[126.430984,33.446658],[126.432683,33.445561],[126.434411,33.444496],[126.436165,33.443462],[126.438006,33.442428],[126.43975,33.441491],[126.44158,33.440554],[126.443434,33.43965],[126.44531,33.438779],[126.447209,33.437943],[126.449128,33.437142],[126.451067,33.436375],[126.453026,33.435643],[126.455002,33.434947],[126.456996,33.434286],[126.459007,33.433662],[126.461033,33.433074],[126.463074,33.432522],[126.465128,33.432008],[126.467195,33.431531],[126.469274,33.43109],[126.471364,33.430688],[126.473463,33.430323],[126.475572,33.429997],[126.477688,33.429708],[126.479811,33.429457],[126.48194,33.429245],[126.484074,33.429071],[126.486212,33.428936],[126.488353,33.42884],[126.490495,33.428782],[126.492639,33.428762],[126.494783,33.428781]]]]}},{"type":"Feature","properties":{"ident":"RK00","name":"JEJU TCA AREA B","type":"Terminal Control Area","airspaceClass":"B","upper":"10 000 AMSL","upperFt":10000,"upperRef":"AMSL","lower":"1 000 AMSL","lowerFt":1000,"lowerRef":"AMSL","remarks":"Classification","category":"공역등급","source":"국토교통부 공역정보 KMZ","cycle":"AIP 2026년 10차"},"geometry":{"type":"MultiPolygon","coordinates":[[[[126.592222,33.513333],[126.604687,33.513437],[126.617153,33.513542],[126.629618,33.513646],[126.642083,33.51375],[126.654549,33.513854],[126.667014,33.513958],[126.679479,33.514062],[126.691944,33.514167],[126.691979,33.514185],[126.691958,33.515537],[126.691907,33.517339],[126.691832,33.519141],[126.691735,33.520942],[126.691614,33.522742],[126.69147,33.524541],[126.691303,33.526338],[126.691112,33.528134],[126.690899,33.529927],[126.690662,33.531719],[126.690403,33.533509],[126.69012,33.535296],[126.689814,33.53708],[126.689485,33.538862],[126.689133,33.540641],[126.688759,33.542416],[126.688361,33.544188],[126.687941,33.545956],[126.687497,33.54772],[126.687031,33.54948],[126.686543,33.551236],[126.686032,33.552987],[126.685498,33.554733],[126.684941,33.556475],[126.684363,33.558211],[126.683761,33.559942],[126.683138,33.561668],[126.682492,33.563388],[126.681824,33.565101],[126.681134,33.566809],[126.680422,33.56851],[126.679688,33.570205],[126.678933,33.571893],[126.678155,33.573575],[126.677356,33.575249],[126.676535,33.576915],[126.675693,33.578575],[126.674829,33.580226],[126.673944,33.58187],[126.673038,33.583505],[126.672111,33.585132],[126.671163,33.586751],[126.670194,33.588361],[126.669204,33.589962],[126.668194,33.591554],[126.667163,33.593137],[126.666112,33.594711],[126.66504,33.596275],[126.663949,33.597829],[126.662837,33.599373],[126.661705,33.600907],[126.660554,33.60243],[126.659383,33.603944],[126.658192,33.605446],[126.656982,33.606938],[126.655753,33.608418],[126.654505,33.609888],[126.653238,33.611346],[126.651952,33.612792],[126.650648,33.614227],[126.649325,33.61565],[126.647983,33.617061],[126.646624,33.618459],[126.645246,33.619846],[126.643851,33.621219],[126.642438,33.62258],[126.641007,33.623929],[126.63956,33.625264],[126.638094,33.626586],[126.636612,33.627894],[126.635113,33.62919],[126.633598,33.630471],[126.632065,33.631739],[126.630517,33.632993],[126.628952,33.634232],[126.627372,33.635458],[126.625776,33.636669],[126.624164,33.637866],[126.622536,33.639048],[126.620894,33.640215],[126.619236,33.641367],[126.617564,33.642505],[126.615877,33.643627],[126.614176,33.644733],[126.61246,33.645825],[126.61073,33.6469],[126.608987,33.64796],[126.60723,33.649005],[126.605459,33.650033],[126.603676,33.651045],[126.601879,33.652041],[126.600069,33.653021],[126.598247,33.653984],[126.596413,33.654931],[126.594566,33.655861],[126.592708,33.656774],[126.590837,33.65767],[126.588955,33.65855],[126.587062,33.659412],[126.585158,33.660257],[126.583243,33.661085],[126.581318,33.661896],[126.579382,33.662689],[126.577436,33.663465],[126.57548,33.664223],[126.573514,33.664963],[126.571539,33.665685],[126.569554,33.66639],[126.567561,33.667076],[126.565558,33.667745],[126.563547,33.668395],[126.561528,33.669027],[126.559501,33.669641],[126.557466,33.670236],[126.555423,33.670813],[126.553373,33.671372],[126.551316,33.671912],[126.549252,33.672433],[126.547182,33.672935],[126.545105,33.673419],[126.543021,33.673884],[126.540932,33.67433],[126.538838,33.674758],[126.536738,33.675166],[126.534632,33.675555],[126.532522,33.675925],[126.530407,33.676276],[126.528288,33.676608],[126.526164,33.676921],[126.524037,33.677214],[126.521906,33.677489],[126.519771,33.677744],[126.517633,33.677979],[126.515493,33.678196],[126.513349,33.678392],[126.511204,33.67857],[126.509056,33.678728],[126.506906,33.678867],[126.504754,33.678986],[126.502601,33.679086],[126.500447,33.679166],[126.498292,33.679227],[126.496137,33.679268],[126.49398,33.67929],[126.491824,33.679292],[126.489668,33.679275],[126.487512,33.679239],[126.485357,33.679183],[126.483203,33.679107],[126.481049,33.679012],[126.478897,33.678897],[126.476747,33.678763],[126.474599,33.67861],[126.472452,33.678437],[126.470309,33.678244],[126.468167,33.678033],[126.466029,33.677802],[126.463893,33.677551],[126.461761,33.677282],[126.459633,33.676993],[126.457509,33.676685],[126.455388,33.676357],[126.453272,33.676011],[126.451161,33.675645],[126.449054,33.675261],[126.446953,33.674857],[126.444857,33.674434],[126.442767,33.673993],[126.440682,33.673532],[126.438603,33.673053],[126.436531,33.672555],[126.434466,33.672038],[126.432407,33.671503],[126.430355,33.670949],[126.428311,33.670376],[126.426274,33.669785],[126.424245,33.669176],[126.422224,33.668548],[126.420211,33.667902],[126.418207,33.667238],[126.416211,33.666556],[126.414224,33.665856],[126.412247,33.665137],[126.410279,33.664402],[126.40832,33.663648],[126.406372,33.662876],[126.404433,33.662087],[126.402505,33.661281],[126.400588,33.660457],[126.398681,33.659616],[126.396785,33.658758],[126.394901,33.657882],[126.393028,33.65699],[126.391166,33.656081],[126.389317,33.655155],[126.387479,33.654212],[126.385654,33.653253],[126.383842,33.652277],[126.382042,33.651285],[126.380255,33.650277],[126.378481,33.649252],[126.376721,33.648212],[126.374974,33.647156],[126.373241,33.646084],[126.371522,33.644996],[126.369817,33.643893],[126.368127,33.642775],[126.366451,33.641641],[126.36479,33.640492],[126.363144,33.639329],[126.361513,33.63815],[126.359897,33.636957],[126.358297,33.635749],[126.356713,33.634527],[126.355145,33.633291],[126.353592,33.63204],[126.352056,33.630776],[126.350537,33.629498],[126.349034,33.628206],[126.347547,33.6269],[126.346078,33.625581],[126.344626,33.624249],[126.343191,33.622904],[126.341774,33.621546],[126.340375,33.620176],[126.338993,33.618792],[126.337629,33.617397],[126.336283,33.615989],[126.334956,33.614569],[126.333647,33.613137],[126.332357,33.611693],[126.331085,33.610238],[126.329832,33.608771],[126.328599,33.607293],[126.327384,33.605804],[126.326189,33.604304],[126.325013,33.602794],[126.323857,33.601272],[126.322721,33.599741],[126.321604,33.598199],[126.320508,33.596647],[126.319431,33.595086],[126.318375,33.593515],[126.317339,33.591934],[126.316324,33.590344],[126.315329,33.588745],[126.314355,33.587137],[126.313402,33.58552],[126.31247,33.583895],[126.311559,33.582262],[126.310669,33.58062],[126.3098,33.578971],[126.308953,33.577313],[126.308127,33.575648],[126.307323,33.573976],[126.30654,33.572296],[126.305779,33.57061],[126.30504,33.568917],[126.304323,33.567217],[126.303627,33.565511],[126.302954,33.563798],[126.302303,33.56208],[126.301674,33.560356],[126.301068,33.558626],[126.300484,33.556891],[126.299922,33.555151],[126.299383,33.553405],[126.298866,33.551655],[126.298372,33.5499],[126.297901,33.548141],[126.297452,33.546378],[126.297026,33.544611],[126.296623,33.54284],[126.296243,33.541066],[126.295886,33.539288],[126.295551,33.537507],[126.29524,33.535723],[126.294952,33.533937],[126.294686,33.532148],[126.294444,33.530357],[126.294225,33.528563],[126.294029,33.526768],[126.293856,33.524971],[126.293707,33.523172],[126.293581,33.521373],[126.293477,33.519572],[126.293397,33.517771],[126.293341,33.515968],[126.293307,33.514166],[126.293297,33.512363],[126.29331,33.51056],[126.293346,33.508758],[126.293406,33.506956],[126.293488,33.505154],[126.293594,33.503354],[126.293723,33.501554],[126.293875,33.499756],[126.294051,33.497959],[126.294249,33.496164],[126.294471,33.494371],[126.294716,33.49258],[126.294983,33.490791],[126.295274,33.489005],[126.295588,33.487221],[126.295925,33.485441],[126.296284,33.483663],[126.296667,33.481889],[126.297072,33.480119],[126.2975,33.478352],[126.297951,33.476589],[126.298424,33.474831],[126.29892,33.473077],[126.299439,33.471327],[126.29998,33.469582],[126.300544,33.467842],[126.301129,33.466108],[126.301738,33.464379],[126.302368,33.462655],[126.30302,33.460937],[126.303695,33.459225],[126.304392,33.45752],[126.30511,33.455821],[126.30585,33.454128],[126.306612,33.452442],[126.307396,33.450763],[126.308201,33.449092],[126.309028,33.447427],[126.309876,33.445771],[126.310745,33.444122],[126.311635,33.442481],[126.312547,33.440848],[126.313479,33.439223],[126.314432,33.437607],[126.315406,33.436],[126.316401,33.434402],[126.317416,33.432812],[126.318451,33.431232],[126.319506,33.429662],[126.320582,33.428101],[126.321678,33.42655],[126.322793,33.425009],[126.323929,33.423478],[126.325084,33.421957],[126.326258,33.420447],[126.327452,33.418948],[126.328665,33.417459],[126.329897,33.415982],[126.331148,33.414516],[126.332417,33.413061],[126.333705,33.411618],[126.335012,33.410186],[126.336337,33.408767],[126.33768,33.407359],[126.339041,33.405964],[126.34042,33.404581],[126.341817,33.403211],[126.343231,33.401853],[126.344663,33.400508],[126.346111,33.399177],[126.347577,33.397858],[126.34906,33.396553],[126.350559,33.395261],[126.352075,33.393983],[126.353607,33.392719],[126.355155,33.391468],[126.356719,33.390232],[126.358299,33.38901],[126.359894,33.387802],[126.361505,33.386609],[126.363131,33.38543],[126.364773,33.384266],[126.366429,33.383117],[126.368099,33.381984],[126.369784,33.380865],[126.371484,33.379761],[126.373197,33.378673],[126.374924,33.377601],[126.376665,33.376544],[126.378419,33.375503],[126.380187,33.374478],[126.381935,33.373488],[126.381944,33.373611],[126.389841,33.383532],[126.397738,33.393452],[126.405635,33.403373],[126.413532,33.413294],[126.421429,33.423214],[126.429325,33.433135],[126.437222,33.443056],[126.428932,33.448216],[126.421215,33.454201],[126.414154,33.460946],[126.406997,33.469682],[126.401112,33.47932],[126.397476,33.487515],[126.394877,33.496095],[126.393355,33.50493],[126.39314,33.517337],[126.395119,33.529587],[126.398735,33.540413],[126.403958,33.550563],[126.410492,33.559736],[126.418191,33.567957],[126.427091,33.575326],[126.43681,33.581575],[126.446825,33.586539],[126.457301,33.590436],[126.465819,33.592775],[126.474489,33.594461],[126.483263,33.595482],[126.49234,33.595851],[126.501418,33.595524],[126.510445,33.594504],[126.52318,33.591828],[126.535526,33.587717],[126.544454,33.583669],[126.552964,33.578805],[126.560942,33.573153],[126.568294,33.566708],[126.575368,33.558915],[126.581411,33.550297],[126.585852,33.541868],[126.589193,33.532946],[126.591401,33.523247],[126.592222,33.513333]]]]}},{"type":"Feature","properties":{"ident":"RK00","name":"JEJU TCA AREA C","type":"Terminal Control Area","airspaceClass":"B","upper":"10 000 AMSL","upperFt":10000,"upperRef":"AMSL","lower":"2 000 AMSL","lowerFt":2000,"lowerRef":"AMSL","remarks":"Classification","category":"공역등급","source":"국토교통부 공역정보 KMZ","cycle":"AIP 2026년 10차"},"geometry":{"type":"MultiPolygon","coordinates":[[[[126.691944,33.514232],[126.71684,33.514432],[126.741736,33.514632],[126.766631,33.514832],[126.791527,33.515033],[126.816423,33.515233],[126.841319,33.515433],[126.866215,33.515633],[126.891111,33.515833],[126.891323,33.515837],[126.891315,33.516642],[126.891286,33.518444],[126.891244,33.520247],[126.891192,33.522049],[126.891127,33.523851],[126.891051,33.525653],[126.890963,33.527454],[126.890864,33.529255],[126.890753,33.531055],[126.890631,33.532855],[126.890497,33.534654],[126.890351,33.536453],[126.890194,33.538251],[126.890025,33.540048],[126.889844,33.541845],[126.889652,33.54364],[126.889449,33.545435],[126.889233,33.547229],[126.889007,33.549021],[126.888768,33.550813],[126.888518,33.552604],[126.888257,33.554393],[126.887984,33.556181],[126.887699,33.557968],[126.887403,33.559754],[126.887096,33.561538],[126.886776,33.563321],[126.886446,33.565102],[126.886104,33.566882],[126.88575,33.56866],[126.885385,33.570437],[126.885008,33.572212],[126.88462,33.573985],[126.884221,33.575757],[126.88381,33.577526],[126.883388,33.579294],[126.882954,33.58106],[126.882509,33.582824],[126.882053,33.584586],[126.881585,33.586345],[126.881105,33.588103],[126.880615,33.589858],[126.880113,33.591611],[126.8796,33.593362],[126.879075,33.595111],[126.878539,33.596857],[126.877992,33.598601],[126.877434,33.600342],[126.876864,33.60208],[126.876283,33.603816],[126.875691,33.60555],[126.875088,33.60728],[126.874474,33.609008],[126.873848,33.610733],[126.873211,33.612455],[126.872563,33.614175],[126.871904,33.615891],[126.871234,33.617604],[126.870553,33.619315],[126.869861,33.621022],[126.869158,33.622726],[126.868443,33.624427],[126.867718,33.626124],[126.866982,33.627819],[126.866235,33.62951],[126.865477,33.631197],[126.864708,33.632881],[126.863928,33.634562],[126.863137,33.636239],[126.862336,33.637912],[126.861523,33.639582],[126.8607,33.641248],[126.859866,33.64291],[126.859021,33.644569],[126.858166,33.646224],[126.8573,33.647874],[126.856423,33.649521],[126.855535,33.651164],[126.854637,33.652803],[126.853729,33.654438],[126.852809,33.656068],[126.85188,33.657695],[126.850939,33.659317],[126.849988,33.660935],[126.849027,33.662548],[126.848055,33.664158],[126.847073,33.665762],[126.846081,33.667363],[126.845078,33.668959],[126.844065,33.67055],[126.843041,33.672136],[126.842007,33.673718],[126.840963,33.675296],[126.839909,33.676868],[126.838845,33.678436],[126.83777,33.679999],[126.836686,33.681557],[126.835591,33.68311],[126.834486,33.684658],[126.833371,33.686202],[126.832247,33.68774],[126.831112,33.689273],[126.829967,33.6908],[126.828813,33.692323],[126.827648,33.69384],[126.826474,33.695353],[126.82529,33.696859],[126.824096,33.698361],[126.822893,33.699857],[126.82168,33.701347],[126.820457,33.702832],[126.819224,33.704312],[126.817982,33.705785],[126.816731,33.707254],[126.81547,33.708716],[126.814199,33.710173],[126.812919,33.711624],[126.81163,33.713069],[126.810331,33.714509],[126.809023,33.715942],[126.807706,33.71737],[126.806379,33.718791],[126.805043,33.720207],[126.803698,33.721616],[126.802344,33.72302],[126.800981,33.724417],[126.799609,33.725808],[126.798228,33.727193],[126.796837,33.728571],[126.795438,33.729944],[126.79403,33.731309],[126.792613,33.732669],[126.791188,33.734022],[126.789753,33.735369],[126.78831,33.736709],[126.786858,33.738042],[126.785398,33.739369],[126.783929,33.74069],[126.782451,33.742003],[126.780965,33.74331],[126.77947,33.744611],[126.777967,33.745904],[126.776456,33.747191],[126.774936,33.748471],[126.773408,33.749744],[126.771872,33.75101],[126.770327,33.752269],[126.768774,33.753521],[126.767214,33.754766],[126.765645,33.756004],[126.764068,33.757234],[126.762483,33.758458],[126.76089,33.759675],[126.75929,33.760884],[126.757681,33.762086],[126.756065,33.763281],[126.754441,33.764468],[126.752809,33.765648],[126.75117,33.766821],[126.749523,33.767986],[126.747868,33.769144],[126.746206,33.770294],[126.744537,33.771437],[126.74286,33.772572],[126.741176,33.773699],[126.739484,33.774819],[126.737785,33.775931],[126.736079,33.777036],[126.734366,33.778133],[126.732646,33.779222],[126.730918,33.780303],[126.729184,33.781376],[126.727443,33.782442],[126.725695,33.7835],[126.723939,33.784549],[126.722178,33.785591],[126.720409,33.786625],[126.718634,33.787651],[126.716852,33.788669],[126.715063,33.789678],[126.713268,33.79068],[126.711466,33.791674],[126.709658,33.792659],[126.707844,33.793636],[126.706023,33.794605],[126.704196,33.795566],[126.702363,33.796518],[126.700524,33.797462],[126.698678,33.798398],[126.696826,33.799325],[126.694969,33.800244],[126.693105,33.801155],[126.691236,33.802057],[126.68936,33.802951],[126.687479,33.803836],[126.685592,33.804712],[126.6837,33.805581],[126.681802,33.80644],[126.679898,33.807291],[126.677989,33.808133],[126.676074,33.808967],[126.674154,33.809792],[126.672229,33.810609],[126.670298,33.811416],[126.668362,33.812215],[126.666421,33.813005],[126.664475,33.813786],[126.662523,33.814559],[126.660567,33.815323],[126.658606,33.816077],[126.65664,33.816823],[126.654669,33.81756],[126.652693,33.818289],[126.650713,33.819008],[126.648728,33.819718],[126.646738,33.820419],[126.644744,33.821111],[126.642745,33.821795],[126.640742,33.822469],[126.638734,33.823134],[126.636723,33.82379],[126.634707,33.824437],[126.632686,33.825074],[126.630662,33.825703],[126.628634,33.826323],[126.626601,33.826933],[126.624565,33.827534],[126.622525,33.828126],[126.620481,33.828708],[126.618433,33.829282],[126.616381,33.829846],[126.614326,33.830401],[126.612267,33.830946],[126.610205,33.831482],[126.608139,33.832009],[126.60607,33.832527],[126.603998,33.833035],[126.601922,33.833534],[126.599843,33.834023],[126.597761,33.834503],[126.595675,33.834974],[126.593587,33.835435],[126.591496,33.835887],[126.589402,33.836329],[126.587305,33.836761],[126.585205,33.837185],[126.583102,33.837598],[126.580997,33.838003],[126.578889,33.838397],[126.576779,33.838783],[126.574666,33.839158],[126.572551,33.839524],[126.570433,33.839881],[126.568313,33.840228],[126.566191,33.840565],[126.564067,33.840893],[126.56194,33.841211],[126.559812,33.841519],[126.557682,33.841818],[126.555549,33.842108],[126.553415,33.842387],[126.551279,33.842657],[126.549141,33.842917],[126.547002,33.843168],[126.544861,33.843409],[126.542718,33.84364],[126.540574,33.843862],[126.538429,33.844074],[126.536282,33.844276],[126.534134,33.844468],[126.531985,33.844651],[126.529835,33.844824],[126.527683,33.844987],[126.52553,33.845141],[126.523377,33.845285],[126.521223,33.845419],[126.519067,33.845543],[126.516911,33.845658],[126.514754,33.845763],[126.512597,33.845858],[126.510439,33.845943],[126.50828,33.846019],[126.506121,33.846084],[126.503962,33.84614],[126.501802,33.846187],[126.499642,33.846223],[126.497482,33.84625],[126.495322,33.846267],[126.493161,33.846274],[126.491001,33.846272],[126.488841,33.846259],[126.48668,33.846237],[126.48452,33.846205],[126.48236,33.846164],[126.480201,33.846112],[126.478042,33.846051],[126.475883,33.84598],[126.473725,33.8459],[126.471567,33.845809],[126.46941,33.845709],[126.467253,33.845599],[126.465098,33.845479],[126.462943,33.84535],[126.460789,33.845211],[126.458636,33.845062],[126.456484,33.844903],[126.454333,33.844735],[126.452183,33.844557],[126.450034,33.844369],[126.447887,33.844172],[126.445741,33.843964],[126.443596,33.843747],[126.441453,33.843521],[126.439311,33.843285],[126.437171,33.843039],[126.435033,33.842783],[126.432896,33.842518],[126.430761,33.842243],[126.428628,33.841958],[126.426496,33.841664],[126.424367,33.84136],[126.422239,33.841046],[126.420114,33.840723],[126.417991,33.84039],[126.41587,33.840048],[126.413751,33.839696],[126.411635,33.839335],[126.409521,33.838964],[126.407409,33.838583],[126.4053,33.838193],[126.403194,33.837793],[126.40109,33.837384],[126.398989,33.836965],[126.39689,33.836537],[126.394795,33.836099],[126.392702,33.835652],[126.390612,33.835196],[126.388526,33.83473],[126.386442,33.834254],[126.384362,33.833769],[126.382284,33.833275],[126.38021,33.832771],[126.378139,33.832258],[126.376072,33.831736],[126.374008,33.831204],[126.371948,33.830663],[126.369891,33.830113],[126.367837,33.829553],[126.365788,33.828984],[126.363742,33.828406],[126.3617,33.827818],[126.359662,33.827222],[126.357627,33.826616],[126.355597,33.826001],[126.353571,33.825377],[126.351549,33.824743],[126.34953,33.824101],[126.347517,33.823449],[126.345507,33.822788],[126.343502,33.822118],[126.341501,33.82144],[126.339505,33.820752],[126.337513,33.820055],[126.335526,33.819349],[126.333543,33.818634],[126.331565,33.81791],[126.329592,33.817177],[126.327623,33.816436],[126.32566,33.815685],[126.323701,33.814926],[126.321747,33.814157],[126.319799,33.81338],[126.317855,33.812594],[126.315917,33.8118],[126.313983,33.810996],[126.312055,33.810184],[126.310133,33.809363],[126.308216,33.808534],[126.306304,33.807695],[126.304397,33.806849],[126.302497,33.805993],[126.300601,33.805129],[126.298712,33.804257],[126.296828,33.803375],[126.29495,33.802486],[126.293078,33.801588],[126.291211,33.800681],[126.289351,33.799766],[126.287496,33.798843],[126.285648,33.797911],[126.283805,33.796971],[126.281969,33.796023],[126.280139,33.795066],[126.278315,33.794101],[126.276498,33.793128],[126.274687,33.792146],[126.272882,33.791157],[126.271084,33.790159],[126.269292,33.789153],[126.267507,33.788139],[126.265729,33.787117],[126.263957,33.786087],[126.262192,33.785049],[126.260433,33.784003],[126.258682,33.782949],[126.256937,33.781888],[126.2552,33.780818],[126.253469,33.77974],[126.251745,33.778655],[126.250029,33.777562],[126.248319,33.776461],[126.246617,33.775353],[126.244922,33.774236],[126.243234,33.773112],[126.241554,33.771981],[126.239881,33.770842],[126.238215,33.769695],[126.236557,33.768541],[126.234906,33.767379],[126.233263,33.76621],[126.231628,33.765034],[126.23,33.76385],[126.22838,33.762659],[126.226768,33.76146],[126.225164,33.760254],[126.223567,33.759041],[126.221978,33.757821],[126.220398,33.756594],[126.218825,33.755359],[126.21726,33.754118],[126.215704,33.752869],[126.214155,33.751613],[126.212615,33.750351],[126.211083,33.749081],[126.209559,33.747804],[126.208044,33.746521],[126.206537,33.745231],[126.205038,33.743934],[126.203548,33.74263],[126.202066,33.74132],[126.200593,33.740002],[126.199128,33.738679],[126.197672,33.737348],[126.196225,33.736011],[126.194787,33.734668],[126.193357,33.733318],[126.191936,33.731961],[126.190523,33.730598],[126.18912,33.729229],[126.187725,33.727853],[126.18634,33.726472],[126.184963,33.725084],[126.183596,33.723689],[126.182237,33.722289],[126.180888,33.720882],[126.179548,33.71947],[126.178217,33.718051],[126.176895,33.716626],[126.175583,33.715196],[126.174279,33.713759],[126.172986,33.712317],[126.171701,33.710868],[126.170426,33.709414],[126.16916,33.707954],[126.167904,33.706489],[126.166658,33.705018],[126.165421,33.703541],[126.164193,33.702059],[126.162975,33.700571],[126.161767,33.699078],[126.160569,33.697579],[126.15938,33.696075],[126.158201,33.694565],[126.157032,33.69305],[126.155873,33.69153],[126.154723,33.690005],[126.153584,33.688474],[126.152454,33.686939],[126.151335,33.685398],[126.150225,33.683852],[126.149126,33.682301],[126.148036,33.680746],[126.146957,33.679185],[126.145888,33.67762],[126.144829,33.676049],[126.14378,33.674474],[126.142741,33.672894],[126.141713,33.67131],[126.140694,33.669721],[126.139687,33.668127],[126.138689,33.666529],[126.137702,33.664926],[126.136725,33.663319],[126.135759,33.661708],[126.134803,33.660092],[126.133858,33.658472],[126.132923,33.656847],[126.131999,33.655219],[126.131085,33.653586],[126.130182,33.651949],[126.129289,33.650308],[126.128407,33.648663],[126.127536,33.647014],[126.126675,33.645362],[126.125826,33.643705],[126.124986,33.642044],[126.124158,33.64038],[126.12334,33.638712],[126.122534,33.63704],[126.121738,33.635365],[126.120953,33.633686],[126.120178,33.632004],[126.119415,33.630318],[126.118663,33.628629],[126.117921,33.626936],[126.117191,33.62524],[126.116471,33.623541],[126.115763,33.621838],[126.115065,33.620132],[126.114379,33.618424],[126.113704,33.616712],[126.113039,33.614997],[126.112386,33.613279],[126.111744,33.611558],[126.111113,33.609834],[126.110493,33.608108],[126.109885,33.606378],[126.109287,33.604646],[126.108701,33.602912],[126.108126,33.601174],[126.107562,33.599434],[126.10701,33.597692],[126.106468,33.595947],[126.105939,33.5942],[126.10542,33.59245],[126.104913,33.590698],[126.104417,33.588944],[126.103932,33.587187],[126.103459,33.585428],[126.102997,33.583668],[126.102546,33.581905],[126.102107,33.58014],[126.101679,33.578373],[126.101263,33.576604],[126.100858,33.574834],[126.100464,33.573061],[126.100082,33.571287],[126.099712,33.569511],[126.099353,33.567734],[126.099005,33.565955],[126.098669,33.564174],[126.098344,33.562392],[126.098031,33.560608],[126.09773,33.558823],[126.09744,33.557037],[126.097161,33.555249],[126.096894,33.55346],[126.096639,33.55167],[126.096395,33.549879],[126.096162,33.548087],[126.095942,33.546294],[126.095732,33.544499],[126.095535,33.542704],[126.095349,33.540908],[126.095174,33.539111],[126.095011,33.537314],[126.09486,33.535516],[126.09472,33.533717],[126.094592,33.531917],[126.094476,33.530117],[126.094371,33.528316],[126.094278,33.526515],[126.094196,33.524714],[126.094126,33.522912],[126.094068,33.52111],[126.094021,33.519307],[126.093986,33.517505],[126.093962,33.515702],[126.09395,33.513899],[126.09395,33.512097],[126.093962,33.510294],[126.093984,33.508491],[126.094019,33.506689],[126.094065,33.504886],[126.094123,33.503084],[126.094192,33.501282],[126.094273,33.499481],[126.094366,33.49768],[126.09447,33.495879],[126.094586,33.494079],[126.094713,33.492279],[126.094852,33.49048],[126.095003,33.488682],[126.095165,33.486884],[126.095338,33.485087],[126.095524,33.483291],[126.095721,33.481496],[126.095929,33.479702],[126.096149,33.477908],[126.09638,33.476116],[126.096623,33.474325],[126.096878,33.472535],[126.097144,33.470746],[126.097421,33.468958],[126.09771,33.467172],[126.098011,33.465387],[126.098323,33.463603],[126.098646,33.461821],[126.098981,33.46004],[126.099328,33.45826],[126.099685,33.456483],[126.100055,33.454707],[126.100435,33.452932],[126.100827,33.45116],[126.101231,33.449389],[126.101646,33.44762],[126.102072,33.445853],[126.102509,33.444088],[126.102958,33.442325],[126.103418,33.440564],[126.10389,33.438805],[126.104373,33.437048],[126.104867,33.435294],[126.105372,33.433542],[126.105889,33.431792],[126.106417,33.430044],[126.106956,33.428299],[126.107506,33.426556],[126.108068,33.424816],[126.10864,33.423078],[126.109224,33.421343],[126.109819,33.419611],[126.110425,33.417881],[126.111042,33.416154],[126.111671,33.41443],[126.11231,33.412709],[126.11296,33.41099],[126.113622,33.409275],[126.114294,33.407563],[126.114977,33.405854],[126.115672,33.404147],[126.116377,33.402444],[126.117093,33.400745],[126.11782,33.399048],[126.118558,33.397355],[126.119307,33.395665],[126.120067,33.393979],[126.120837,33.392296],[126.121619,33.390616],[126.122411,33.38894],[126.123213,33.387268],[126.124027,33.385599],[126.124851,33.383934],[126.125686,33.382273],[126.126531,33.380616],[126.127388,33.378962],[126.128254,33.377313],[126.129132,33.375667],[126.130019,33.374025],[126.130918,33.372388],[126.131827,33.370754],[126.132746,33.369125],[126.133676,33.367499],[126.134616,33.365878],[126.135566,33.364261],[126.136527,33.362649],[126.137498,33.361041],[126.13848,33.359437],[126.139471,33.357838],[126.140473,33.356243],[126.141486,33.354653],[126.142508,33.353068],[126.14354,33.351487],[126.144583,33.34991],[126.145636,33.348339],[126.146699,33.346772],[126.147771,33.34521],[126.148854,33.343653],[126.149947,33.342101],[126.151049,33.340554],[126.152162,33.339012],[126.153284,33.337475],[126.154417,33.335943],[126.155559,33.334416],[126.156711,33.332895],[126.157872,33.331378],[126.159043,33.329867],[126.160224,33.328361],[126.161415,33.326861],[126.162615,33.325366],[126.163824,33.323876],[126.165044,33.322392],[126.166272,33.320914],[126.16751,33.319441],[126.168758,33.317973],[126.170015,33.316512],[126.171281,33.315056],[126.172556,33.313605],[126.173841,33.312161],[126.175135,33.310722],[126.176438,33.309289],[126.177751,33.307863],[126.179072,33.306442],[126.180403,33.305027],[126.181742,33.303618],[126.183091,33.302215],[126.184448,33.300819],[126.185815,33.299428],[126.18719,33.298044],[126.188574,33.296666],[126.189967,33.295294],[126.191369,33.293928],[126.192779,33.292569],[126.194198,33.291216],[126.195626,33.28987],[126.197062,33.28853],[126.198507,33.287197],[126.19996,33.28587],[126.201422,33.28455],[126.202892,33.283237],[126.204371,33.28193],[126.205858,33.28063],[126.207353,33.279336],[126.208856,33.27805],[126.210368,33.27677],[126.211888,33.275497],[126.213416,33.274231],[126.214952,33.272972],[126.216496,33.271719],[126.218048,33.270474],[126.219608,33.269236],[126.221176,33.268005],[126.222751,33.266781],[126.224335,33.265564],[126.225926,33.264355],[126.227525,33.263152],[126.229131,33.261957],[126.230746,33.260769],[126.232367,33.259588],[126.233997,33.258415],[126.235633,33.257249],[126.237278,33.256091],[126.238929,33.25494],[126.240588,33.253796],[126.242254,33.25266],[126.243927,33.251532],[126.245608,33.250411],[126.247296,33.249298],[126.24899,33.248192],[126.250692,33.247094],[126.252401,33.246004],[126.254117,33.244922],[126.255839,33.243847],[126.257569,33.24278],[126.259305,33.241721],[126.261048,33.24067],[126.262798,33.239627],[126.264554,33.238591],[126.266317,33.237564],[126.268086,33.236545],[126.269862,33.235533],[126.27152,33.2346],[126.271667,33.234722],[126.287428,33.254559],[126.303188,33.274397],[126.318949,33.294234],[126.33471,33.314071],[126.350471,33.333908],[126.366232,33.353745],[126.381993,33.373583],[126.381944,33.373611],[126.365946,33.383565],[126.351006,33.395046],[126.337269,33.407943],[126.321581,33.426862],[126.308893,33.447912],[126.29952,33.471368],[126.294339,33.49609],[126.293542,33.519473],[126.296644,33.542664],[126.303644,33.565427],[126.314186,33.586782],[126.327394,33.605775],[126.343082,33.622777],[126.360076,33.637078],[126.378606,33.649321],[126.400099,33.660247],[126.42268,33.6687],[126.444283,33.674327],[126.466326,33.677849],[126.488728,33.679278],[126.511165,33.678591],[126.535391,33.675436],[126.559153,33.669763],[126.581741,33.661739],[126.603305,33.651269],[126.623065,33.638682],[126.641158,33.623798],[126.6559,33.608248],[126.668567,33.590964],[126.677885,33.574122],[126.685,33.556237],[126.690059,33.535497],[126.691944,33.514232]]]]}},{"type":"Feature","properties":{"ident":"RK00108","name":"JEONGSEOK CTLZ","type":"Terminal Control Area","airspaceClass":"D","upper":"3 000 AGL","upperFt":3000,"upperRef":"AGL","lower":"SFC","lowerFt":0,"lowerRef":"SFC","remarks":"Classification","category":"공역등급","source":"국토교통부 공역정보 KMZ","cycle":"AIP 2026년 10차"},"geometry":{"type":"MultiPolygon","coordinates":[[[[126.811542,33.409873],[126.808667,33.421269],[126.803927,33.432218],[126.797415,33.442507],[126.789257,33.451935],[126.779611,33.46032],[126.768665,33.467496],[126.756632,33.473325],[126.743747,33.477692],[126.730261,33.480513],[126.716437,33.481732],[126.702546,33.481325],[126.688858,33.4793],[126.67564,33.475697],[126.66315,33.470587],[126.651633,33.464068],[126.641312,33.456269],[126.632388,33.447341],[126.625035,33.437458],[126.619395,33.426813],[126.615579,33.415613],[126.613659,33.404077],[126.613672,33.392429],[126.615618,33.380896],[126.619457,33.369702],[126.625114,33.359065],[126.632478,33.349192],[126.641407,33.340274],[126.651725,33.332486],[126.663233,33.325977],[126.675706,33.320876],[126.688902,33.317279],[126.702566,33.315259],[126.716431,33.314852],[126.730228,33.316069],[126.743691,33.318884],[126.756557,33.323244],[126.768576,33.329063],[126.779516,33.336229],[126.789164,33.344602],[126.79733,33.354021],[126.803856,33.364301],[126.808616,33.375243],[126.811515,33.386634],[126.812497,33.398253],[126.811542,33.409873]]]]}},{"type":"Feature","properties":{"ident":"RK00005","name":"JINHAE CTLZ","type":"Terminal Control Area","airspaceClass":"D","upper":"3 000 AGL","upperFt":3000,"upperRef":"AGL","lower":"SFC","lowerFt":0,"lowerRef":"SFC","remarks":"Classification","category":"공역등급","source":"국토교통부 공역정보 KMZ","cycle":"AIP 2026년 10차"},"geometry":{"type":"MultiPolygon","coordinates":[[[[128.794704,35.156253],[128.791771,35.167646],[128.786933,35.178592],[128.780285,35.188878],[128.771957,35.198305],[128.76211,35.206687],[128.750934,35.213862],[128.73865,35.219689],[128.725495,35.224056],[128.711726,35.226875],[128.697613,35.228094],[128.68343,35.227687],[128.669455,35.225663],[128.65596,35.222061],[128.643209,35.216952],[128.631451,35.210435],[128.620914,35.202637],[128.611804,35.193711],[128.604298,35.183831],[128.598541,35.173188],[128.594646,35.161992],[128.592687,35.150459],[128.592702,35.138814],[128.594688,35.127284],[128.598608,35.116094],[128.604384,35.10546],[128.611902,35.09559],[128.621018,35.086676],[128.631551,35.07889],[128.643299,35.072384],[128.656032,35.067284],[128.669504,35.063689],[128.683452,35.061668],[128.697605,35.061262],[128.711691,35.062478],[128.725434,35.065293],[128.738568,35.069651],[128.750838,35.075468],[128.762006,35.082632],[128.771854,35.091002],[128.780192,35.100418],[128.786855,35.110694],[128.791715,35.121633],[128.794676,35.133021],[128.795679,35.144636],[128.794704,35.156253]]]]}},{"type":"Feature","properties":{"ident":"RK00007","name":"JUNGWON TCA AREA A","type":"Terminal Control Area","airspaceClass":"C","upper":"5 000 AGL","upperFt":5000,"upperRef":"AGL","lower":"SFC","lowerFt":0,"lowerRef":"SFC","remarks":"Classification","category":"공역등급","source":"국토교통부 공역정보 KMZ","cycle":"AIP 2026년 10차"},"geometry":{"type":"MultiPolygon","coordinates":[[[[127.988811,37.041749],[127.985019,37.052881],[127.979987,37.063882],[127.974207,37.072759],[127.965207,37.082943],[127.954294,37.092018],[127.94367,37.098673],[127.930041,37.104968],[127.915383,37.109546],[127.90003,37.112303],[127.886583,37.113166],[127.870877,37.112405],[127.854912,37.109676],[127.842947,37.106067],[127.830881,37.10102],[127.819839,37.094817],[127.809891,37.087522],[127.800546,37.078523],[127.79286,37.068577],[127.787145,37.058192],[127.782514,37.04432],[127.78073,37.03392],[127.781228,37.02329],[127.78333,37.011912],[127.787757,37.000014],[127.794129,36.989061],[127.801444,36.979989],[127.810156,36.971751],[127.820119,36.964484],[127.830278,36.959167],[127.837222,36.896944],[127.961389,36.905833],[127.954722,36.968056],[127.963982,36.975393],[127.969891,36.981466],[127.978576,36.993206],[127.983332,37.002401],[127.987542,37.015419],[127.989068,37.027961],[127.988811,37.041749]]]]}},{"type":"Feature","properties":{"ident":"RK00135","name":"JUNGWON TCA AREA B","type":"Terminal Control Area","airspaceClass":"C","upper":"5 000 AGL","upperFt":5000,"upperRef":"AGL","lower":"1 000 AGL","lowerFt":1000,"lowerRef":"AGL","remarks":"Classification","category":"공역등급","source":"국토교통부 공역정보 KMZ","cycle":"AIP 2026년 10차"},"geometry":{"type":"MultiPolygon","coordinates":[[[[128.091849,37.053394],[128.08587,37.076177],[128.075987,37.098071],[128.062389,37.118649],[128.04534,37.137508],[128.02517,37.154281],[128.002272,37.168639],[127.977091,37.180302],[127.950121,37.189041],[127.921888,37.194685],[127.892946,37.197125],[127.863861,37.19631],[127.835203,37.192259],[127.807534,37.18505],[127.781395,37.174824],[127.757296,37.161781],[127.735709,37.146178],[127.717054,37.128318],[127.701694,37.108551],[127.689924,37.087263],[127.681974,37.06487],[127.677994,37.041808],[127.678057,37.018526],[127.682159,36.995477],[127.690217,36.97311],[127.702071,36.95186],[127.717487,36.932138],[127.736164,36.914327],[127.757737,36.898774],[127.781788,36.885778],[127.807849,36.875591],[127.835416,36.868411],[127.863954,36.864377],[127.892913,36.863566],[127.921731,36.865994],[127.949852,36.871615],[127.976731,36.880319],[128.001849,36.891939],[128.024716,36.906248],[128.044891,36.922971],[128.061979,36.941782],[128.075648,36.962318],[128.085628,36.98418],[128.091724,37.006943],[128.093812,37.030165],[128.091849,37.053394]]]]}},{"type":"Feature","properties":{"ident":"RK00037","name":"MOKPO CTLZ","type":"Terminal Control Area","airspaceClass":"D","upper":"3 000 AGL","upperFt":3000,"upperRef":"AGL","lower":"SFC","lowerFt":0,"lowerRef":"SFC","remarks":"Classification","category":"공역등급","source":"국토교통부 공역정보 KMZ","cycle":"AIP 2026년 10차"},"geometry":{"type":"MultiPolygon","coordinates":[[[[126.48118,34.770422],[126.478259,34.781815],[126.473444,34.792762],[126.466828,34.803049],[126.458538,34.812476],[126.448737,34.820859],[126.437614,34.828034],[126.425387,34.833862],[126.412294,34.838228],[126.39859,34.841048],[126.384542,34.842266],[126.370426,34.84186],[126.356517,34.839835],[126.343085,34.836233],[126.330394,34.831124],[126.318691,34.824606],[126.308203,34.816808],[126.299135,34.807882],[126.291664,34.798001],[126.285934,34.787358],[126.282057,34.776161],[126.280107,34.764627],[126.280122,34.752982],[126.282099,34.741451],[126.286,34.73026],[126.291749,34.719626],[126.299232,34.709755],[126.308305,34.70084],[126.318789,34.693053],[126.330482,34.686546],[126.343157,34.681446],[126.356565,34.677851],[126.370447,34.67583],[126.384535,34.675424],[126.398555,34.676641],[126.412234,34.679455],[126.425307,34.683814],[126.43752,34.689631],[126.448635,34.696795],[126.458438,34.705167],[126.466736,34.714582],[126.473369,34.72486],[126.478205,34.735799],[126.481152,34.747188],[126.482151,34.758804],[126.48118,34.770422]]]]}},{"type":"Feature","properties":{"ident":null,"name":"MUAN CTLZ","type":"Terminal Control Area","airspaceClass":"D","upper":"3 000 AGL","upperFt":3000,"upperRef":"AGL","lower":"SFC","lowerFt":0,"lowerRef":"SFC","remarks":"Classification","category":"공역등급","source":"국토교통부 공역정보 KMZ","cycle":"AIP 2026년 10차"},"geometry":{"type":"MultiPolygon","coordinates":[[[[126.346962,34.913306],[126.347222,34.881666],[126.42,34.881944],[126.419824,34.913695],[126.422186,34.914485],[126.424193,34.915203],[126.426181,34.915956],[126.428148,34.916745],[126.430094,34.917569],[126.432018,34.918426],[126.43392,34.919318],[126.435797,34.920244],[126.43765,34.921202],[126.439477,34.922194],[126.441278,34.923217],[126.443052,34.924272],[126.444798,34.925359],[126.446515,34.926476],[126.448202,34.927624],[126.449859,34.928801],[126.451485,34.930008],[126.453078,34.931243],[126.454639,34.932506],[126.456166,34.933796],[126.45766,34.935114],[126.459118,34.936457],[126.460542,34.937826],[126.461928,34.939221],[126.463278,34.940639],[126.464591,34.942081],[126.465865,34.943546],[126.467101,34.945034],[126.468298,34.946543],[126.469455,34.948073],[126.470571,34.949623],[126.471647,34.951192],[126.472681,34.952781],[126.473673,34.954387],[126.474623,34.956011],[126.475531,34.957651],[126.476395,34.959307],[126.477215,34.960977],[126.477992,34.962662],[126.478724,34.964361],[126.479411,34.966072],[126.480054,34.967795],[126.480651,34.969529],[126.481203,34.971273],[126.481708,34.973026],[126.482168,34.974788],[126.482581,34.976558],[126.482948,34.978335],[126.483268,34.980117],[126.483542,34.981906],[126.483768,34.983698],[126.483947,34.985494],[126.484079,34.987293],[126.484164,34.989094],[126.484202,34.990896],[126.484192,34.992698],[126.484136,34.9945],[126.484031,34.9963],[126.48388,34.998098],[126.483682,34.999892],[126.483436,35.001683],[126.483144,35.003469],[126.482804,35.00525],[126.482418,35.007024],[126.481986,35.00879],[126.481507,35.010549],[126.480982,35.012299],[126.480412,35.014039],[126.479796,35.015768],[126.479135,35.017486],[126.478428,35.019192],[126.477677,35.020885],[126.476882,35.022564],[126.476042,35.024229],[126.47516,35.025878],[126.474234,35.027512],[126.473265,35.029128],[126.472255,35.030727],[126.471202,35.032308],[126.470108,35.033869],[126.468974,35.035411],[126.467799,35.036932],[126.466584,35.038432],[126.46533,35.03991],[126.464038,35.041366],[126.462708,35.042798],[126.46134,35.044206],[126.459936,35.045589],[126.458496,35.046948],[126.45702,35.04828],[126.45551,35.049586],[126.453966,35.050864],[126.452388,35.052115],[126.450778,35.053338],[126.449136,35.054532],[126.447463,35.055696],[126.44576,35.05683],[126.444027,35.057934],[126.442267,35.059007],[126.440477,35.060048],[126.438661,35.061057],[126.436819,35.062034],[126.434952,35.062977],[126.43306,35.063888],[126.431145,35.064764],[126.429208,35.065606],[126.427248,35.066414],[126.425268,35.067187],[126.423268,35.067924],[126.421248,35.068625],[126.418992,35.069358],[126.418611,35.100555],[126.345555,35.100278],[126.345855,35.069131],[126.344307,35.068625],[126.342288,35.067924],[126.340288,35.067187],[126.338308,35.066414],[126.336348,35.065606],[126.334411,35.064764],[126.332495,35.063888],[126.330603,35.062977],[126.328737,35.062034],[126.326894,35.061057],[126.325078,35.060048],[126.32329,35.059007],[126.321528,35.057934],[126.319795,35.05683],[126.318092,35.055696],[126.31642,35.054532],[126.314778,35.053338],[126.313168,35.052115],[126.31159,35.050864],[126.310046,35.049586],[126.308535,35.04828],[126.30706,35.046948],[126.305619,35.045589],[126.304215,35.044206],[126.302848,35.042798],[126.301517,35.041366],[126.300225,35.03991],[126.298971,35.038432],[126.297757,35.036932],[126.296582,35.035411],[126.295447,35.033869],[126.294354,35.032308],[126.293301,35.030727],[126.29229,35.029128],[126.291322,35.027512],[126.290396,35.025878],[126.289513,35.024229],[126.288674,35.022564],[126.287879,35.020885],[126.287128,35.019192],[126.286422,35.017486],[126.28576,35.015768],[126.285144,35.014039],[126.284573,35.012299],[126.284048,35.010549],[126.28357,35.00879],[126.283137,35.007024],[126.282751,35.00525],[126.282412,35.003469],[126.282119,35.001683],[126.281874,34.999892],[126.281675,34.998098],[126.281524,34.9963],[126.28142,34.9945],[126.281363,34.992698],[126.281353,34.990896],[126.281391,34.989094],[126.281476,34.987293],[126.281608,34.985494],[126.281788,34.983698],[126.282014,34.981906],[126.282287,34.980117],[126.282607,34.978335],[126.282974,34.976558],[126.283388,34.974788],[126.283847,34.973026],[126.284353,34.971273],[126.284905,34.969529],[126.285502,34.967795],[126.286145,34.966072],[126.286832,34.964361],[126.287564,34.962662],[126.28834,34.960977],[126.289161,34.959307],[126.290025,34.957651],[126.290932,34.956011],[126.291882,34.954387],[126.292875,34.952781],[126.293909,34.951192],[126.294984,34.949623],[126.296101,34.948073],[126.297258,34.946543],[126.298454,34.945034],[126.29969,34.943546],[126.300965,34.942081],[126.302277,34.940639],[126.303627,34.939221],[126.305014,34.937826],[126.306437,34.936457],[126.307896,34.935114],[126.309389,34.933796],[126.310917,34.932506],[126.312478,34.931243],[126.314071,34.930008],[126.315697,34.928801],[126.317354,34.927624],[126.319041,34.926476],[126.320758,34.925359],[126.322504,34.924272],[126.324277,34.923217],[126.326078,34.922194],[126.327906,34.921202],[126.329758,34.920244],[126.331636,34.919318],[126.333537,34.918426],[126.335461,34.917569],[126.337408,34.916745],[126.339375,34.915956],[126.341362,34.915203],[126.343369,34.914485],[126.345394,34.913802],[126.346962,34.913306]]]]}},{"type":"Feature","properties":{"ident":"RK00171","name":"MUAN CTLZ","type":"Terminal Control Area","airspaceClass":"D","upper":"3 000 AGL","upperFt":3000,"upperRef":"AGL","lower":"SFC","lowerFt":0,"lowerRef":"SFC","remarks":"Classification","category":"공역등급","source":"국토교통부 공역정보 KMZ","cycle":"AIP 2026년 10차"},"geometry":{"type":"MultiPolygon","coordinates":[[[[126.386059,34.907964],[126.390428,34.908158],[126.394782,34.908507],[126.399114,34.909011],[126.403416,34.909668],[126.40768,34.910477],[126.411897,34.911438],[126.413986,34.911974],[126.41606,34.912547],[126.418119,34.913156],[126.419824,34.913695],[126.422186,34.914485],[126.424193,34.915203],[126.426181,34.915956],[126.428148,34.916745],[126.430094,34.917569],[126.432018,34.918426],[126.43392,34.919318],[126.435797,34.920244],[126.43765,34.921202],[126.439477,34.922194],[126.441278,34.923217],[126.443052,34.924272],[126.444798,34.925359],[126.446515,34.926476],[126.448202,34.927624],[126.449859,34.928801],[126.451485,34.930008],[126.453078,34.931243],[126.454639,34.932506],[126.456166,34.933796],[126.45766,34.935114],[126.459118,34.936457],[126.460542,34.937826],[126.461928,34.939221],[126.463278,34.940639],[126.464591,34.942081],[126.465865,34.943546],[126.467101,34.945034],[126.468298,34.946543],[126.469455,34.948073],[126.470571,34.949623],[126.471647,34.951192],[126.472681,34.952781],[126.473673,34.954387],[126.474623,34.956011],[126.475531,34.957651],[126.476395,34.959307],[126.477215,34.960977],[126.477992,34.962662],[126.478724,34.964361],[126.479411,34.966072],[126.480054,34.967795],[126.480651,34.969529],[126.481203,34.971273],[126.481708,34.973026],[126.482168,34.974788],[126.482581,34.976558],[126.482948,34.978335],[126.483268,34.980117],[126.483542,34.981906],[126.483768,34.983698],[126.483947,34.985494],[126.484079,34.987293],[126.484164,34.989094],[126.484202,34.990896],[126.484192,34.992698],[126.484136,34.9945],[126.484031,34.9963],[126.48388,34.998098],[126.483682,34.999892],[126.483436,35.001683],[126.483144,35.003469],[126.482804,35.00525],[126.482418,35.007024],[126.481986,35.00879],[126.481507,35.010549],[126.480982,35.012299],[126.480412,35.014039],[126.479796,35.015768],[126.479135,35.017486],[126.478428,35.019192],[126.477677,35.020885],[126.476882,35.022564],[126.476042,35.024229],[126.47516,35.025878],[126.474234,35.027512],[126.473265,35.029128],[126.472255,35.030727],[126.471202,35.032308],[126.470108,35.033869],[126.468974,35.035411],[126.467799,35.036932],[126.466584,35.038432],[126.46533,35.03991],[126.464038,35.041366],[126.462708,35.042798],[126.46134,35.044206],[126.459936,35.045589],[126.458496,35.046948],[126.45702,35.04828],[126.45551,35.049586],[126.453966,35.050864],[126.452388,35.052115],[126.450778,35.053338],[126.449136,35.054532],[126.447463,35.055696],[126.44576,35.05683],[126.444027,35.057934],[126.442267,35.059007],[126.440477,35.060048],[126.438661,35.061057],[126.436819,35.062034],[126.434952,35.062977],[126.43306,35.063888],[126.431145,35.064764],[126.429208,35.065606],[126.427248,35.066414],[126.425268,35.067187],[126.423268,35.067924],[126.421248,35.068625],[126.418992,35.069358],[126.415087,35.070513],[126.410902,35.071587],[126.404529,35.072917],[126.398065,35.073904],[126.391536,35.074545],[126.38497,35.074837],[126.378395,35.074779],[126.371838,35.07437],[126.365328,35.073613],[126.35889,35.072511],[126.352554,35.071068],[126.348398,35.06992],[126.345855,35.069131],[126.344307,35.068625],[126.342288,35.067924],[126.340288,35.067187],[126.338308,35.066414],[126.336348,35.065606],[126.334411,35.064764],[126.332495,35.063888],[126.330603,35.062977],[126.328737,35.062034],[126.326894,35.061057],[126.325078,35.060048],[126.32329,35.059007],[126.321528,35.057934],[126.319795,35.05683],[126.318092,35.055696],[126.31642,35.054532],[126.314778,35.053338],[126.313168,35.052115],[126.31159,35.050864],[126.310046,35.049586],[126.308535,35.04828],[126.30706,35.046948],[126.305619,35.045589],[126.304215,35.044206],[126.302848,35.042798],[126.301517,35.041366],[126.300225,35.03991],[126.298971,35.038432],[126.297757,35.036932],[126.296582,35.035411],[126.295447,35.033869],[126.294354,35.032308],[126.293301,35.030727],[126.29229,35.029128],[126.291322,35.027512],[126.290396,35.025878],[126.289513,35.024229],[126.288674,35.022564],[126.287879,35.020885],[126.287128,35.019192],[126.286422,35.017486],[126.28576,35.015768],[126.285144,35.014039],[126.284573,35.012299],[126.284048,35.010549],[126.28357,35.00879],[126.283137,35.007024],[126.282751,35.00525],[126.282412,35.003469],[126.282119,35.001683],[126.281874,34.999892],[126.281675,34.998098],[126.281524,34.9963],[126.28142,34.9945],[126.281363,34.992698],[126.281353,34.990896],[126.281391,34.989094],[126.281476,34.987293],[126.281608,34.985494],[126.281788,34.983698],[126.282014,34.981906],[126.282287,34.980117],[126.282607,34.978335],[126.282974,34.976558],[126.283388,34.974788],[126.283847,34.973026],[126.284353,34.971273],[126.284905,34.969529],[126.285502,34.967795],[126.286145,34.966072],[126.286832,34.964361],[126.287564,34.962662],[126.28834,34.960977],[126.289161,34.959307],[126.290025,34.957651],[126.290932,34.956011],[126.291882,34.954387],[126.292875,34.952781],[126.293909,34.951192],[126.294984,34.949623],[126.296101,34.948073],[126.297258,34.946543],[126.298454,34.945034],[126.29969,34.943546],[126.300965,34.942081],[126.302277,34.940639],[126.303627,34.939221],[126.305014,34.937826],[126.306437,34.936457],[126.307896,34.935114],[126.309389,34.933796],[126.310917,34.932506],[126.312478,34.931243],[126.314071,34.930008],[126.315697,34.928801],[126.317354,34.927624],[126.319041,34.926476],[126.320758,34.925359],[126.322504,34.924272],[126.324277,34.923217],[126.326078,34.922194],[126.327906,34.921202],[126.329758,34.920244],[126.331636,34.919318],[126.333537,34.918426],[126.335461,34.917569],[126.337408,34.916745],[126.339375,34.915956],[126.341362,34.915203],[126.343369,34.914485],[126.345394,34.913802],[126.346962,34.913306],[126.35157,34.911974],[126.355761,34.910939],[126.360002,34.910054],[126.364286,34.90932],[126.368604,34.90874],[126.372948,34.908313],[126.377311,34.908042],[126.381684,34.907925],[126.386059,34.907964]]]]}},{"type":"Feature","properties":{"ident":"RK00038","name":"NONSAN CTLZ","type":"Terminal Control Area","airspaceClass":"D","upper":"2 000 AGL","upperFt":2000,"upperRef":"AGL","lower":"SFC","lowerFt":0,"lowerRef":"SFC","remarks":"Classification","category":"공역등급","source":"국토교통부 공역정보 KMZ","cycle":"AIP 2026년 10차"},"geometry":{"type":"MultiPolygon","coordinates":[[[[127.215845,36.28097],[127.21287,36.29236],[127.207964,36.303305],[127.201223,36.313589],[127.192777,36.323014],[127.18279,36.331395],[127.171458,36.338569],[127.158998,36.344395],[127.145657,36.348761],[127.131693,36.35158],[127.117379,36.352799],[127.102995,36.352392],[127.088823,36.350368],[127.075136,36.346767],[127.062204,36.341658],[127.05028,36.335142],[127.039593,36.327346],[127.030354,36.318421],[127.022742,36.308542],[127.016905,36.297902],[127.012955,36.286707],[127.010969,36.275176],[127.010984,36.263534],[127.013,36.252006],[127.016975,36.240818],[127.022833,36.230187],[127.030459,36.220319],[127.039703,36.211406],[127.050386,36.203622],[127.062299,36.197117],[127.075212,36.192018],[127.088874,36.188424],[127.103019,36.186404],[127.117372,36.185998],[127.131655,36.187214],[127.145592,36.190028],[127.158912,36.194385],[127.171355,36.200201],[127.182681,36.207363],[127.192669,36.215732],[127.201125,36.225145],[127.207883,36.23542],[127.212812,36.246356],[127.215815,36.257742],[127.216833,36.269355],[127.215845,36.28097]]]]}},{"type":"Feature","properties":{"ident":"RK00039","name":"OSAN CTLZ","type":"Terminal Control Area","airspaceClass":"D","upper":"2 200 AMSL","upperFt":2200,"upperRef":"AMSL","lower":"SFC","lowerFt":0,"lowerRef":"SFC","remarks":"Classification","category":"공역등급","source":"국토교통부 공역정보 KMZ","cycle":"AIP 2026년 10차"},"geometry":{"type":"MultiPolygon","coordinates":[[[[127.132638,37.102138],[127.129631,37.113527],[127.124674,37.12447],[127.11786,37.134753],[127.109324,37.144177],[127.099231,37.152557],[127.087776,37.15973],[127.075184,37.165556],[127.063462,37.16935],[127.052641,37.164357],[127.039153,37.16],[127.02504,37.157187],[127.010576,37.155972],[126.996041,37.156377],[126.981718,37.158397],[126.973245,37.160598],[126.9653,37.156303],[126.9545,37.148508],[126.945162,37.139584],[126.937469,37.129707],[126.931569,37.119068],[126.927578,37.107874],[126.925571,37.096345],[126.925586,37.084704],[126.927624,37.073178],[126.931643,37.061992],[126.937564,37.051362],[126.945271,37.041496],[126.954614,37.032584],[126.965411,37.024801],[126.977452,37.018298],[126.990502,37.0132],[127.00431,37.009606],[127.018605,37.007587],[127.033111,37.007181],[127.047547,37.008396],[127.061633,37.01121],[127.075094,37.015566],[127.08767,37.021381],[127.099117,37.028542],[127.109211,37.036909],[127.117757,37.046321],[127.124589,37.056594],[127.12957,37.067529],[127.132606,37.078913],[127.133635,37.090524],[127.132638,37.102138]]]]}},{"type":"Feature","properties":{"ident":"RK00155","name":"POHANG TCA AREA A","type":"Terminal Control Area","airspaceClass":"C","upper":"5 000 AGL","upperFt":5000,"upperRef":"AGL","lower":"SFC","lowerFt":0,"lowerRef":"SFC","remarks":"Classification","category":"공역등급","source":"국토교통부 공역정보 KMZ","cycle":"AIP 2026년 10차"},"geometry":{"type":"MultiPolygon","coordinates":[[[[129.520192,35.99935],[129.517227,36.010741],[129.512339,36.021686],[129.505622,36.031971],[129.497206,36.041396],[129.487254,36.049778],[129.475962,36.056952],[129.463547,36.062778],[129.450254,36.067144],[129.43634,36.069964],[129.422077,36.071182],[129.407745,36.070775],[129.393622,36.068751],[129.379985,36.06515],[129.367099,36.060041],[129.355217,36.053525],[129.344569,36.045728],[129.335363,36.036803],[129.327778,36.026924],[129.321961,36.016283],[129.318025,36.005088],[129.316046,35.993556],[129.316061,35.981913],[129.318069,35.970385],[129.322031,35.959197],[129.327868,35.948565],[129.335466,35.938696],[129.344677,35.929783],[129.355322,35.921998],[129.367193,35.915493],[129.38006,35.910394],[129.393673,35.9068],[129.407767,35.90478],[129.42207,35.904374],[129.436303,35.90559],[129.45019,35.908404],[129.463462,35.912761],[129.475861,35.918577],[129.487147,35.92574],[129.497099,35.934109],[129.505524,35.943523],[129.512258,35.953798],[129.51717,35.964735],[129.520162,35.976121],[129.521176,35.987735],[129.520192,35.99935]]]]}},{"type":"Feature","properties":{"ident":"RK00140","name":"POHANG TCA AREA B","type":"Terminal Control Area","airspaceClass":"C","upper":"5 000 AGL","upperFt":5000,"upperRef":"AGL","lower":"1 000 AGL","lowerFt":1000,"lowerRef":"AGL","remarks":"Classification","category":"공역등급","source":"국토교통부 공역정보 KMZ","cycle":"AIP 2026년 10차"},"geometry":{"type":"MultiPolygon","coordinates":[[[[129.621811,36.010837],[129.615909,36.033624],[129.606155,36.055522],[129.592737,36.076102],[129.575915,36.094964],[129.556013,36.111739],[129.53342,36.126099],[129.508577,36.137763],[129.481967,36.146502],[129.454113,36.152147],[129.425558,36.154586],[129.396863,36.153772],[129.368589,36.14972],[129.341291,36.14251],[129.315501,36.132283],[129.291725,36.119239],[129.270426,36.103634],[129.252019,36.085772],[129.236862,36.066002],[129.225248,36.044712],[129.217402,36.022315],[129.213472,35.999249],[129.213532,35.975963],[129.217578,35.95291],[129.225526,35.930538],[129.23722,35.909284],[129.25243,35.889557],[129.270858,35.871743],[129.292144,35.856186],[129.315876,35.843186],[129.341591,35.832998],[129.368793,35.825816],[129.396953,35.821781],[129.425528,35.82097],[129.453965,35.823399],[129.481713,35.829021],[129.508236,35.837727],[129.533019,35.849349],[129.555583,35.863662],[129.575489,35.880389],[129.592349,35.899205],[129.605834,35.919745],[129.615679,35.941611],[129.621691,35.964379],[129.62375,35.987605],[129.621811,36.010837]]]]}},{"type":"Feature","properties":{"ident":"RK00002","name":"PYEONGTAEK CTLZ","type":"Terminal Control Area","airspaceClass":"D","upper":"3 000 AGL","upperFt":3000,"upperRef":"AGL","lower":"SFC","lowerFt":0,"lowerRef":"SFC","remarks":"Classification","category":"공역등급","source":"국토교통부 공역정보 KMZ","cycle":"AIP 2026년 10차"},"geometry":{"type":"MultiPolygon","coordinates":[[[[127.136415,36.972144],[127.133414,36.983533],[127.128465,36.994476],[127.121663,37.00476],[127.113141,37.014184],[127.103065,37.022564],[127.09163,37.029737],[127.079059,37.035563],[127.065598,37.039928],[127.051509,37.042747],[127.037066,37.043966],[127.022554,37.043559],[127.008252,37.041535],[126.994444,37.037934],[126.981396,37.032826],[126.969364,37.026311],[126.958581,37.018515],[126.94926,37.009591],[126.94158,36.999713],[126.93569,36.989074],[126.931705,36.977881],[126.929701,36.966351],[126.929717,36.95471],[126.931751,36.943184],[126.935763,36.931997],[126.941673,36.921367],[126.949367,36.9115],[126.958695,36.902589],[126.969473,36.894806],[126.981493,36.888302],[126.994522,36.883204],[127.008306,36.87961],[127.022577,36.877591],[127.037058,36.877185],[127.05147,36.8784],[127.065531,36.881214],[127.07897,36.88557],[127.091525,36.891385],[127.102952,36.898546],[127.11303,36.906914],[127.121561,36.916326],[127.12838,36.926599],[127.133353,36.937534],[127.136384,36.948918],[127.137411,36.96053],[127.136415,36.972144]]]]}},{"type":"Feature","properties":{"ident":"RK00053","name":"SACHEON TCA AREA A","type":"Terminal Control Area","airspaceClass":"C","upper":"5 000 AGL","upperFt":5000,"upperRef":"AGL","lower":"SFC","lowerFt":0,"lowerRef":"SFC","remarks":"Classification","category":"공역등급","source":"국토교통부 공역정보 KMZ","cycle":"AIP 2026년 10차"},"geometry":{"type":"MultiPolygon","coordinates":[[[[128.170734,35.100187],[128.167802,35.111579],[128.162967,35.122526],[128.156324,35.132812],[128.148001,35.142238],[128.13816,35.150621],[128.126992,35.157796],[128.114716,35.163623],[128.101569,35.16799],[128.08781,35.170809],[128.073706,35.172028],[128.059532,35.171621],[128.045566,35.169597],[128.03208,35.165995],[128.019338,35.160886],[128.007587,35.154369],[127.997057,35.146571],[127.987953,35.137645],[127.980451,35.127764],[127.974699,35.117122],[127.970806,35.105925],[127.968848,35.094392],[127.968862,35.082747],[127.970848,35.071218],[127.974765,35.060027],[127.980537,35.049393],[127.988051,35.039523],[127.99716,35.030609],[128.007687,35.022823],[128.019427,35.016316],[128.032152,35.011216],[128.045615,35.007621],[128.059554,35.005601],[128.073698,35.005195],[128.087774,35.006411],[128.101508,35.009225],[128.114634,35.013584],[128.126896,35.019401],[128.138057,35.026564],[128.147899,35.034935],[128.156231,35.04435],[128.16289,35.054627],[128.167747,35.065566],[128.170706,35.076954],[128.171708,35.08857],[128.170734,35.100187]]]]}},{"type":"Feature","properties":{"ident":"RK00051","name":"SACHEON TCA AREA B","type":"Terminal Control Area","airspaceClass":"C","upper":"5 000 AGL","upperFt":5000,"upperRef":"AGL","lower":"1 000 AGL","lowerFt":1000,"lowerRef":"AGL","remarks":"Classification","category":"공역등급","source":"국토교통부 공역정보 KMZ","cycle":"AIP 2026년 10차"},"geometry":{"type":"MultiPolygon","coordinates":[[[[128.271227,35.11168],[128.265388,35.13447],[128.255741,35.15637],[128.242471,35.176953],[128.225834,35.195817],[128.206153,35.212593],[128.18381,35.226954],[128.159242,35.238619],[128.132929,35.24736],[128.105384,35.253005],[128.077148,35.255445],[128.048772,35.25463],[128.020813,35.250578],[127.993818,35.243367],[127.968315,35.233139],[127.944802,35.220094],[127.923739,35.204487],[127.905535,35.186623],[127.890545,35.166852],[127.879059,35.145558],[127.871298,35.123159],[127.86741,35.100089],[127.867467,35.0768],[127.871466,35.053743],[127.879325,35.031368],[127.890889,35.01011],[127.905929,34.99038],[127.924153,34.972562],[127.945204,34.957001],[127.968673,34.944],[127.994105,34.933809],[128.021007,34.926625],[128.048858,34.922589],[128.077119,34.921778],[128.105243,34.924208],[128.132685,34.929831],[128.158916,34.938539],[128.183426,34.950164],[128.205741,34.96448],[128.225426,34.981209],[128.242099,35.000029],[128.255434,35.020573],[128.265169,35.042443],[128.271113,35.065214],[128.273146,35.088444],[128.271227,35.11168]]]]}},{"type":"Feature","properties":{"ident":"RK00066","name":"SEONGMU CTLZ","type":"Terminal Control Area","airspaceClass":"D","upper":"4 000 AGL","upperFt":4000,"upperRef":"AGL","lower":"SFC","lowerFt":0,"lowerRef":"SFC","remarks":"Classification","category":"공역등급","source":"국토교통부 공역정보 KMZ","cycle":"AIP 2026년 10차"},"geometry":{"type":"MultiPolygon","coordinates":[[[[127.602346,36.579579],[127.59936,36.590969],[127.594435,36.601913],[127.587669,36.612197],[127.57919,36.621622],[127.569165,36.630002],[127.557788,36.637176],[127.546705,36.64234],[127.541348,36.640224],[127.535098,36.63817],[127.527766,36.636363],[127.521325,36.63487],[127.513508,36.633783],[127.505849,36.633147],[127.497413,36.632996],[127.491213,36.633201],[127.484544,36.633764],[127.474542,36.635528],[127.46774,36.636874],[127.459603,36.63927],[127.452311,36.641916],[127.448116,36.640265],[127.436145,36.633749],[127.425418,36.625953],[127.416144,36.617029],[127.408502,36.60715],[127.402642,36.596511],[127.398678,36.585316],[127.396683,36.573786],[127.396699,36.562144],[127.398723,36.550617],[127.402714,36.53943],[127.408594,36.528799],[127.416249,36.518932],[127.425529,36.510019],[127.436253,36.502236],[127.448212,36.495731],[127.461174,36.490633],[127.474888,36.487039],[127.489087,36.485019],[127.503495,36.484613],[127.517833,36.485829],[127.531824,36.488642],[127.545194,36.492999],[127.557685,36.498815],[127.569054,36.505976],[127.579081,36.514345],[127.587569,36.523757],[127.594353,36.534032],[127.599301,36.544967],[127.602316,36.556352],[127.603338,36.567965],[127.602346,36.579579]]]]}},{"type":"Feature","properties":{"ident":"RK00144","name":"SEOSAN TCA AREA A","type":"Terminal Control Area","airspaceClass":"C","upper":"5 000 AGL","upperFt":5000,"upperRef":"AGL","lower":"SFC","lowerFt":0,"lowerRef":"SFC","remarks":"Classification","category":"공역등급","source":"국토교통부 공역정보 KMZ","cycle":"AIP 2026년 10차"},"geometry":{"type":"MultiPolygon","coordinates":[[[[126.588993,36.716308],[126.586001,36.727698],[126.581068,36.738641],[126.574289,36.748925],[126.565796,36.758349],[126.56394,36.760272],[126.602274,36.827216],[126.526719,36.854994],[126.488407,36.788089],[126.47551,36.787726],[126.461257,36.785702],[126.447494,36.782101],[126.434489,36.776993],[126.422497,36.770477],[126.411751,36.762681],[126.402461,36.753757],[126.394806,36.743879],[126.388936,36.733239],[126.384964,36.722045],[126.382967,36.710515],[126.382983,36.698873],[126.38501,36.687347],[126.389008,36.676159],[126.394899,36.665529],[126.402567,36.655662],[126.409258,36.649247],[126.371161,36.582217],[126.446161,36.554439],[126.484495,36.621383],[126.489967,36.621344],[126.504331,36.62256],[126.518345,36.625373],[126.531739,36.62973],[126.544253,36.635546],[126.555642,36.642707],[126.565686,36.651075],[126.574189,36.660487],[126.580985,36.670761],[126.585942,36.681697],[126.588962,36.693081],[126.589986,36.704694],[126.588993,36.716308]]]]}},{"type":"Feature","properties":{"ident":"RK00145","name":"SEOSAN TCA AREA B","type":"Terminal Control Area","airspaceClass":"C","upper":"5 000 AGL","upperFt":5000,"upperRef":"AGL","lower":"1 000 AGL","lowerFt":1000,"lowerRef":"AGL","remarks":"Classification","category":"공역등급","source":"국토교통부 공역정보 KMZ","cycle":"AIP 2026년 10차"},"geometry":{"type":"MultiPolygon","coordinates":[[[[126.69075,36.72738],[126.684795,36.750165],[126.674953,36.77206],[126.661412,36.792639],[126.644436,36.811499],[126.624351,36.828272],[126.60155,36.842631],[126.576476,36.854294],[126.549621,36.863033],[126.521508,36.868678],[126.49269,36.871117],[126.463729,36.870302],[126.435193,36.866251],[126.407642,36.859041],[126.381614,36.848815],[126.357618,36.835772],[126.336123,36.820168],[126.317547,36.802307],[126.302251,36.78254],[126.290531,36.761251],[126.282614,36.738856],[126.27865,36.715793],[126.278712,36.69251],[126.282796,36.66946],[126.290819,36.647092],[126.302622,36.62584],[126.317973,36.606117],[126.33657,36.588305],[126.358053,36.57275],[126.382002,36.559753],[126.407954,36.549566],[126.435404,36.542385],[126.463822,36.538351],[126.492658,36.53754],[126.521355,36.539969],[126.549357,36.54559],[126.576123,36.554295],[126.601134,36.565915],[126.623906,36.580225],[126.643995,36.596949],[126.66101,36.615762],[126.67462,36.6363],[126.684557,36.658163],[126.690626,36.680927],[126.692706,36.70415],[126.69075,36.72738]]]]}},{"type":"Feature","properties":{"ident":"RK00055","name":"SEOUL CTLZ","type":"Terminal Control Area","airspaceClass":"D","upper":"4 000 AGL","upperFt":4000,"upperRef":"AGL","lower":"SFC","lowerFt":0,"lowerRef":"SFC","remarks":"Classification","category":"공역등급","source":"국토교통부 공역정보 KMZ","cycle":"AIP 2026년 10차"},"geometry":{"type":"MultiPolygon","coordinates":[[[[127.217686,37.4574],[127.214665,37.468789],[127.209685,37.479731],[127.20284,37.490014],[127.194263,37.499437],[127.184122,37.507817],[127.172614,37.514989],[127.159963,37.520815],[127.146415,37.52518],[127.132235,37.527999],[127.117699,37.529217],[127.103093,37.52881],[127.0887,37.526787],[127.074802,37.523186],[127.06167,37.518078],[127.04956,37.511563],[127.038709,37.503768],[127.029328,37.494845],[127.021599,37.484968],[127.015671,37.474329],[127.011661,37.463136],[127.009645,37.451608],[127.009661,37.439968],[127.011708,37.428443],[127.015746,37.417257],[127.021695,37.406628],[127.029438,37.396762],[127.038825,37.387851],[127.049673,37.380069],[127.061771,37.373566],[127.074883,37.368468],[127.088754,37.364875],[127.103117,37.362855],[127.117691,37.36245],[127.132195,37.363665],[127.146346,37.366478],[127.159871,37.370834],[127.172506,37.376649],[127.184007,37.383809],[127.194149,37.392176],[127.202735,37.401587],[127.209598,37.411859],[127.214604,37.422793],[127.217654,37.434177],[127.218688,37.445788],[127.217686,37.4574]]]]}},{"type":"Feature","properties":{"ident":null,"name":"SOCKCHO CTLZ","type":"Terminal Control Area","airspaceClass":"D","upper":"2 500 AGL","upperFt":2500,"upperRef":"AGL","lower":"SFC","lowerFt":0,"lowerRef":"SFC","remarks":"Classification","category":"공역등급","source":"국토교통부 공역정보 KMZ","cycle":"AIP 2026년 10차"},"geometry":{"type":"MultiPolygon","coordinates":[[[[128.708401,38.14547],[128.708342,38.147271],[128.708234,38.14907],[128.708076,38.150867],[128.70787,38.152661],[128.707615,38.154451],[128.70731,38.156236],[128.706957,38.158015],[128.706555,38.159788],[128.706105,38.161554],[128.705607,38.163312],[128.705061,38.165061],[128.704467,38.1668],[128.703825,38.168528],[128.703137,38.170246],[128.702401,38.171951],[128.701619,38.173643],[128.700791,38.175321],[128.699917,38.176985],[128.698998,38.178634],[128.698034,38.180266],[128.697025,38.181882],[128.695973,38.18348],[128.694877,38.18506],[128.693738,38.186621],[128.692556,38.188162],[128.691333,38.189682],[128.690068,38.191182],[128.688762,38.192659],[128.687416,38.194114],[128.686031,38.195545],[128.684607,38.196953],[128.683144,38.198336],[128.681644,38.199693],[128.680107,38.201025],[128.678534,38.20233],[128.676926,38.203608],[128.675283,38.204859],[128.673606,38.206081],[128.671896,38.207274],[128.670154,38.208438],[128.66838,38.209572],[128.666575,38.210675],[128.664741,38.211747],[128.662878,38.212788],[128.660986,38.213797],[128.659068,38.214773],[128.657123,38.215716],[128.655153,38.216626],[128.653158,38.217502],[128.651139,38.218344],[128.649098,38.219151],[128.647036,38.219924],[128.644952,38.22066],[128.642849,38.221362],[128.640728,38.222027],[128.638588,38.222656],[128.636432,38.223248],[128.63426,38.223803],[128.632073,38.224322],[128.629873,38.224802],[128.627659,38.225246],[128.625435,38.225651],[128.623199,38.226018],[128.620954,38.226347],[128.618701,38.226638],[128.61644,38.22689],[128.614173,38.227104],[128.6119,38.227279],[128.609623,38.227415],[128.607343,38.227512],[128.605061,38.227571],[128.602778,38.22759],[128.600495,38.227571],[128.598212,38.227512],[128.595932,38.227415],[128.593655,38.227279],[128.591383,38.227104],[128.589116,38.22689],[128.586855,38.226638],[128.584601,38.226347],[128.582356,38.226018],[128.580121,38.225651],[128.577896,38.225246],[128.575683,38.224802],[128.573483,38.224322],[128.571296,38.223803],[128.569124,38.223248],[128.566967,38.222656],[128.564828,38.222027],[128.562706,38.221362],[128.560603,38.22066],[128.55852,38.219924],[128.556457,38.219151],[128.554416,38.218344],[128.552398,38.217502],[128.550403,38.216626],[128.548433,38.215716],[128.546488,38.214773],[128.544569,38.213797],[128.542678,38.212788],[128.540814,38.211747],[128.53898,38.210675],[128.537176,38.209572],[128.535402,38.208438],[128.53366,38.207274],[128.531949,38.206081],[128.530273,38.204859],[128.52863,38.203608],[128.527021,38.20233],[128.525448,38.201025],[128.523911,38.199693],[128.522411,38.198336],[128.520949,38.196953],[128.519525,38.195545],[128.518139,38.194114],[128.516793,38.192659],[128.515488,38.191182],[128.514223,38.189682],[128.512999,38.188162],[128.511818,38.186621],[128.510679,38.18506],[128.509583,38.18348],[128.50853,38.181882],[128.507522,38.180266],[128.506557,38.178634],[128.505638,38.176985],[128.504764,38.175321],[128.503936,38.173643],[128.503154,38.171951],[128.502419,38.170246],[128.50173,38.168528],[128.501089,38.1668],[128.500495,38.165061],[128.499949,38.163312],[128.49945,38.161554],[128.499,38.159788],[128.498598,38.158015],[128.498245,38.156236],[128.497941,38.154451],[128.497686,38.152661],[128.497479,38.150867],[128.497322,38.14907],[128.497214,38.147271],[128.497155,38.14547],[128.497145,38.143669],[128.497184,38.141868],[128.497273,38.140068],[128.497411,38.13827],[128.497598,38.136475],[128.497834,38.134683],[128.498119,38.132896],[128.498453,38.131114],[128.498835,38.129339],[128.499266,38.12757],[128.499745,38.125809],[128.500272,38.124056],[128.500847,38.122313],[128.501469,38.12058],[128.502138,38.118859],[128.502854,38.117148],[128.503617,38.115451],[128.504426,38.113767],[128.505281,38.112097],[128.506181,38.110442],[128.507126,38.108803],[128.508116,38.10718],[128.50915,38.105575],[128.510227,38.103988],[128.511347,38.102419],[128.51251,38.10087],[128.513715,38.099341],[128.514961,38.097833],[128.516249,38.096346],[128.517576,38.094882],[128.518943,38.093441],[128.520349,38.092023],[128.521794,38.09063],[128.523276,38.089261],[128.524795,38.087919],[128.52635,38.086602],[128.527941,38.085312],[128.529567,38.08405],[128.531227,38.082816],[128.53292,38.08161],[128.534645,38.080433],[128.536403,38.079287],[128.538191,38.07817],[128.540009,38.077084],[128.541856,38.076029],[128.543732,38.075007],[128.545635,38.074016],[128.547564,38.073058],[128.54952,38.072133],[128.5515,38.071242],[128.553503,38.070384],[128.55553,38.069561],[128.557579,38.068773],[128.559649,38.06802],[128.561738,38.067302],[128.563847,38.066621],[128.563877,38.066612],[128.564022,38.068227],[128.564232,38.070021],[128.564491,38.07181],[128.564798,38.073594],[128.565155,38.075373],[128.56556,38.077145],[128.566013,38.07891],[128.566514,38.080667],[128.567064,38.082415],[128.56766,38.084153],[128.568305,38.08588],[128.568996,38.087596],[128.569734,38.0893],[128.570519,38.090991],[128.571349,38.092668],[128.572225,38.09433],[128.573147,38.095977],[128.574113,38.097608],[128.575124,38.099222],[128.576178,38.100819],[128.577276,38.102397],[128.578417,38.103956],[128.5796,38.105495],[128.580825,38.107013],[128.582092,38.108511],[128.583399,38.109986],[128.584746,38.111439],[128.586132,38.112868],[128.587558,38.114274],[128.589021,38.115654],[128.590522,38.11701],[128.592059,38.118339],[128.593633,38.119642],[128.595242,38.120918],[128.596886,38.122166],[128.598563,38.123385],[128.600273,38.124576],[128.602015,38.125737],[128.603789,38.126869],[128.605594,38.127969],[128.607428,38.129039],[128.609291,38.130077],[128.611182,38.131083],[128.6131,38.132056],[128.615044,38.132997],[128.617014,38.133904],[128.619008,38.134777],[128.621025,38.135617],[128.623065,38.136421],[128.625126,38.13719],[128.627209,38.137924],[128.62931,38.138623],[128.631431,38.139285],[128.633569,38.139911],[128.635723,38.1405],[128.637894,38.141053],[128.640078,38.141568],[128.642277,38.142046],[128.644488,38.142486],[128.646711,38.142888],[128.648944,38.143253],[128.651186,38.143579],[128.653437,38.143866],[128.655696,38.144116],[128.65796,38.144326],[128.66023,38.144498],[128.662504,38.144631],[128.664782,38.144726],[128.667061,38.144781],[128.669341,38.144798],[128.671621,38.144775],[128.6739,38.144714],[128.676177,38.144614],[128.67845,38.144474],[128.68072,38.144297],[128.682983,38.14408],[128.685241,38.143825],[128.68749,38.143531],[128.689732,38.143199],[128.691963,38.142829],[128.694184,38.142421],[128.696393,38.141975],[128.69859,38.141492],[128.700773,38.140971],[128.702941,38.140413],[128.705093,38.139818],[128.707228,38.139186],[128.708191,38.138882],[128.708282,38.140068],[128.708371,38.141868],[128.708411,38.143669],[128.708401,38.14547]]]]}},{"type":"Feature","properties":{"ident":"RK00067","name":"SUWON CTLZ","type":"Terminal Control Area","airspaceClass":"D","upper":"4 000 AGL","upperFt":4000,"upperRef":"AGL","lower":"SFC","lowerFt":0,"lowerRef":"SFC","remarks":"Classification","category":"공역등급","source":"국토교통부 공역정보 KMZ","cycle":"AIP 2026년 10차"},"geometry":{"type":"MultiPolygon","coordinates":[[[[127.110297,37.250926],[127.107285,37.262315],[127.102318,37.273257],[127.095491,37.28354],[127.086939,37.292964],[127.076825,37.301344],[127.065348,37.308517],[127.052731,37.314342],[127.03922,37.318707],[127.025079,37.321526],[127.010584,37.322745],[126.996017,37.322338],[126.981664,37.320314],[126.967804,37.316713],[126.954708,37.311606],[126.942631,37.30509],[126.93181,37.297295],[126.922454,37.288372],[126.914746,37.278494],[126.908835,37.267855],[126.904836,37.256662],[126.902824,37.245133],[126.90284,37.233493],[126.904882,37.221967],[126.908909,37.210781],[126.914841,37.200151],[126.922563,37.190285],[126.931925,37.181374],[126.942743,37.173592],[126.954807,37.167088],[126.967883,37.16199],[126.981718,37.158397],[126.996041,37.156377],[127.010576,37.155972],[127.02504,37.157187],[127.039153,37.16],[127.052641,37.164357],[127.065242,37.170171],[127.076711,37.177332],[127.086825,37.185699],[127.095388,37.195111],[127.102232,37.205383],[127.107224,37.216318],[127.110266,37.227701],[127.111298,37.239313],[127.110297,37.250926]]]]}},{"type":"Feature","properties":{"ident":"RK00177","name":"ULJIN CTLZ","type":"Terminal Control Area","airspaceClass":"D","upper":"2 500 AGL","upperFt":2500,"upperRef":"AGL","lower":"SFC","lowerFt":0,"lowerRef":"SFC","remarks":"Classification","category":"공역등급","source":"국토교통부 공역정보 KMZ","cycle":"AIP 2026년 10차"},"geometry":{"type":"MultiPolygon","coordinates":[[[[129.460548,36.693509],[129.462785,36.693509],[129.465021,36.693548],[129.467257,36.693626],[129.469489,36.693742],[129.471718,36.693898],[129.473942,36.694091],[129.476161,36.694324],[129.478373,36.694595],[129.480577,36.694904],[129.482772,36.695252],[129.484957,36.695637],[129.487132,36.696061],[129.489295,36.696522],[129.491445,36.697021],[129.493581,36.697556],[129.495702,36.698129],[129.497808,36.698739],[129.499896,36.699385],[129.501967,36.700067],[129.504019,36.700784],[129.506052,36.701538],[129.508064,36.702326],[129.510054,36.703149],[129.512022,36.704007],[129.513966,36.704899],[129.515886,36.705824],[129.517781,36.706782],[129.51965,36.707773],[129.521491,36.708796],[129.523305,36.709851],[129.525091,36.710937],[129.526847,36.712054],[129.528572,36.713201],[129.530267,36.714378],[129.531929,36.715584],[129.533559,36.716819],[129.535155,36.718081],[129.536717,36.719372],[129.538245,36.720688],[129.539736,36.722032],[129.541192,36.7234],[129.54261,36.724794],[129.543991,36.726212],[129.545333,36.727654],[129.546637,36.729118],[129.547901,36.730605],[129.549125,36.732114],[129.550308,36.733643],[129.55145,36.735193],[129.55255,36.736762],[129.553607,36.73835],[129.554622,36.739955],[129.555594,36.741578],[129.556522,36.743218],[129.557406,36.744873],[129.558245,36.746544],[129.559039,36.748228],[129.559788,36.749926],[129.560492,36.751636],[129.561149,36.753359],[129.56176,36.755092],[129.562324,36.756836],[129.562841,36.758588],[129.563311,36.76035],[129.563734,36.762119],[129.56411,36.763895],[129.564437,36.765678],[129.564717,36.767465],[129.564949,36.769257],[129.565132,36.771053],[129.565267,36.772851],[129.565354,36.774651],[129.565393,36.776453],[129.565383,36.778254],[129.565325,36.780055],[129.565219,36.781855],[129.565064,36.783652],[129.564862,36.785447],[129.564611,36.787237],[129.564312,36.789022],[129.563965,36.790802],[129.56357,36.792576],[129.563128,36.794342],[129.562639,36.7961],[129.562102,36.797849],[129.561519,36.799589],[129.560889,36.801318],[129.560212,36.803035],[129.55949,36.804741],[129.558722,36.806433],[129.557909,36.808112],[129.557051,36.809776],[129.556148,36.811425],[129.555201,36.813058],[129.554211,36.814674],[129.553177,36.816273],[129.552101,36.817853],[129.550982,36.819414],[129.549822,36.820955],[129.548621,36.822476],[129.547378,36.823976],[129.546096,36.825453],[129.544775,36.826908],[129.543414,36.82834],[129.542016,36.829748],[129.54058,36.831131],[129.539107,36.832489],[129.537598,36.833821],[129.536053,36.835127],[129.534474,36.836405],[129.53286,36.837656],[129.531214,36.838878],[129.529534,36.840071],[129.527824,36.841235],[129.526082,36.842369],[129.52431,36.843473],[129.522509,36.844545],[129.520679,36.845586],[129.518822,36.846595],[129.516938,36.847572],[129.515028,36.848515],[129.513094,36.849425],[129.511135,36.850301],[129.509153,36.851143],[129.507149,36.851951],[129.505123,36.852723],[129.503078,36.85346],[129.501013,36.854162],[129.498929,36.854827],[129.496829,36.855456],[129.494711,36.856048],[129.492578,36.856604],[129.490431,36.857122],[129.488271,36.857603],[129.486098,36.858046],[129.483913,36.858452],[129.481718,36.858819],[129.479514,36.859148],[129.477301,36.859439],[129.475081,36.859691],[129.472855,36.859905],[129.470623,36.86008],[129.468388,36.860216],[129.466149,36.860313],[129.463908,36.860372],[129.461666,36.860391],[129.459424,36.860372],[129.457183,36.860313],[129.454945,36.860216],[129.452709,36.86008],[129.450477,36.859905],[129.448251,36.859691],[129.446031,36.859439],[129.443819,36.859148],[129.441614,36.858819],[129.439419,36.858452],[129.437235,36.858046],[129.435062,36.857603],[129.432901,36.857122],[129.430754,36.856604],[129.428621,36.856048],[129.426504,36.855456],[129.424403,36.854827],[129.42232,36.854162],[129.420255,36.85346],[129.418209,36.852723],[129.416184,36.851951],[129.414179,36.851143],[129.412198,36.850301],[129.410239,36.849425],[129.408304,36.848515],[129.406394,36.847572],[129.40451,36.846595],[129.402653,36.845586],[129.400824,36.844545],[129.399022,36.843473],[129.397251,36.842369],[129.395509,36.841235],[129.393798,36.840071],[129.392119,36.838878],[129.390472,36.837656],[129.388859,36.836405],[129.387279,36.835127],[129.385735,36.833821],[129.384226,36.832489],[129.382753,36.831131],[129.381316,36.829748],[129.379918,36.82834],[129.378558,36.826908],[129.377236,36.825453],[129.375954,36.823976],[129.374712,36.822476],[129.37351,36.820955],[129.37235,36.819414],[129.371231,36.817853],[129.370155,36.816273],[129.369121,36.814674],[129.368131,36.813058],[129.367184,36.811425],[129.366281,36.809776],[129.365423,36.808112],[129.36461,36.806433],[129.363842,36.804741],[129.36312,36.803035],[129.362444,36.801318],[129.361814,36.799589],[129.36123,36.797849],[129.360694,36.7961],[129.360204,36.794342],[129.359762,36.792576],[129.359368,36.790802],[129.359021,36.789022],[129.358722,36.787237],[129.358471,36.785447],[129.358268,36.783652],[129.358113,36.781855],[129.358007,36.780055],[129.357949,36.778254],[129.357939,36.776453],[129.357978,36.774651],[129.358065,36.772851],[129.3582,36.771053],[129.358384,36.769257],[129.358615,36.767465],[129.358895,36.765678],[129.359223,36.763895],[129.359598,36.762119],[129.360021,36.76035],[129.360491,36.758588],[129.361009,36.756836],[129.361573,36.755092],[129.362184,36.753359],[129.362841,36.751636],[129.363544,36.749926],[129.364293,36.748228],[129.365087,36.746544],[129.365927,36.744873],[129.36681,36.743218],[129.367738,36.741578],[129.36871,36.739955],[129.369725,36.73835],[129.370783,36.736762],[129.371883,36.735193],[129.373025,36.733643],[129.374208,36.732114],[129.375432,36.730605],[129.376696,36.729118],[129.377999,36.727654],[129.379341,36.726212],[129.380722,36.724794],[129.382141,36.7234],[129.383596,36.722032],[129.385088,36.720688],[129.386615,36.719372],[129.388177,36.718081],[129.389774,36.716819],[129.391403,36.715584],[129.393066,36.714378],[129.39476,36.713201],[129.396486,36.712054],[129.398242,36.710937],[129.400027,36.709851],[129.401841,36.708796],[129.403683,36.707773],[129.405552,36.706782],[129.407446,36.705824],[129.409366,36.704899],[129.411311,36.704007],[129.413279,36.703149],[129.415269,36.702326],[129.417281,36.701538],[129.419313,36.700784],[129.421365,36.700067],[129.423436,36.699385],[129.425525,36.698739],[129.42763,36.698129],[129.429752,36.697556],[129.431888,36.697021],[129.434038,36.696522],[129.4362,36.696061],[129.438375,36.695637],[129.44056,36.695252],[129.442756,36.694904],[129.44496,36.694595],[129.447172,36.694324],[129.44939,36.694091],[129.451614,36.693898],[129.453843,36.693742],[129.456076,36.693626],[129.458311,36.693548],[129.460548,36.693509]]]]}},{"type":"Feature","properties":{"ident":null,"name":"ULJIN CTLZ","type":"Terminal Control Area","airspaceClass":"D","upper":"2 500 AGL","upperFt":2500,"upperRef":"AGL","lower":"1 000 AGL","lowerFt":1000,"lowerRef":"AGL","remarks":"Classification","category":"공역등급","source":"국토교통부 공역정보 KMZ","cycle":"AIP 2026년 10차"},"geometry":{"type":"MultiPolygon","coordinates":[[[[129.458333,36.898611],[129.378889,36.87861],[129.393798,36.840071],[129.392119,36.838878],[129.390472,36.837656],[129.388859,36.836405],[129.387279,36.835127],[129.385735,36.833821],[129.384226,36.832489],[129.382753,36.831131],[129.381316,36.829748],[129.379918,36.82834],[129.378558,36.826908],[129.377236,36.825453],[129.375954,36.823976],[129.374712,36.822476],[129.37351,36.820955],[129.37235,36.819414],[129.371231,36.817853],[129.370155,36.816273],[129.369121,36.814674],[129.368131,36.813058],[129.367184,36.811425],[129.366281,36.809776],[129.365423,36.808112],[129.36461,36.806433],[129.363842,36.804741],[129.36312,36.803035],[129.362444,36.801318],[129.361814,36.799589],[129.36123,36.797849],[129.360694,36.7961],[129.360204,36.794342],[129.359762,36.792576],[129.359368,36.790802],[129.359021,36.789022],[129.358722,36.787237],[129.358471,36.785447],[129.358268,36.783652],[129.358113,36.781855],[129.358007,36.780055],[129.357949,36.778254],[129.357939,36.776453],[129.357978,36.774651],[129.358065,36.772851],[129.3582,36.771053],[129.358384,36.769257],[129.358615,36.767465],[129.358895,36.765678],[129.359223,36.763895],[129.359598,36.762119],[129.360021,36.76035],[129.360491,36.758588],[129.361009,36.756836],[129.361573,36.755092],[129.362184,36.753359],[129.362841,36.751636],[129.363544,36.749926],[129.364293,36.748228],[129.365087,36.746544],[129.365927,36.744873],[129.36681,36.743218],[129.367738,36.741578],[129.36871,36.739955],[129.369725,36.73835],[129.370783,36.736762],[129.371883,36.735193],[129.373025,36.733643],[129.374208,36.732114],[129.375432,36.730605],[129.376696,36.729118],[129.377999,36.727654],[129.379341,36.726212],[129.380722,36.724794],[129.382141,36.7234],[129.383596,36.722032],[129.385088,36.720688],[129.386615,36.719372],[129.388177,36.718081],[129.389774,36.716819],[129.391403,36.715584],[129.393066,36.714378],[129.39476,36.713201],[129.396486,36.712054],[129.398242,36.710937],[129.400027,36.709851],[129.401841,36.708796],[129.403683,36.707773],[129.405552,36.706782],[129.407446,36.705824],[129.409366,36.704899],[129.411311,36.704007],[129.413279,36.703149],[129.415269,36.702326],[129.417281,36.701538],[129.419313,36.700784],[129.421365,36.700067],[129.423436,36.699385],[129.425525,36.698739],[129.42763,36.698129],[129.429752,36.697556],[129.431888,36.697021],[129.434038,36.696522],[129.4362,36.696061],[129.438375,36.695637],[129.44056,36.695252],[129.442756,36.694904],[129.44496,36.694595],[129.447172,36.694324],[129.44939,36.694091],[129.450278,36.693889],[129.465278,36.655278],[129.544444,36.675278],[129.52947,36.713821],[129.530267,36.714378],[129.531929,36.715584],[129.533559,36.716819],[129.535155,36.718081],[129.536717,36.719372],[129.538245,36.720688],[129.539736,36.722032],[129.541192,36.7234],[129.54261,36.724794],[129.543991,36.726212],[129.545333,36.727654],[129.546637,36.729118],[129.547901,36.730605],[129.549125,36.732114],[129.550308,36.733643],[129.55145,36.735193],[129.55255,36.736762],[129.553607,36.73835],[129.554622,36.739955],[129.555594,36.741578],[129.556522,36.743218],[129.557406,36.744873],[129.558245,36.746544],[129.559039,36.748228],[129.559788,36.749926],[129.560492,36.751636],[129.561149,36.753359],[129.56176,36.755092],[129.562324,36.756836],[129.562841,36.758588],[129.563311,36.76035],[129.563734,36.762119],[129.56411,36.763895],[129.564437,36.765678],[129.564717,36.767465],[129.564949,36.769257],[129.565132,36.771053],[129.565267,36.772851],[129.565354,36.774651],[129.565393,36.776453],[129.565383,36.778254],[129.565325,36.780055],[129.565219,36.781855],[129.565064,36.783652],[129.564862,36.785447],[129.564611,36.787237],[129.564312,36.789022],[129.563965,36.790802],[129.56357,36.792576],[129.563128,36.794342],[129.562639,36.7961],[129.562102,36.797849],[129.561519,36.799589],[129.560889,36.801318],[129.560212,36.803035],[129.55949,36.804741],[129.558722,36.806433],[129.557909,36.808112],[129.557051,36.809776],[129.556148,36.811425],[129.555201,36.813058],[129.554211,36.814674],[129.553177,36.816273],[129.552101,36.817853],[129.550982,36.819414],[129.549822,36.820955],[129.548621,36.822476],[129.547378,36.823976],[129.546096,36.825453],[129.544775,36.826908],[129.543414,36.82834],[129.542016,36.829748],[129.54058,36.831131],[129.539107,36.832489],[129.537598,36.833821],[129.536053,36.835127],[129.534474,36.836405],[129.53286,36.837656],[129.531214,36.838878],[129.529534,36.840071],[129.527824,36.841235],[129.526082,36.842369],[129.52431,36.843473],[129.522509,36.844545],[129.520679,36.845586],[129.518822,36.846595],[129.516938,36.847572],[129.515028,36.848515],[129.513094,36.849425],[129.511135,36.850301],[129.509153,36.851143],[129.507149,36.851951],[129.505123,36.852723],[129.503078,36.85346],[129.501013,36.854162],[129.498929,36.854827],[129.496829,36.855456],[129.494711,36.856048],[129.492578,36.856604],[129.490431,36.857122],[129.488271,36.857603],[129.486098,36.858046],[129.483913,36.858452],[129.481718,36.858819],[129.479514,36.859148],[129.477301,36.859439],[129.475081,36.859691],[129.472855,36.859905],[129.458333,36.898611]]]]}},{"type":"Feature","properties":{"ident":"RK00165","name":"ULSAN CTLZ","type":"Terminal Control Area","airspaceClass":"D","upper":"3 000 AGL","upperFt":3000,"upperRef":"AGL","lower":"SFC","lowerFt":0,"lowerRef":"SFC","remarks":"Classification","category":"공역등급","source":"국토교통부 공역정보 KMZ","cycle":"AIP 2026년 10차"},"geometry":{"type":"MultiPolygon","coordinates":[[[[129.453316,35.604862],[129.450366,35.616254],[129.445502,35.627199],[129.438817,35.637485],[129.430443,35.646911],[129.420541,35.655293],[129.409304,35.662467],[129.396951,35.668294],[129.383723,35.67266],[129.37,35.675556],[129.356667,35.715556],[129.2775,35.698056],[129.290278,35.66],[129.27856,35.651243],[129.2694,35.642317],[129.261852,35.632437],[129.256064,35.621796],[129.252147,35.6106],[129.250177,35.599068],[129.250192,35.587424],[129.252191,35.575895],[129.256132,35.564706],[129.26194,35.554073],[129.269501,35.544204],[129.278667,35.53529],[129.289259,35.527505],[129.301072,35.520999],[129.313875,35.5159],[129.3175,35.515],[129.320833,35.474722],[129.402222,35.479167],[129.398889,35.519444],[129.409206,35.524084],[129.420435,35.531246],[129.430338,35.539616],[129.438722,35.549031],[129.445423,35.559307],[129.45031,35.570244],[129.453287,35.581631],[129.454296,35.593246],[129.453316,35.604862]]]]}},{"type":"Feature","properties":{"ident":"RK00082","name":"WONJU TCA AREA A","type":"Terminal Control Area","airspaceClass":"C","upper":"5 000 AGL","upperFt":5000,"upperRef":"AGL","lower":"SFC","lowerFt":0,"lowerRef":"SFC","remarks":"Classification","category":"공역등급","source":"국토교통부 공역정보 KMZ","cycle":"AIP 2026년 10차"},"geometry":{"type":"MultiPolygon","coordinates":[[[[128.064198,37.449923],[128.061178,37.461311],[128.056198,37.472253],[128.049354,37.482536],[128.040778,37.49196],[128.030638,37.500339],[128.019131,37.507512],[128.00648,37.513337],[127.992934,37.517702],[127.978755,37.520521],[127.964221,37.521739],[127.949616,37.521333],[127.935224,37.519309],[127.921327,37.515708],[127.908197,37.510601],[127.896089,37.504086],[127.885239,37.496291],[127.875858,37.487367],[127.86813,37.47749],[127.862203,37.466852],[127.858193,37.455659],[127.856176,37.44413],[127.856193,37.43249],[127.85824,37.420965],[127.862278,37.409779],[127.868226,37.39915],[127.875969,37.389284],[127.885355,37.380374],[127.896201,37.372591],[127.908298,37.366088],[127.921408,37.36099],[127.935279,37.357397],[127.94964,37.355378],[127.964213,37.354972],[127.978715,37.356188],[127.992865,37.359001],[128.006389,37.363357],[128.019023,37.369171],[128.030523,37.376332],[128.040664,37.384698],[128.049249,37.394109],[128.056111,37.404382],[128.061117,37.415316],[128.064166,37.426699],[128.065201,37.43831],[128.064198,37.449923]]]]}},{"type":"Feature","properties":{"ident":"RK00138","name":"WONJU TCA AREA B","type":"Terminal Control Area","airspaceClass":"C","upper":"5 000 AGL","upperFt":5000,"upperRef":"AGL","lower":"1 000 AGL","lowerFt":1000,"lowerRef":"AGL","remarks":"Classification","category":"공역등급","source":"국토교통부 공역정보 KMZ","cycle":"AIP 2026년 10차"},"geometry":{"type":"MultiPolygon","coordinates":[[[[128.167516,37.461258],[128.161505,37.48404],[128.151569,37.505932],[128.137898,37.526509],[128.120758,37.545367],[128.100479,37.562139],[128.077456,37.576497],[128.052139,37.58816],[128.025023,37.596899],[127.996636,37.602543],[127.967537,37.604981],[127.938294,37.604167],[127.90948,37.600116],[127.88166,37.592907],[127.855379,37.582681],[127.83115,37.569639],[127.809447,37.554036],[127.790691,37.536177],[127.775248,37.516411],[127.763416,37.495124],[127.755423,37.472732],[127.751422,37.449672],[127.751487,37.426391],[127.755612,37.403344],[127.763715,37.380979],[127.775633,37.35973],[127.791133,37.34001],[127.809911,37.322202],[127.831601,37.306649],[127.855781,37.293655],[127.881983,37.283469],[127.909698,37.27629],[127.93839,37.272256],[127.967504,37.271445],[127.996477,37.273873],[128.024749,37.279493],[128.051773,37.288197],[128.077025,37.299815],[128.100016,37.314123],[128.1203,37.330845],[128.137481,37.349655],[128.151224,37.370189],[128.161259,37.392049],[128.167388,37.41481],[128.169488,37.43803],[128.167516,37.461258]]]]}},{"type":"Feature","properties":{"ident":"RK00064","name":"YANGYANG CTLZ","type":"Terminal Control Area","airspaceClass":"D","upper":"3 000 AGL","upperFt":3000,"upperRef":"AGL","lower":"SFC","lowerFt":0,"lowerRef":"SFC","remarks":"Classification","category":"공역등급","source":"국토교통부 공역정보 KMZ","cycle":"AIP 2026년 10차"},"geometry":{"type":"MultiPolygon","coordinates":[[[[128.773552,38.072905],[128.770507,38.084292],[128.765486,38.095233],[128.758583,38.105515],[128.749936,38.114938],[128.739711,38.123316],[128.728106,38.130488],[128.715349,38.136314],[128.701688,38.140678],[128.68739,38.143497],[128.672733,38.144715],[128.658005,38.144308],[128.643492,38.142285],[128.629478,38.138684],[128.616236,38.133577],[128.604026,38.127063],[128.593085,38.119268],[128.583625,38.110346],[128.575832,38.100469],[128.569855,38.089832],[128.565812,38.07864],[128.563779,38.067113],[128.563796,38.055474],[128.565861,38.04395],[128.569932,38.032766],[128.575931,38.022138],[128.58374,38.012273],[128.593205,38.003364],[128.604142,37.995582],[128.616341,37.98908],[128.629561,37.983983],[128.643548,37.98039],[128.65803,37.978371],[128.672725,37.977965],[128.687349,37.97918],[128.701618,37.981993],[128.715255,37.986349],[128.727995,37.992163],[128.739591,37.999322],[128.749818,38.007688],[128.758476,38.017098],[128.765397,38.027369],[128.770444,38.038302],[128.773519,38.049684],[128.774563,38.061293],[128.773552,38.072905]]]]}},{"type":"Feature","properties":{"ident":"RK00087","name":"YECHEON TCA AREA A","type":"Terminal Control Area","airspaceClass":"C","upper":"5 000 AGL","upperFt":5000,"upperRef":"AGL","lower":"SFC","lowerFt":0,"lowerRef":"SFC","remarks":"Classification","category":"공역등급","source":"국토교통부 공역정보 KMZ","cycle":"AIP 2026년 10차"},"geometry":{"type":"MultiPolygon","coordinates":[[[[128.509722,36.666667],[128.449444,36.666111],[128.44274,36.675808],[128.434255,36.685232],[128.424222,36.693613],[128.412836,36.700786],[128.400319,36.706612],[128.386915,36.710978],[128.372886,36.713797],[128.358506,36.715015],[128.344054,36.714609],[128.329815,36.712585],[128.316065,36.708984],[128.303073,36.703875],[128.291092,36.69736],[128.280356,36.689564],[128.271074,36.680639],[128.263426,36.670761],[128.257562,36.660121],[128.253594,36.648927],[128.251598,36.637397],[128.251614,36.625755],[128.253639,36.614228],[128.257634,36.603041],[128.263519,36.59241],[128.27118,36.582543],[128.280467,36.573631],[128.2912,36.565847],[128.303169,36.559343],[128.316143,36.554244],[128.329868,36.550651],[128.344077,36.548631],[128.358498,36.548225],[128.372848,36.549441],[128.386849,36.552254],[128.400231,36.556611],[128.412732,36.562427],[128.424111,36.569588],[128.434145,36.577956],[128.44264,36.587369],[128.44943,36.597643],[128.450556,36.599167],[128.510833,36.599722],[128.509722,36.666667]]]]}},{"type":"Feature","properties":{"ident":"RK00139","name":"YECHEON TCA AREA B","type":"Terminal Control Area","airspaceClass":"C","upper":"5 000 AGL","upperFt":5000,"upperRef":"AGL","lower":"1 000 AGL","lowerFt":1000,"lowerRef":"AGL","remarks":"Classification","category":"공역등급","source":"국토교통부 공역정보 KMZ","cycle":"AIP 2026년 10차"},"geometry":{"type":"MultiPolygon","coordinates":[[[[128.55952,36.654801],[128.553571,36.677586],[128.543737,36.699481],[128.53021,36.72006],[128.513248,36.73892],[128.493183,36.755694],[128.470403,36.770053],[128.445353,36.781716],[128.418523,36.790455],[128.390437,36.7961],[128.361645,36.798539],[128.332712,36.797724],[128.304203,36.793673],[128.276678,36.786463],[128.250674,36.776237],[128.226701,36.763194],[128.205226,36.747589],[128.186667,36.729729],[128.171386,36.709961],[128.159677,36.688672],[128.151767,36.666277],[128.147807,36.643213],[128.147869,36.61993],[128.151949,36.59688],[128.159964,36.574511],[128.171756,36.553259],[128.187092,36.533536],[128.205672,36.515724],[128.227134,36.500168],[128.251061,36.487171],[128.276988,36.476984],[128.304413,36.469803],[128.332805,36.465769],[128.361615,36.464958],[128.390284,36.467387],[128.418261,36.473008],[128.445001,36.481713],[128.469989,36.493333],[128.492739,36.507644],[128.512809,36.524368],[128.529808,36.543182],[128.543405,36.563719],[128.553333,36.585583],[128.559396,36.608347],[128.561473,36.631571],[128.55952,36.654801]]]]}},{"type":"Feature","properties":{"ident":"RK00091","name":"YEOSU CTLZ","type":"Terminal Control Area","airspaceClass":"D","upper":"3 000 AGL","upperFt":3000,"upperRef":"AGL","lower":"SFC","lowerFt":0,"lowerRef":"SFC","remarks":"Classification","category":"공역등급","source":"국토교통부 공역정보 KMZ","cycle":"AIP 2026년 10차"},"geometry":{"type":"MultiPolygon","coordinates":[[[[127.707778,34.746389],[127.689391,34.78397],[127.694626,34.7885],[127.702934,34.797916],[127.709572,34.808194],[127.714414,34.819133],[127.717364,34.830521],[127.718363,34.842137],[127.717392,34.853755],[127.714468,34.865148],[127.709649,34.876094],[127.703025,34.886381],[127.694727,34.895808],[127.684916,34.904191],[127.673782,34.911366],[127.661542,34.917194],[127.648436,34.92156],[127.634719,34.92438],[127.62026,34.925672],[127.601666,34.963055],[127.526666,34.938055],[127.544711,34.90049],[127.535164,34.891214],[127.527685,34.881333],[127.521949,34.870691],[127.518068,34.859493],[127.516116,34.84796],[127.51613,34.836315],[127.51811,34.824784],[127.522015,34.813593],[127.52777,34.802959],[127.535261,34.793089],[127.544342,34.784174],[127.554838,34.776387],[127.566542,34.769881],[127.579229,34.76478],[127.592651,34.761185],[127.606548,34.759165],[127.614437,34.758921],[127.632778,34.721389],[127.707778,34.746389]]]]}},{"type":"Feature","properties":{"ident":null,"name":"CHEONGJU TCA AREA B","type":"Terminal Control Area","airspaceClass":"C","upper":"5 000 AGL","upperFt":5000,"upperRef":"AGL","lower":"1 000 AGL","lowerFt":1000,"lowerRef":"AGL","remarks":"Classification","category":"공역등급","source":"국토교통부 공역정보 KMZ","cycle":"AIP 2026년 10차"},"geometry":{"type":"MultiPolygon","coordinates":[[[[127.499167,36.883275],[127.496924,36.883265],[127.494681,36.883236],[127.492439,36.883187],[127.490198,36.883119],[127.487958,36.883031],[127.485719,36.882924],[127.483482,36.882798],[127.481247,36.882652],[127.479014,36.882486],[127.476783,36.882301],[127.474554,36.882097],[127.472329,36.881873],[127.470107,36.881631],[127.467888,36.881368],[127.465673,36.881087],[127.463461,36.880786],[127.461254,36.880466],[127.459052,36.880127],[127.456854,36.879769],[127.454661,36.879392],[127.452473,36.878995],[127.450291,36.87858],[127.448114,36.878146],[127.445944,36.877693],[127.44378,36.877221],[127.441622,36.87673],[127.439471,36.87622],[127.437327,36.875692],[127.43519,36.875146],[127.433061,36.87458],[127.430939,36.873996],[127.428826,36.873394],[127.42672,36.872774],[127.424624,36.872135],[127.422536,36.871478],[127.420456,36.870803],[127.418387,36.87011],[127.416326,36.869399],[127.414276,36.86867],[127.412235,36.867923],[127.410204,36.867159],[127.408184,36.866377],[127.406175,36.865577],[127.404176,36.864761],[127.402189,36.863926],[127.400213,36.863075],[127.398249,36.862206],[127.396296,36.861321],[127.394356,36.860418],[127.392427,36.859499],[127.390512,36.858563],[127.388609,36.85761],[127.386719,36.856641],[127.384842,36.855656],[127.382978,36.854654],[127.381128,36.853636],[127.379292,36.852602],[127.377471,36.851552],[127.375663,36.850487],[127.37387,36.849405],[127.372091,36.848309],[127.370327,36.847197],[127.368579,36.846069],[127.366845,36.844927],[127.365128,36.843769],[127.363426,36.842597],[127.361739,36.84141],[127.360069,36.840208],[127.358416,36.838992],[127.356778,36.837761],[127.355158,36.836517],[127.353554,36.835258],[127.351967,36.833986],[127.350398,36.8327],[127.348846,36.8314],[127.347311,36.830087],[127.345794,36.82876],[127.344296,36.827421],[127.342815,36.826068],[127.341353,36.824703],[127.339909,36.823325],[127.338484,36.821935],[127.337077,36.820532],[127.33569,36.819117],[127.334321,36.81769],[127.332972,36.816252],[127.331643,36.814802],[127.330333,36.81334],[127.329043,36.811867],[127.327772,36.810383],[127.326522,36.808888],[127.325292,36.807382],[127.324082,36.805865],[127.322893,36.804338],[127.321724,36.802801],[127.320576,36.801254],[127.319449,36.799697],[127.318343,36.79813],[127.317259,36.796554],[127.316195,36.794968],[127.315153,36.793373],[127.314132,36.79177],[127.313133,36.790157],[127.312156,36.788536],[127.3112,36.786906],[127.310267,36.785269],[127.309355,36.783623],[127.308466,36.781969],[127.307599,36.780308],[127.306755,36.778639],[127.305932,36.776963],[127.305133,36.77528],[127.304356,36.773591],[127.303602,36.771894],[127.302871,36.770191],[127.302162,36.768482],[127.301477,36.766767],[127.300815,36.765046],[127.300176,36.763319],[127.29956,36.761587],[127.298967,36.759849],[127.298398,36.758107],[127.297853,36.756359],[127.29733,36.754607],[127.296832,36.752851],[127.296357,36.75109],[127.295905,36.749326],[127.295478,36.747557],[127.295074,36.745785],[127.294694,36.744009],[127.294337,36.742231],[127.294005,36.740449],[127.293697,36.738665],[127.293412,36.736877],[127.293152,36.735088],[127.292915,36.733296],[127.292703,36.731503],[127.292515,36.729708],[127.292351,36.727911],[127.292211,36.726113],[127.292095,36.724313],[127.292003,36.722513],[127.291935,36.720712],[127.291892,36.718911],[127.291872,36.717109],[127.291877,36.715308],[127.291906,36.713506],[127.291959,36.711705],[127.292037,36.709904],[127.292138,36.708104],[127.292264,36.706306],[127.292413,36.704508],[127.292587,36.702712],[127.292785,36.700917],[127.293007,36.699124],[127.293253,36.697333],[127.293522,36.695545],[127.293816,36.693759],[127.294134,36.691975],[127.294475,36.690195],[127.294841,36.688417],[127.29523,36.686643],[127.295643,36.684872],[127.29608,36.683105],[127.29654,36.681342],[127.297024,36.679583],[127.297531,36.677828],[127.298062,36.676078],[127.298616,36.674332],[127.299194,36.672592],[127.299795,36.670856],[127.300419,36.669126],[127.301066,36.667402],[127.301736,36.665683],[127.302429,36.66397],[127.303145,36.662263],[127.303884,36.660562],[127.304646,36.658868],[127.30543,36.657181],[127.306236,36.655501],[127.307066,36.653827],[127.307917,36.652161],[127.308791,36.650503],[127.309687,36.648852],[127.310604,36.647209],[127.311544,36.645574],[127.312506,36.643948],[127.313489,36.64233],[127.314494,36.64072],[127.31552,36.63912],[127.316568,36.637528],[127.317637,36.635946],[127.318727,36.634372],[127.319838,36.632809],[127.32097,36.631255],[127.322122,36.629711],[127.323295,36.628178],[127.324488,36.626654],[127.325702,36.625141],[127.326936,36.623639],[127.32819,36.622147],[127.329464,36.620667],[127.330757,36.619197],[127.33207,36.617739],[127.333403,36.616293],[127.334754,36.614858],[127.336125,36.613435],[127.337515,36.612024],[127.338923,36.610625],[127.34035,36.609238],[127.341796,36.607864],[127.343259,36.606503],[127.344741,36.605154],[127.346241,36.603818],[127.347758,36.602496],[127.349293,36.601186],[127.350846,36.599891],[127.352415,36.598608],[127.354002,36.59734],[127.355606,36.596085],[127.357226,36.594844],[127.358862,36.593617],[127.360515,36.592405],[127.362184,36.591207],[127.363869,36.590024],[127.36557,36.588855],[127.367286,36.587702],[127.369017,36.586563],[127.370764,36.585439],[127.372525,36.584331],[127.374301,36.583238],[127.376092,36.58216],[127.377896,36.581098],[127.379715,36.580052],[127.381548,36.579022],[127.383394,36.578008],[127.385254,36.57701],[127.387127,36.576028],[127.389013,36.575062],[127.390912,36.574113],[127.392823,36.57318],[127.394746,36.572264],[127.396682,36.571365],[127.397601,36.578865],[127.398588,36.5848],[127.402492,36.596086],[127.408319,36.606819],[127.415958,36.61679],[127.425256,36.625797],[127.451389,36.6425],[127.456707,36.640224],[127.462914,36.638178],[127.46774,36.636874],[127.47385,36.635666],[127.481344,36.634183],[127.488403,36.633393],[127.496905,36.632958],[127.502003,36.633014],[127.508072,36.633247],[127.514731,36.633886],[127.519856,36.63469],[127.527826,36.636195],[127.534208,36.637857],[127.540443,36.639847],[127.546813,36.642289],[127.557788,36.637176],[127.568505,36.630574],[127.57919,36.621622],[127.587208,36.612905],[127.594016,36.603258],[127.600458,36.588885],[127.603169,36.576323],[127.603247,36.572106],[127.603587,36.572264],[127.605511,36.57318],[127.607422,36.574113],[127.609321,36.575062],[127.611206,36.576028],[127.613079,36.57701],[127.614939,36.578008],[127.616785,36.579022],[127.618618,36.580052],[127.620437,36.581098],[127.622242,36.58216],[127.624032,36.583238],[127.625808,36.584331],[127.62757,36.585439],[127.629316,36.586563],[127.631047,36.587702],[127.632764,36.588855],[127.634464,36.590024],[127.636149,36.591207],[127.637818,36.592405],[127.639471,36.593617],[127.641107,36.594844],[127.642728,36.596085],[127.644331,36.59734],[127.645918,36.598608],[127.647488,36.599891],[127.64904,36.601186],[127.650575,36.602496],[127.652092,36.603818],[127.653592,36.605154],[127.655074,36.606503],[127.656538,36.607864],[127.657983,36.609238],[127.65941,36.610625],[127.660819,36.612024],[127.662208,36.613435],[127.663579,36.614858],[127.664931,36.616293],[127.666263,36.617739],[127.667576,36.619197],[127.66887,36.620667],[127.670143,36.622147],[127.671397,36.623639],[127.672631,36.625141],[127.673845,36.626654],[127.675038,36.628178],[127.676211,36.629711],[127.677364,36.631255],[127.678496,36.632809],[127.679607,36.634372],[127.680696,36.635946],[127.681765,36.637528],[127.682813,36.63912],[127.683839,36.64072],[127.684844,36.64233],[127.685827,36.643948],[127.686789,36.645574],[127.687729,36.647209],[127.688647,36.648852],[127.689543,36.650503],[127.690416,36.652161],[127.691268,36.653827],[127.692097,36.655501],[127.692904,36.657181],[127.693688,36.658868],[127.694449,36.660562],[127.695188,36.662263],[127.695904,36.66397],[127.696597,36.665683],[127.697268,36.667402],[127.697915,36.669126],[127.698539,36.670856],[127.69914,36.672592],[127.699717,36.674332],[127.700271,36.676078],[127.700802,36.677828],[127.70131,36.679583],[127.701793,36.681342],[127.702254,36.683105],[127.70269,36.684872],[127.703103,36.686643],[127.703493,36.688417],[127.703858,36.690195],[127.704199,36.691975],[127.704517,36.693759],[127.704811,36.695545],[127.705081,36.697333],[127.705327,36.699124],[127.705549,36.700917],[127.705746,36.702712],[127.70592,36.704508],[127.70607,36.706306],[127.706195,36.708104],[127.706297,36.709904],[127.706374,36.711705],[127.706427,36.713506],[127.706456,36.715308],[127.706461,36.717109],[127.706442,36.718911],[127.706398,36.720712],[127.706331,36.722513],[127.706239,36.724313],[127.706123,36.726113],[127.705983,36.727911],[127.705819,36.729708],[127.70563,36.731503],[127.705418,36.733296],[127.705182,36.735088],[127.704921,36.736877],[127.704637,36.738665],[127.704328,36.740449],[127.703996,36.742231],[127.70364,36.744009],[127.70326,36.745785],[127.702856,36.747557],[127.702428,36.749326],[127.701977,36.75109],[127.701502,36.752851],[127.701003,36.754607],[127.700481,36.756359],[127.699935,36.758107],[127.699366,36.759849],[127.698773,36.761587],[127.698158,36.763319],[127.697518,36.765046],[127.696856,36.766767],[127.696171,36.768482],[127.695463,36.770191],[127.694731,36.771894],[127.693977,36.773591],[127.6932,36.77528],[127.692401,36.776963],[127.691579,36.778639],[127.690734,36.780308],[127.689867,36.781969],[127.688978,36.783623],[127.688067,36.785269],[127.687133,36.786906],[127.686178,36.788536],[127.6852,36.790157],[127.684201,36.79177],[127.683181,36.793373],[127.682138,36.794968],[127.681075,36.796554],[127.67999,36.79813],[127.678884,36.799697],[127.677757,36.801254],[127.676609,36.802801],[127.67544,36.804338],[127.674251,36.805865],[127.673041,36.807382],[127.671811,36.808888],[127.670561,36.810383],[127.669291,36.811867],[127.668,36.81334],[127.66669,36.814802],[127.665361,36.816252],[127.664012,36.81769],[127.662644,36.819117],[127.661256,36.820532],[127.65985,36.821935],[127.658425,36.823325],[127.656981,36.824703],[127.655518,36.826068],[127.654038,36.827421],[127.652539,36.82876],[127.651022,36.830087],[127.649488,36.8314],[127.647936,36.8327],[127.646366,36.833986],[127.64478,36.835258],[127.643176,36.836517],[127.641555,36.837761],[127.639918,36.838992],[127.638264,36.840208],[127.636594,36.84141],[127.634908,36.842597],[127.633206,36.843769],[127.631488,36.844927],[127.629755,36.846069],[127.628006,36.847197],[127.626242,36.848309],[127.624464,36.849405],[127.622671,36.850487],[127.620863,36.851552],[127.619041,36.852602],[127.617205,36.853636],[127.615355,36.854654],[127.613492,36.855656],[127.611615,36.856641],[127.609725,36.85761],[127.607822,36.858563],[127.605906,36.859499],[127.603978,36.860418],[127.602037,36.861321],[127.600085,36.862206],[127.59812,36.863075],[127.596144,36.863926],[127.594157,36.864761],[127.592158,36.865577],[127.590149,36.866377],[127.588129,36.867159],[127.586098,36.867923],[127.584058,36.86867],[127.582007,36.869399],[127.579947,36.87011],[127.577877,36.870803],[127.575798,36.871478],[127.57371,36.872135],[127.571613,36.872774],[127.569508,36.873394],[127.567394,36.873996],[127.565273,36.87458],[127.563143,36.875146],[127.561007,36.875692],[127.558863,36.87622],[127.556711,36.87673],[127.554554,36.877221],[127.552389,36.877693],[127.550219,36.878146],[127.548042,36.87858],[127.54586,36.878995],[127.543672,36.879392],[127.541479,36.879769],[127.539282,36.880127],[127.537079,36.880466],[127.534872,36.880786],[127.532661,36.881087],[127.530445,36.881368],[127.528227,36.881631],[127.526004,36.881873],[127.523779,36.882097],[127.521551,36.882301],[127.51932,36.882486],[127.517087,36.882652],[127.514851,36.882798],[127.512614,36.882924],[127.510375,36.883031],[127.508135,36.883119],[127.505894,36.883187],[127.503652,36.883236],[127.501409,36.883265],[127.499167,36.883275]]]]}}]}
