{
  "type": "FeatureCollection",
  "features": [
    {
      "type": "Feature",
      "id": "A582-001",
      "geometry": {
        "type": "MultiLineString",
        "coordinates": [
          [
            [
              126.92833333333334,
              37.41361111111111
            ],
            [
              126.99305555555556,
              37.21361111111111
            ]
          ]
        ]
      },
      "properties": {
        "ident_txt": "A582",
        "length_val": "12.4NM"
      },
      "bbox": [
        126.92833333333334,
        37.21361111111111,
        126.99305555555556,
        37.41361111111111
      ]
    },
    {
      "type": "Feature",
      "id": "A582-002",
      "geometry": {
        "type": "MultiLineString",
        "coordinates": [
          [
            [
              126.99305555555556,
              37.21361111111111
            ],
            [
              127.03166666666667,
              37.09444444444445
            ]
          ]
        ]
      },
      "properties": {
        "ident_txt": "A582",
        "length_val": "7.4NM"
      },
      "bbox": [
        126.99305555555556,
        37.09444444444445,
        127.03166666666667,
        37.21361111111111
      ]
    },
    {
      "type": "Feature",
      "id": "A582-003",
      "geometry": {
        "type": "MultiLineString",
        "coordinates": [
          [
            [
              127.03166666666667,
              37.09444444444445
            ],
            [
              127.34861111111111,
              36.83833333333334
            ]
          ]
        ]
      },
      "properties": {
        "ident_txt": "A582",
        "length_val": "21.6NM"
      },
      "bbox": [
        127.03166666666667,
        36.83833333333334,
        127.34861111111111,
        37.09444444444445
      ]
    },
    {
      "type": "Feature",
      "id": "A582-004",
      "geometry": {
        "type": "MultiLineString",
        "coordinates": [
          [
            [
              127.34861111111111,
              36.83833333333334
            ],
            [
              127.50083333333333,
              36.714444444444446
            ]
          ]
        ]
      },
      "properties": {
        "ident_txt": "A582",
        "length_val": "10.4NM"
      },
      "bbox": [
        127.34861111111111,
        36.714444444444446,
        127.50083333333333,
        36.83833333333334
      ]
    },
    {
      "type": "Feature",
      "id": "A582-005",
      "geometry": {
        "type": "MultiLineString",
        "coordinates": [
          [
            [
              127.50083333333333,
              36.714444444444446
            ],
            [
              127.81916666666666,
              36.45333333333333
            ]
          ]
        ]
      },
      "properties": {
        "ident_txt": "A582",
        "length_val": "21.9NM"
      },
      "bbox": [
        127.50083333333333,
        36.45333333333333,
        127.81916666666666,
        36.714444444444446
      ]
    },
    {
      "type": "Feature",
      "id": "A582-006",
      "geometry": {
        "type": "MultiLineString",
        "coordinates": [
          [
            [
              127.81916666666666,
              36.45333333333333
            ],
            [
              128.03,
              36.27916666666667
            ]
          ]
        ]
      },
      "properties": {
        "ident_txt": "A582",
        "length_val": "14.6NM"
      },
      "bbox": [
        127.81916666666666,
        36.27916666666667,
        128.03,
        36.45333333333333
      ]
    },
    {
      "type": "Feature",
      "id": "A582-007",
      "geometry": {
        "type": "MultiLineString",
        "coordinates": [
          [
            [
              128.03,
              36.27916666666667
            ],
            [
              128.59083333333334,
              35.80972222222222
            ]
          ]
        ]
      },
      "properties": {
        "ident_txt": "A582",
        "length_val": "39.2NM"
      },
      "bbox": [
        128.03,
        35.80972222222222,
        128.59083333333334,
        36.27916666666667
      ]
    },
    {
      "type": "Feature",
      "id": "A582-008",
      "geometry": {
        "type": "MultiLineString",
        "coordinates": [
          [
            [
              128.59083333333334,
              35.80972222222222
            ],
            [
              128.7738888888889,
              35.50333333333333
            ]
          ]
        ]
      },
      "properties": {
        "ident_txt": "A582",
        "length_val": "20.4NM"
      },
      "bbox": [
        128.59083333333334,
        35.50333333333333,
        128.7738888888889,
        35.80972222222222
      ]
    },
    {
      "type": "Feature",
      "id": "A582-009",
      "geometry": {
        "type": "MultiLineString",
        "coordinates": [
          [
            [
              128.7738888888889,
              35.50333333333333
            ],
            [
              128.99944444444444,
              35.1225
            ]
          ]
        ]
      },
      "properties": {
        "ident_txt": "A582",
        "length_val": "25.4NM"
      },
      "bbox": [
        128.7738888888889,
        35.1225,
        128.99944444444444,
        35.50333333333333
      ]
    },
    {
      "type": "Feature",
      "id": "A582-010",
      "geometry": {
        "type": "MultiLineString",
        "coordinates": [
          [
            [
              128.99944444444444,
              35.1225
            ],
            [
              129.23333333333332,
              34.723055555555554
            ]
          ]
        ]
      },
      "properties": {
        "ident_txt": "A582",
        "length_val": "26.6NM"
      },
      "bbox": [
        128.99944444444444,
        34.723055555555554,
        129.23333333333332,
        35.1225
      ]
    },
    {
      "type": "Feature",
      "id": "A586-001",
      "geometry": {
        "type": "MultiLineString",
        "coordinates": [
          [
            [
              131.57416666666666,
              37.638888888888886
            ],
            [
              130.67888888888888,
              36.755833333333335
            ]
          ]
        ]
      },
      "properties": {
        "ident_txt": "A586",
        "length_val": "68.1NM"
      },
      "bbox": [
        130.67888888888888,
        36.755833333333335,
        131.57416666666666,
        37.638888888888886
      ]
    },
    {
      "type": "Feature",
      "id": "A586-002",
      "geometry": {
        "type": "MultiLineString",
        "coordinates": [
          [
            [
              130.67888888888888,
              36.755833333333335
            ],
            [
              130.1952777777778,
              36.29527777777778
            ]
          ]
        ]
      },
      "properties": {
        "ident_txt": "A586",
        "length_val": "36.2NM"
      },
      "bbox": [
        130.1952777777778,
        36.29527777777778,
        130.67888888888888,
        36.755833333333335
      ]
    },
    {
      "type": "Feature",
      "id": "A586-003",
      "geometry": {
        "type": "MultiLineString",
        "coordinates": [
          [
            [
              130.1952777777778,
              36.29527777777778
            ],
            [
              129.82333333333332,
              35.93583333333333
            ]
          ]
        ]
      },
      "properties": {
        "ident_txt": "A586",
        "length_val": "28.1NM"
      },
      "bbox": [
        129.82333333333332,
        35.93583333333333,
        130.1952777777778,
        36.29527777777778
      ]
    },
    {
      "type": "Feature",
      "id": "A586-004",
      "geometry": {
        "type": "MultiLineString",
        "coordinates": [
          [
            [
              129.82333333333332,
              35.93583333333333
            ],
            [
              129.29833333333332,
              35.42027777777778
            ]
          ]
        ]
      },
      "properties": {
        "ident_txt": "A586",
        "length_val": "40.2NM"
      },
      "bbox": [
        129.29833333333332,
        35.42027777777778,
        129.82333333333332,
        35.93583333333333
      ]
    },
    {
      "type": "Feature",
      "id": "A586-005",
      "geometry": {
        "type": "MultiLineString",
        "coordinates": [
          [
            [
              129.29833333333332,
              35.42027777777778
            ],
            [
              128.99944444444444,
              35.1225
            ]
          ]
        ]
      },
      "properties": {
        "ident_txt": "A586",
        "length_val": "23.1NM"
      },
      "bbox": [
        128.99944444444444,
        35.1225,
        129.29833333333332,
        35.42027777777778
      ]
    },
    {
      "type": "Feature",
      "id": "A586-006",
      "geometry": {
        "type": "MultiLineString",
        "coordinates": [
          [
            [
              128.99944444444444,
              35.1225
            ],
            [
              128.83944444444447,
              35.009166666666665
            ]
          ]
        ]
      },
      "properties": {
        "ident_txt": "A586",
        "length_val": "10.4NM"
      },
      "bbox": [
        128.83944444444447,
        35.009166666666665,
        128.99944444444444,
        35.1225
      ]
    },
    {
      "type": "Feature",
      "id": "A586-007",
      "geometry": {
        "type": "MultiLineString",
        "coordinates": [
          [
            [
              128.83944444444447,
              35.009166666666665
            ],
            [
              128.49777777777777,
              34.765277777777776
            ]
          ]
        ]
      },
      "properties": {
        "ident_txt": "A586",
        "length_val": "22.3NM"
      },
      "bbox": [
        128.49777777777777,
        34.765277777777776,
        128.83944444444447,
        35.009166666666665
      ]
    },
    {
      "type": "Feature",
      "id": "A586-008",
      "geometry": {
        "type": "MultiLineString",
        "coordinates": [
          [
            [
              128.49777777777777,
              34.765277777777776
            ],
            [
              127.79277777777777,
              34.25472222222222
            ]
          ]
        ]
      },
      "properties": {
        "ident_txt": "A586",
        "length_val": "46.4NM"
      },
      "bbox": [
        127.79277777777777,
        34.25472222222222,
        128.49777777777777,
        34.765277777777776
      ]
    },
    {
      "type": "Feature",
      "id": "A586-009",
      "geometry": {
        "type": "MultiLineString",
        "coordinates": [
          [
            [
              127.79277777777777,
              34.25472222222222
            ],
            [
              127.33138888888888,
              33.91444444444444
            ]
          ]
        ]
      },
      "properties": {
        "ident_txt": "A586",
        "length_val": "30.7NM"
      },
      "bbox": [
        127.33138888888888,
        33.91444444444444,
        127.79277777777777,
        34.25472222222222
      ]
    },
    {
      "type": "Feature",
      "id": "A586-010",
      "geometry": {
        "type": "MultiLineString",
        "coordinates": [
          [
            [
              127.33138888888888,
              33.91444444444444
            ],
            [
              127.07305555555556,
              33.72222222222222
            ]
          ]
        ]
      },
      "properties": {
        "ident_txt": "A586",
        "length_val": "17.3NM"
      },
      "bbox": [
        127.07305555555556,
        33.72222222222222,
        127.33138888888888,
        33.91444444444444
      ]
    },
    {
      "type": "Feature",
      "id": "A586-011",
      "geometry": {
        "type": "MultiLineString",
        "coordinates": [
          [
            [
              127.07305555555556,
              33.72222222222222
            ],
            [
              126.92055555555557,
              33.60805555555556
            ]
          ]
        ]
      },
      "properties": {
        "ident_txt": "A586",
        "length_val": "10.3NM"
      },
      "bbox": [
        126.92055555555557,
        33.60805555555556,
        127.07305555555556,
        33.72222222222222
      ]
    },
    {
      "type": "Feature",
      "id": "A586-012",
      "geometry": {
        "type": "MultiLineString",
        "coordinates": [
          [
            [
              126.92055555555557,
              33.60805555555556
            ],
            [
              126.62416666666665,
              33.38472222222222
            ]
          ]
        ]
      },
      "properties": {
        "ident_txt": "A586",
        "length_val": "20.0NM"
      },
      "bbox": [
        126.62416666666665,
        33.38472222222222,
        126.92055555555557,
        33.60805555555556
      ]
    },
    {
      "type": "Feature",
      "id": "A586-013",
      "geometry": {
        "type": "MultiLineString",
        "coordinates": [
          [
            [
              126.62416666666665,
              33.38472222222222
            ],
            [
              126.77194444444444,
              33.00333333333333
            ]
          ]
        ]
      },
      "properties": {
        "ident_txt": "A586",
        "length_val": "24.0NM"
      },
      "bbox": [
        126.62416666666665,
        33.00333333333333,
        126.77194444444444,
        33.38472222222222
      ]
    },
    {
      "type": "Feature",
      "id": "A586-014",
      "geometry": {
        "type": "MultiLineString",
        "coordinates": [
          [
            [
              126.77194444444444,
              33.00333333333333
            ],
            [
              126.96472222222222,
              32.50333333333333
            ]
          ]
        ]
      },
      "properties": {
        "ident_txt": "A586",
        "length_val": "31.5NM"
      },
      "bbox": [
        126.77194444444444,
        32.50333333333333,
        126.96472222222222,
        33.00333333333333
      ]
    },
    {
      "type": "Feature",
      "id": "A593-001",
      "geometry": {
        "type": "MultiLineString",
        "coordinates": [
          [
            [
              126.65472222222223,
              32.19499999999999
            ],
            [
              126.05805555555555,
              32.065
            ]
          ]
        ]
      },
      "properties": {
        "ident_txt": "A593",
        "length_val": "31.4NM"
      },
      "bbox": [
        126.05805555555555,
        32.065,
        126.65472222222223,
        32.19499999999999
      ]
    },
    {
      "type": "Feature",
      "id": "A593-002",
      "geometry": {
        "type": "MultiLineString",
        "coordinates": [
          [
            [
              126.05805555555555,
              32.065
            ],
            [
              125.78305555555555,
              32.005833333333335
            ]
          ]
        ]
      },
      "properties": {
        "ident_txt": "A593",
        "length_val": "14.5NM"
      },
      "bbox": [
        125.78305555555555,
        32.005833333333335,
        126.05805555555555,
        32.065
      ]
    },
    {
      "type": "Feature",
      "id": "A593-003",
      "geometry": {
        "type": "MultiLineString",
        "coordinates": [
          [
            [
              125.78305555555555,
              32.005833333333335
            ],
            [
              125.0,
              31.83
            ]
          ]
        ]
      },
      "properties": {
        "ident_txt": "A593",
        "length_val": "41.4NM"
      },
      "bbox": [
        125.0,
        31.83,
        125.78305555555555,
        32.005833333333335
      ]
    },
    {
      "type": "Feature",
      "id": "A593-004",
      "geometry": {
        "type": "MultiLineString",
        "coordinates": [
          [
            [
              125.0,
              31.83
            ],
            [
              124.0,
              31.610000000000003
            ]
          ]
        ]
      },
      "properties": {
        "ident_txt": "A593",
        "length_val": "52.8NM"
      },
      "bbox": [
        124.0,
        31.610000000000003,
        125.0,
        31.83
      ]
    },
    {
      "type": "Feature",
      "id": "A595-001",
      "geometry": {
        "type": "MultiLineString",
        "coordinates": [
          [
            [
              126.62416666666665,
              33.38472222222222
            ],
            [
              127.33138888888888,
              33.47083333333334
            ]
          ]
        ]
      },
      "properties": {
        "ident_txt": "A595",
        "length_val": "35.9NM"
      },
      "bbox": [
        126.62416666666665,
        33.38472222222222,
        127.33138888888888,
        33.47083333333334
      ]
    },
    {
      "type": "Feature",
      "id": "A595-002",
      "geometry": {
        "type": "MultiLineString",
        "coordinates": [
          [
            [
              127.33138888888888,
              33.47083333333334
            ],
            [
              128.31583333333336,
              33.58416666666667
            ]
          ]
        ]
      },
      "properties": {
        "ident_txt": "A595",
        "length_val": "49.8NM"
      },
      "bbox": [
        127.33138888888888,
        33.47083333333334,
        128.31583333333336,
        33.58416666666667
      ]
    },
    {
      "type": "Feature",
      "id": "B332-001",
      "geometry": {
        "type": "MultiLineString",
        "coordinates": [
          [
            [
              132.475,
              38.63333333333333
            ],
            [
              132.60694444444445,
              37.97027777777778
            ]
          ]
        ]
      },
      "properties": {
        "ident_txt": "B332",
        "length_val": "40.2NM"
      },
      "bbox": [
        132.475,
        37.97027777777778,
        132.60694444444445,
        38.63333333333333
      ]
    },
    {
      "type": "Feature",
      "id": "B332-002",
      "geometry": {
        "type": "MultiLineString",
        "coordinates": [
          [
            [
              132.60694444444445,
              37.97027777777778
            ],
            [
              132.67194444444445,
              37.64138888888889
            ]
          ]
        ]
      },
      "properties": {
        "ident_txt": "B332",
        "length_val": "19.9NM"
      },
      "bbox": [
        132.60694444444445,
        37.64138888888889,
        132.67194444444445,
        37.97027777777778
      ]
    },
    {
      "type": "Feature",
      "id": "B332-003",
      "geometry": {
        "type": "MultiLineString",
        "coordinates": [
          [
            [
              132.67194444444445,
              37.64138888888889
            ],
            [
              132.73638888888888,
              37.312777777777775
            ]
          ]
        ]
      },
      "properties": {
        "ident_txt": "B332",
        "length_val": "19.9NM"
      },
      "bbox": [
        132.67194444444445,
        37.312777777777775,
        132.73638888888888,
        37.64138888888889
      ]
    },
    {
      "type": "Feature",
      "id": "B467-001",
      "geometry": {
        "type": "MultiLineString",
        "coordinates": [
          [
            [
              128.7538888888889,
              37.700833333333335
            ],
            [
              129.68444444444444,
              37.687777777777775
            ]
          ]
        ]
      },
      "properties": {
        "ident_txt": "B467",
        "length_val": "44.3NM"
      },
      "bbox": [
        128.7538888888889,
        37.687777777777775,
        129.68444444444444,
        37.700833333333335
      ]
    },
    {
      "type": "Feature",
      "id": "B467-002",
      "geometry": {
        "type": "MultiLineString",
        "coordinates": [
          [
            [
              129.68444444444444,
              37.687777777777775
            ],
            [
              129.8475,
              37.68472222222222
            ]
          ]
        ]
      },
      "properties": {
        "ident_txt": "B467",
        "length_val": "7.8NM"
      },
      "bbox": [
        129.68444444444444,
        37.68472222222222,
        129.8475,
        37.687777777777775
      ]
    },
    {
      "type": "Feature",
      "id": "B467-003",
      "geometry": {
        "type": "MultiLineString",
        "coordinates": [
          [
            [
              129.8475,
              37.68472222222222
            ],
            [
              130.26944444444445,
              37.67583333333333
            ]
          ]
        ]
      },
      "properties": {
        "ident_txt": "B467",
        "length_val": "20.1NM"
      },
      "bbox": [
        129.8475,
        37.67583333333333,
        130.26944444444445,
        37.68472222222222
      ]
    },
    {
      "type": "Feature",
      "id": "B467-004",
      "geometry": {
        "type": "MultiLineString",
        "coordinates": [
          [
            [
              130.26944444444445,
              37.67583333333333
            ],
            [
              131.57416666666666,
              37.638888888888886
            ]
          ]
        ]
      },
      "properties": {
        "ident_txt": "B467",
        "length_val": "62.2NM"
      },
      "bbox": [
        130.26944444444445,
        37.638888888888886,
        131.57416666666666,
        37.67583333333333
      ]
    },
    {
      "type": "Feature",
      "id": "B467-005",
      "geometry": {
        "type": "MultiLineString",
        "coordinates": [
          [
            [
              131.57416666666666,
              37.638888888888886
            ],
            [
              131.81777777777776,
              37.91111111111111
            ]
          ]
        ]
      },
      "properties": {
        "ident_txt": "B467",
        "length_val": "20.0NM"
      },
      "bbox": [
        131.57416666666666,
        37.638888888888886,
        131.81777777777776,
        37.91111111111111
      ]
    },
    {
      "type": "Feature",
      "id": "B467-006",
      "geometry": {
        "type": "MultiLineString",
        "coordinates": [
          [
            [
              131.81777777777776,
              37.91111111111111
            ],
            [
              132.475,
              38.63333333333333
            ]
          ]
        ]
      },
      "properties": {
        "ident_txt": "B467",
        "length_val": "53.3NM"
      },
      "bbox": [
        131.81777777777776,
        37.91111111111111,
        132.475,
        38.63333333333333
      ]
    },
    {
      "type": "Feature",
      "id": "B576-001",
      "geometry": {
        "type": "MultiLineString",
        "coordinates": [
          [
            [
              126.92833333333334,
              37.41361111111111
            ],
            [
              126.99305555555556,
              37.21361111111111
            ]
          ]
        ]
      },
      "properties": {
        "ident_txt": "B576",
        "length_val": "12.4NM"
      },
      "bbox": [
        126.92833333333334,
        37.21361111111111,
        126.99305555555556,
        37.41361111111111
      ]
    },
    {
      "type": "Feature",
      "id": "B576-002",
      "geometry": {
        "type": "MultiLineString",
        "coordinates": [
          [
            [
              126.99305555555556,
              37.21361111111111
            ],
            [
              127.03166666666667,
              37.09444444444445
            ]
          ]
        ]
      },
      "properties": {
        "ident_txt": "B576",
        "length_val": "7.4NM"
      },
      "bbox": [
        126.99305555555556,
        37.09444444444445,
        127.03166666666667,
        37.21361111111111
      ]
    },
    {
      "type": "Feature",
      "id": "B576-003",
      "geometry": {
        "type": "MultiLineString",
        "coordinates": [
          [
            [
              127.03166666666667,
              37.09444444444445
            ],
            [
              126.99111111111111,
              36.73694444444445
            ]
          ]
        ]
      },
      "properties": {
        "ident_txt": "B576",
        "length_val": "21.5NM"
      },
      "bbox": [
        126.99111111111111,
        36.73694444444445,
        127.03166666666667,
        37.09444444444445
      ]
    },
    {
      "type": "Feature",
      "id": "B576-004",
      "geometry": {
        "type": "MultiLineString",
        "coordinates": [
          [
            [
              126.99111111111111,
              36.73694444444445
            ],
            [
              126.95138888888889,
              36.38638888888889
            ]
          ]
        ]
      },
      "properties": {
        "ident_txt": "B576",
        "length_val": "21.1NM"
      },
      "bbox": [
        126.95138888888889,
        36.38638888888889,
        126.99111111111111,
        36.73694444444445
      ]
    },
    {
      "type": "Feature",
      "id": "B576-005",
      "geometry": {
        "type": "MultiLineString",
        "coordinates": [
          [
            [
              126.95138888888889,
              36.38638888888889
            ],
            [
              126.89694444444446,
              35.897777777777776
            ]
          ]
        ]
      },
      "properties": {
        "ident_txt": "B576",
        "length_val": "29.4NM"
      },
      "bbox": [
        126.89694444444446,
        35.897777777777776,
        126.95138888888889,
        36.38638888888889
      ]
    },
    {
      "type": "Feature",
      "id": "B576-006",
      "geometry": {
        "type": "MultiLineString",
        "coordinates": [
          [
            [
              126.89694444444446,
              35.897777777777776
            ],
            [
              126.85527777777777,
              35.52111111111111
            ]
          ]
        ]
      },
      "properties": {
        "ident_txt": "B576",
        "length_val": "22.7NM"
      },
      "bbox": [
        126.85527777777777,
        35.52111111111111,
        126.89694444444446,
        35.897777777777776
      ]
    },
    {
      "type": "Feature",
      "id": "B576-007",
      "geometry": {
        "type": "MultiLineString",
        "coordinates": [
          [
            [
              126.85527777777777,
              35.52111111111111
            ],
            [
              126.81222222222222,
              35.126111111111115
            ]
          ]
        ]
      },
      "properties": {
        "ident_txt": "B576",
        "length_val": "23.8NM"
      },
      "bbox": [
        126.81222222222222,
        35.126111111111115,
        126.85527777777777,
        35.52111111111111
      ]
    },
    {
      "type": "Feature",
      "id": "B576-008",
      "geometry": {
        "type": "MultiLineString",
        "coordinates": [
          [
            [
              126.81222222222222,
              35.126111111111115
            ],
            [
              126.71694444444445,
              34.25416666666667
            ]
          ]
        ]
      },
      "properties": {
        "ident_txt": "B576",
        "length_val": "52.5NM"
      },
      "bbox": [
        126.71694444444445,
        34.25416666666667,
        126.81222222222222,
        35.126111111111115
      ]
    },
    {
      "type": "Feature",
      "id": "B576-009",
      "geometry": {
        "type": "MultiLineString",
        "coordinates": [
          [
            [
              126.71694444444445,
              34.25416666666667
            ],
            [
              126.62416666666665,
              33.38472222222222
            ]
          ]
        ]
      },
      "properties": {
        "ident_txt": "B576",
        "length_val": "52.3NM"
      },
      "bbox": [
        126.62416666666665,
        33.38472222222222,
        126.71694444444445,
        34.25416666666667
      ]
    },
    {
      "type": "Feature",
      "id": "B576-010",
      "geometry": {
        "type": "MultiLineString",
        "coordinates": [
          [
            [
              126.62416666666665,
              33.38472222222222
            ],
            [
              126.45972222222223,
              33.00333333333333
            ]
          ]
        ]
      },
      "properties": {
        "ident_txt": "B576",
        "length_val": "24.3NM"
      },
      "bbox": [
        126.45972222222223,
        33.00333333333333,
        126.62416666666665,
        33.38472222222222
      ]
    },
    {
      "type": "Feature",
      "id": "B576-011",
      "geometry": {
        "type": "MultiLineString",
        "coordinates": [
          [
            [
              126.45972222222223,
              33.00333333333333
            ],
            [
              126.26,
              32.53972222222222
            ]
          ]
        ]
      },
      "properties": {
        "ident_txt": "B576",
        "length_val": "29.5NM"
      },
      "bbox": [
        126.26,
        32.53972222222222,
        126.45972222222223,
        33.00333333333333
      ]
    },
    {
      "type": "Feature",
      "id": "B576-012",
      "geometry": {
        "type": "MultiLineString",
        "coordinates": [
          [
            [
              126.26,
              32.53972222222222
            ],
            [
              126.05805555555555,
              32.065
            ]
          ]
        ]
      },
      "properties": {
        "ident_txt": "B576",
        "length_val": "30.2NM"
      },
      "bbox": [
        126.05805555555555,
        32.065,
        126.26,
        32.53972222222222
      ]
    },
    {
      "type": "Feature",
      "id": "B576-013",
      "geometry": {
        "type": "MultiLineString",
        "coordinates": [
          [
            [
              126.05805555555555,
              32.065
            ],
            [
              125.93805555555556,
              31.781388888888888
            ]
          ]
        ]
      },
      "properties": {
        "ident_txt": "B576",
        "length_val": "18.1NM"
      },
      "bbox": [
        125.93805555555556,
        31.781388888888888,
        126.05805555555555,
        32.065
      ]
    },
    {
      "type": "Feature",
      "id": "B576-014",
      "geometry": {
        "type": "MultiLineString",
        "coordinates": [
          [
            [
              125.93805555555556,
              31.781388888888888
            ],
            [
              125.85777777777777,
              31.590555555555554
            ]
          ]
        ]
      },
      "properties": {
        "ident_txt": "B576",
        "length_val": "12.1NM"
      },
      "bbox": [
        125.85777777777777,
        31.590555555555554,
        125.93805555555556,
        31.781388888888888
      ]
    },
    {
      "type": "Feature",
      "id": "B576-015",
      "geometry": {
        "type": "MultiLineString",
        "coordinates": [
          [
            [
              125.85777777777777,
              31.590555555555554
            ],
            [
              125.19833333333334,
              30.003611111111113
            ]
          ]
        ]
      },
      "properties": {
        "ident_txt": "B576",
        "length_val": "100.9NM"
      },
      "bbox": [
        125.19833333333334,
        30.003611111111113,
        125.85777777777777,
        31.590555555555554
      ]
    },
    {
      "type": "Feature",
      "id": "G339-001",
      "geometry": {
        "type": "MultiLineString",
        "coordinates": [
          [
            [
              128.99944444444444,
              35.1225
            ],
            [
              129.32305555555556,
              34.78861111111111
            ]
          ]
        ]
      },
      "properties": {
        "ident_txt": "G339",
        "length_val": "25.6NM"
      },
      "bbox": [
        128.99944444444444,
        34.78861111111111,
        129.32305555555556,
        35.1225
      ]
    },
    {
      "type": "Feature",
      "id": "G585-001",
      "geometry": {
        "type": "MultiLineString",
        "coordinates": [
          [
            [
              126.92833333333334,
              37.41361111111111
            ],
            [
              127.1125,
              37.3125
            ]
          ]
        ]
      },
      "properties": {
        "ident_txt": "G585",
        "length_val": "10.7NM"
      },
      "bbox": [
        126.92833333333334,
        37.3125,
        127.1125,
        37.41361111111111
      ]
    },
    {
      "type": "Feature",
      "id": "G585-002",
      "geometry": {
        "type": "MultiLineString",
        "coordinates": [
          [
            [
              127.1125,
              37.3125
            ],
            [
              127.44361111111111,
              37.12916666666667
            ]
          ]
        ]
      },
      "properties": {
        "ident_txt": "G585",
        "length_val": "19.3NM"
      },
      "bbox": [
        127.1125,
        37.12916666666667,
        127.44361111111111,
        37.3125
      ]
    },
    {
      "type": "Feature",
      "id": "G585-003",
      "geometry": {
        "type": "MultiLineString",
        "coordinates": [
          [
            [
              127.44361111111111,
              37.12916666666667
            ],
            [
              127.63972222222223,
              37.01972222222222
            ]
          ]
        ]
      },
      "properties": {
        "ident_txt": "G585",
        "length_val": "11.5NM"
      },
      "bbox": [
        127.44361111111111,
        37.01972222222222,
        127.63972222222223,
        37.12916666666667
      ]
    },
    {
      "type": "Feature",
      "id": "G585-004",
      "geometry": {
        "type": "MultiLineString",
        "coordinates": [
          [
            [
              127.63972222222223,
              37.01972222222222
            ],
            [
              127.79638888888888,
              36.931666666666665
            ]
          ]
        ]
      },
      "properties": {
        "ident_txt": "G585",
        "length_val": "9.2NM"
      },
      "bbox": [
        127.63972222222223,
        36.931666666666665,
        127.79638888888888,
        37.01972222222222
      ]
    },
    {
      "type": "Feature",
      "id": "G585-005",
      "geometry": {
        "type": "MultiLineString",
        "coordinates": [
          [
            [
              127.79638888888888,
              36.931666666666665
            ],
            [
              127.95277777777778,
              36.843611111111116
            ]
          ]
        ]
      },
      "properties": {
        "ident_txt": "G585",
        "length_val": "9.2NM"
      },
      "bbox": [
        127.79638888888888,
        36.843611111111116,
        127.95277777777778,
        36.931666666666665
      ]
    },
    {
      "type": "Feature",
      "id": "G585-006",
      "geometry": {
        "type": "MultiLineString",
        "coordinates": [
          [
            [
              127.95277777777778,
              36.843611111111116
            ],
            [
              128.16444444444446,
              36.72361111111111
            ]
          ]
        ]
      },
      "properties": {
        "ident_txt": "G585",
        "length_val": "12.5NM"
      },
      "bbox": [
        127.95277777777778,
        36.72361111111111,
        128.16444444444446,
        36.843611111111116
      ]
    },
    {
      "type": "Feature",
      "id": "G585-007",
      "geometry": {
        "type": "MultiLineString",
        "coordinates": [
          [
            [
              128.16444444444446,
              36.72361111111111
            ],
            [
              128.32527777777779,
              36.63194444444444
            ]
          ]
        ]
      },
      "properties": {
        "ident_txt": "G585",
        "length_val": "9.5NM"
      },
      "bbox": [
        128.16444444444446,
        36.63194444444444,
        128.32527777777779,
        36.72361111111111
      ]
    },
    {
      "type": "Feature",
      "id": "G585-008",
      "geometry": {
        "type": "MultiLineString",
        "coordinates": [
          [
            [
              128.32527777777779,
              36.63194444444444
            ],
            [
              128.8475,
              36.33722222222222
            ]
          ]
        ]
      },
      "properties": {
        "ident_txt": "G585",
        "length_val": "30.8NM"
      },
      "bbox": [
        128.32527777777779,
        36.33722222222222,
        128.8475,
        36.63194444444444
      ]
    },
    {
      "type": "Feature",
      "id": "G585-009",
      "geometry": {
        "type": "MultiLineString",
        "coordinates": [
          [
            [
              128.8475,
              36.33722222222222
            ],
            [
              129.47444444444446,
              35.977222222222224
            ]
          ]
        ]
      },
      "properties": {
        "ident_txt": "G585",
        "length_val": "37.3NM"
      },
      "bbox": [
        128.8475,
        35.977222222222224,
        129.47444444444446,
        36.33722222222222
      ]
    },
    {
      "type": "Feature",
      "id": "G585-010",
      "geometry": {
        "type": "MultiLineString",
        "coordinates": [
          [
            [
              129.47444444444446,
              35.977222222222224
            ],
            [
              129.82333333333332,
              35.93583333333333
            ]
          ]
        ]
      },
      "properties": {
        "ident_txt": "G585",
        "length_val": "17.2NM"
      },
      "bbox": [
        129.47444444444446,
        35.93583333333333,
        129.82333333333332,
        35.977222222222224
      ]
    },
    {
      "type": "Feature",
      "id": "G585-011",
      "geometry": {
        "type": "MultiLineString",
        "coordinates": [
          [
            [
              129.82333333333332,
              35.93583333333333
            ],
            [
              130.72361111111113,
              35.823888888888895
            ]
          ]
        ]
      },
      "properties": {
        "ident_txt": "G585",
        "length_val": "44.4NM"
      },
      "bbox": [
        129.82333333333332,
        35.823888888888895,
        130.72361111111113,
        35.93583333333333
      ]
    },
    {
      "type": "Feature",
      "id": "G597-001",
      "geometry": {
        "type": "MultiLineString",
        "coordinates": [
          [
            [
              124.0,
              37.166666666666664
            ],
            [
              124.41472222222222,
              37.18
            ]
          ]
        ]
      },
      "properties": {
        "ident_txt": "G597",
        "length_val": "19.9NM"
      },
      "bbox": [
        124.0,
        37.166666666666664,
        124.41472222222222,
        37.18
      ]
    },
    {
      "type": "Feature",
      "id": "G597-002",
      "geometry": {
        "type": "MultiLineString",
        "coordinates": [
          [
            [
              124.41472222222222,
              37.18
            ],
            [
              124.65805555555556,
              37.30166666666666
            ]
          ]
        ]
      },
      "properties": {
        "ident_txt": "G597",
        "length_val": "13.8NM"
      },
      "bbox": [
        124.41472222222222,
        37.18,
        124.65805555555556,
        37.30166666666666
      ]
    },
    {
      "type": "Feature",
      "id": "G597-003",
      "geometry": {
        "type": "MultiLineString",
        "coordinates": [
          [
            [
              124.65805555555556,
              37.30166666666666
            ],
            [
              124.83583333333333,
              37.38972222222222
            ]
          ]
        ]
      },
      "properties": {
        "ident_txt": "G597",
        "length_val": "10.0NM"
      },
      "bbox": [
        124.65805555555556,
        37.30166666666666,
        124.83583333333333,
        37.38972222222222
      ]
    },
    {
      "type": "Feature",
      "id": "G597-004",
      "geometry": {
        "type": "MultiLineString",
        "coordinates": [
          [
            [
              124.83583333333333,
              37.38972222222222
            ],
            [
              125.23305555555555,
              37.39694444444444
            ]
          ]
        ]
      },
      "properties": {
        "ident_txt": "G597",
        "length_val": "19.0NM"
      },
      "bbox": [
        124.83583333333333,
        37.38972222222222,
        125.23305555555555,
        37.39694444444444
      ]
    },
    {
      "type": "Feature",
      "id": "G597-005",
      "geometry": {
        "type": "MultiLineString",
        "coordinates": [
          [
            [
              125.23305555555555,
              37.39694444444444
            ],
            [
              125.65138888888889,
              37.40333333333333
            ]
          ]
        ]
      },
      "properties": {
        "ident_txt": "G597",
        "length_val": "20.0NM"
      },
      "bbox": [
        125.23305555555555,
        37.39694444444444,
        125.65138888888889,
        37.40333333333333
      ]
    },
    {
      "type": "Feature",
      "id": "G597-006",
      "geometry": {
        "type": "MultiLineString",
        "coordinates": [
          [
            [
              125.65138888888889,
              37.40333333333333
            ],
            [
              126.51,
              37.41166666666666
            ]
          ]
        ]
      },
      "properties": {
        "ident_txt": "G597",
        "length_val": "41.0NM"
      },
      "bbox": [
        125.65138888888889,
        37.40333333333333,
        126.51,
        37.41166666666666
      ]
    },
    {
      "type": "Feature",
      "id": "G597-007",
      "geometry": {
        "type": "MultiLineString",
        "coordinates": [
          [
            [
              126.51,
              37.41166666666666
            ],
            [
              126.92833333333334,
              37.41361111111111
            ]
          ]
        ]
      },
      "properties": {
        "ident_txt": "G597",
        "length_val": "20.0NM"
      },
      "bbox": [
        126.51,
        37.41166666666666,
        126.92833333333334,
        37.41361111111111
      ]
    },
    {
      "type": "Feature",
      "id": "G597-008",
      "geometry": {
        "type": "MultiLineString",
        "coordinates": [
          [
            [
              126.92833333333334,
              37.41361111111111
            ],
            [
              127.37944444444443,
              37.487500000000004
            ]
          ]
        ]
      },
      "properties": {
        "ident_txt": "G597",
        "length_val": "22.0NM"
      },
      "bbox": [
        126.92833333333334,
        37.41361111111111,
        127.37944444444443,
        37.487500000000004
      ]
    },
    {
      "type": "Feature",
      "id": "G597-009",
      "geometry": {
        "type": "MultiLineString",
        "coordinates": [
          [
            [
              127.37944444444443,
              37.487500000000004
            ],
            [
              127.66444444444446,
              37.533055555555556
            ]
          ]
        ]
      },
      "properties": {
        "ident_txt": "G597",
        "length_val": "13.9NM"
      },
      "bbox": [
        127.37944444444443,
        37.487500000000004,
        127.66444444444446,
        37.533055555555556
      ]
    },
    {
      "type": "Feature",
      "id": "G597-010",
      "geometry": {
        "type": "MultiLineString",
        "coordinates": [
          [
            [
              127.66444444444446,
              37.533055555555556
            ],
            [
              128.13527777777776,
              37.606944444444444
            ]
          ]
        ]
      },
      "properties": {
        "ident_txt": "G597",
        "length_val": "22.9NM"
      },
      "bbox": [
        127.66444444444446,
        37.533055555555556,
        128.13527777777776,
        37.606944444444444
      ]
    },
    {
      "type": "Feature",
      "id": "G597-011",
      "geometry": {
        "type": "MultiLineString",
        "coordinates": [
          [
            [
              128.13527777777776,
              37.606944444444444
            ],
            [
              128.58444444444444,
              37.675555555555555
            ]
          ]
        ]
      },
      "properties": {
        "ident_txt": "G597",
        "length_val": "21.8NM"
      },
      "bbox": [
        128.13527777777776,
        37.606944444444444,
        128.58444444444444,
        37.675555555555555
      ]
    },
    {
      "type": "Feature",
      "id": "G597-012",
      "geometry": {
        "type": "MultiLineString",
        "coordinates": [
          [
            [
              128.58444444444444,
              37.675555555555555
            ],
            [
              128.7538888888889,
              37.700833333333335
            ]
          ]
        ]
      },
      "properties": {
        "ident_txt": "G597",
        "length_val": "8.2NM"
      },
      "bbox": [
        128.58444444444444,
        37.675555555555555,
        128.7538888888889,
        37.700833333333335
      ]
    },
    {
      "type": "Feature",
      "id": "G597-013",
      "geometry": {
        "type": "MultiLineString",
        "coordinates": [
          [
            [
              128.7538888888889,
              37.700833333333335
            ],
            [
              129.29194444444445,
              37.44194444444444
            ]
          ]
        ]
      },
      "properties": {
        "ident_txt": "G597",
        "length_val": "30.0NM"
      },
      "bbox": [
        128.7538888888889,
        37.44194444444444,
        129.29194444444445,
        37.700833333333335
      ]
    },
    {
      "type": "Feature",
      "id": "G597-014",
      "geometry": {
        "type": "MultiLineString",
        "coordinates": [
          [
            [
              129.29194444444445,
              37.44194444444444
            ],
            [
              129.8475,
              37.17055555555555
            ]
          ]
        ]
      },
      "properties": {
        "ident_txt": "G597",
        "length_val": "31.2NM"
      },
      "bbox": [
        129.29194444444445,
        37.17055555555555,
        129.8475,
        37.44194444444444
      ]
    },
    {
      "type": "Feature",
      "id": "G597-015",
      "geometry": {
        "type": "MultiLineString",
        "coordinates": [
          [
            [
              129.8475,
              37.17055555555555
            ],
            [
              130.67888888888888,
              36.755833333333335
            ]
          ]
        ]
      },
      "properties": {
        "ident_txt": "G597",
        "length_val": "47.1NM"
      },
      "bbox": [
        129.8475,
        36.755833333333335,
        130.67888888888888,
        37.17055555555555
      ]
    },
    {
      "type": "Feature",
      "id": "G597-016",
      "geometry": {
        "type": "MultiLineString",
        "coordinates": [
          [
            [
              130.67888888888888,
              36.755833333333335
            ],
            [
              131.4283333333333,
              36.373333333333335
            ]
          ]
        ]
      },
      "properties": {
        "ident_txt": "G597",
        "length_val": "42.9NM"
      },
      "bbox": [
        130.67888888888888,
        36.373333333333335,
        131.4283333333333,
        36.755833333333335
      ]
    },
    {
      "type": "Feature",
      "id": "V11-001",
      "geometry": {
        "type": "MultiLineString",
        "coordinates": [
          [
            [
              129.29194444444445,
              37.44194444444444
            ],
            [
              129.3325,
              37.12083333333334
            ]
          ]
        ]
      },
      "properties": {
        "ident_txt": "V11",
        "length_val": "19.3NM"
      },
      "bbox": [
        129.29194444444445,
        37.12083333333334,
        129.3325,
        37.44194444444444
      ]
    },
    {
      "type": "Feature",
      "id": "V11-002",
      "geometry": {
        "type": "MultiLineString",
        "coordinates": [
          [
            [
              129.3325,
              37.12083333333334
            ],
            [
              129.39194444444445,
              36.64555555555555
            ]
          ]
        ]
      },
      "properties": {
        "ident_txt": "V11",
        "length_val": "28.6NM"
      },
      "bbox": [
        129.3325,
        36.64555555555555,
        129.39194444444445,
        37.12083333333334
      ]
    },
    {
      "type": "Feature",
      "id": "V11-003",
      "geometry": {
        "type": "MultiLineString",
        "coordinates": [
          [
            [
              129.39194444444445,
              36.64555555555555
            ],
            [
              129.42999999999998,
              36.33777777777778
            ]
          ]
        ]
      },
      "properties": {
        "ident_txt": "V11",
        "length_val": "18.5NM"
      },
      "bbox": [
        129.39194444444445,
        36.33777777777778,
        129.42999999999998,
        36.64555555555555
      ]
    },
    {
      "type": "Feature",
      "id": "V11-004",
      "geometry": {
        "type": "MultiLineString",
        "coordinates": [
          [
            [
              129.42999999999998,
              36.33777777777778
            ],
            [
              129.47444444444446,
              35.977222222222224
            ]
          ]
        ]
      },
      "properties": {
        "ident_txt": "V11",
        "length_val": "21.7NM"
      },
      "bbox": [
        129.42999999999998,
        35.977222222222224,
        129.47444444444446,
        36.33777777777778
      ]
    },
    {
      "type": "Feature",
      "id": "V11-005",
      "geometry": {
        "type": "MultiLineString",
        "coordinates": [
          [
            [
              129.47444444444446,
              35.977222222222224
            ],
            [
              129.1588888888889,
              35.41166666666666
            ]
          ]
        ]
      },
      "properties": {
        "ident_txt": "V11",
        "length_val": "37.2NM"
      },
      "bbox": [
        129.1588888888889,
        35.41166666666666,
        129.47444444444446,
        35.977222222222224
      ]
    },
    {
      "type": "Feature",
      "id": "V11-006",
      "geometry": {
        "type": "MultiLineString",
        "coordinates": [
          [
            [
              129.1588888888889,
              35.41166666666666
            ],
            [
              128.99944444444444,
              35.1225
            ]
          ]
        ]
      },
      "properties": {
        "ident_txt": "V11",
        "length_val": "19.0NM"
      },
      "bbox": [
        128.99944444444444,
        35.1225,
        129.1588888888889,
        35.41166666666666
      ]
    },
    {
      "type": "Feature",
      "id": "V543-001",
      "geometry": {
        "type": "MultiLineString",
        "coordinates": [
          [
            [
              126.70166666666667,
              35.125277777777775
            ],
            [
              126.81222222222222,
              35.126111111111115
            ]
          ]
        ]
      },
      "properties": {
        "ident_txt": "V543",
        "length_val": "5.4NM"
      },
      "bbox": [
        126.70166666666667,
        35.125277777777775,
        126.81222222222222,
        35.126111111111115
      ]
    },
    {
      "type": "Feature",
      "id": "V543-002",
      "geometry": {
        "type": "MultiLineString",
        "coordinates": [
          [
            [
              126.81222222222222,
              35.126111111111115
            ],
            [
              126.865,
              35.126666666666665
            ]
          ]
        ]
      },
      "properties": {
        "ident_txt": "V543",
        "length_val": "2.6NM"
      },
      "bbox": [
        126.81222222222222,
        35.126111111111115,
        126.865,
        35.126666666666665
      ]
    },
    {
      "type": "Feature",
      "id": "V543-003",
      "geometry": {
        "type": "MultiLineString",
        "coordinates": [
          [
            [
              126.865,
              35.126666666666665
            ],
            [
              127.31444444444445,
              35.12888888888889
            ]
          ]
        ]
      },
      "properties": {
        "ident_txt": "V543",
        "length_val": "22.1NM"
      },
      "bbox": [
        126.865,
        35.126666666666665,
        127.31444444444445,
        35.12888888888889
      ]
    },
    {
      "type": "Feature",
      "id": "V543-004",
      "geometry": {
        "type": "MultiLineString",
        "coordinates": [
          [
            [
              127.31444444444445,
              35.12888888888889
            ],
            [
              127.58972222222222,
              35.129444444444445
            ]
          ]
        ]
      },
      "properties": {
        "ident_txt": "V543",
        "length_val": "13.5NM"
      },
      "bbox": [
        127.31444444444445,
        35.12888888888889,
        127.58972222222222,
        35.129444444444445
      ]
    },
    {
      "type": "Feature",
      "id": "V543-005",
      "geometry": {
        "type": "MultiLineString",
        "coordinates": [
          [
            [
              127.58972222222222,
              35.129444444444445
            ],
            [
              128.49777777777777,
              35.12694444444445
            ]
          ]
        ]
      },
      "properties": {
        "ident_txt": "V543",
        "length_val": "44.7NM"
      },
      "bbox": [
        127.58972222222222,
        35.12694444444445,
        128.49777777777777,
        35.129444444444445
      ]
    },
    {
      "type": "Feature",
      "id": "V543-006",
      "geometry": {
        "type": "MultiLineString",
        "coordinates": [
          [
            [
              128.49777777777777,
              35.12694444444445
            ],
            [
              128.52972222222223,
              35.126666666666665
            ]
          ]
        ]
      },
      "properties": {
        "ident_txt": "V543",
        "length_val": "1.6NM"
      },
      "bbox": [
        128.49777777777777,
        35.126666666666665,
        128.52972222222223,
        35.12694444444445
      ]
    },
    {
      "type": "Feature",
      "id": "V543-007",
      "geometry": {
        "type": "MultiLineString",
        "coordinates": [
          [
            [
              128.52972222222223,
              35.126666666666665
            ],
            [
              128.7711111111111,
              35.125
            ]
          ]
        ]
      },
      "properties": {
        "ident_txt": "V543",
        "length_val": "11.9NM"
      },
      "bbox": [
        128.52972222222223,
        35.125,
        128.7711111111111,
        35.126666666666665
      ]
    },
    {
      "type": "Feature",
      "id": "V543-008",
      "geometry": {
        "type": "MultiLineString",
        "coordinates": [
          [
            [
              128.7711111111111,
              35.125
            ],
            [
              128.99944444444444,
              35.1225
            ]
          ]
        ]
      },
      "properties": {
        "ident_txt": "V543",
        "length_val": "11.2NM"
      },
      "bbox": [
        128.7711111111111,
        35.1225,
        128.99944444444444,
        35.125
      ]
    },
    {
      "type": "Feature",
      "id": "V547-001",
      "geometry": {
        "type": "MultiLineString",
        "coordinates": [
          [
            [
              126.81222222222222,
              35.126111111111115
            ],
            [
              127.81861111111111,
              35.51777777777777
            ]
          ]
        ]
      },
      "properties": {
        "ident_txt": "V547",
        "length_val": "54.7NM"
      },
      "bbox": [
        126.81222222222222,
        35.126111111111115,
        127.81861111111111,
        35.51777777777777
      ]
    },
    {
      "type": "Feature",
      "id": "V547-002",
      "geometry": {
        "type": "MultiLineString",
        "coordinates": [
          [
            [
              127.81861111111111,
              35.51777777777777
            ],
            [
              128.59083333333334,
              35.80972222222222
            ]
          ]
        ]
      },
      "properties": {
        "ident_txt": "V547",
        "length_val": "41.6NM"
      },
      "bbox": [
        127.81861111111111,
        35.51777777777777,
        128.59083333333334,
        35.80972222222222
      ]
    },
    {
      "type": "Feature",
      "id": "V549-001",
      "geometry": {
        "type": "MultiLineString",
        "coordinates": [
          [
            [
              126.61138888888888,
              35.91027777777778
            ],
            [
              126.78527777777778,
              35.90277777777778
            ]
          ]
        ]
      },
      "properties": {
        "ident_txt": "V549",
        "length_val": "8.5NM"
      },
      "bbox": [
        126.61138888888888,
        35.90277777777778,
        126.78527777777778,
        35.91027777777778
      ]
    },
    {
      "type": "Feature",
      "id": "V549-002",
      "geometry": {
        "type": "MultiLineString",
        "coordinates": [
          [
            [
              126.78527777777778,
              35.90277777777778
            ],
            [
              126.89694444444446,
              35.897777777777776
            ]
          ]
        ]
      },
      "properties": {
        "ident_txt": "V549",
        "length_val": "5.5NM"
      },
      "bbox": [
        126.78527777777778,
        35.897777777777776,
        126.89694444444446,
        35.90277777777778
      ]
    },
    {
      "type": "Feature",
      "id": "V549-003",
      "geometry": {
        "type": "MultiLineString",
        "coordinates": [
          [
            [
              126.89694444444446,
              35.897777777777776
            ],
            [
              127.26166666666667,
              35.880833333333335
            ]
          ]
        ]
      },
      "properties": {
        "ident_txt": "V549",
        "length_val": "17.8NM"
      },
      "bbox": [
        126.89694444444446,
        35.880833333333335,
        127.26166666666667,
        35.897777777777776
      ]
    },
    {
      "type": "Feature",
      "id": "V549-004",
      "geometry": {
        "type": "MultiLineString",
        "coordinates": [
          [
            [
              127.26166666666667,
              35.880833333333335
            ],
            [
              127.61444444444444,
              35.86361111111111
            ]
          ]
        ]
      },
      "properties": {
        "ident_txt": "V549",
        "length_val": "17.2NM"
      },
      "bbox": [
        127.26166666666667,
        35.86361111111111,
        127.61444444444444,
        35.880833333333335
      ]
    },
    {
      "type": "Feature",
      "id": "V549-005",
      "geometry": {
        "type": "MultiLineString",
        "coordinates": [
          [
            [
              127.61444444444444,
              35.86361111111111
            ],
            [
              128.59083333333334,
              35.80972222222222
            ]
          ]
        ]
      },
      "properties": {
        "ident_txt": "V549",
        "length_val": "47.7NM"
      },
      "bbox": [
        127.61444444444444,
        35.80972222222222,
        128.59083333333334,
        35.86361111111111
      ]
    },
    {
      "type": "Feature",
      "id": "V549-006",
      "geometry": {
        "type": "MultiLineString",
        "coordinates": [
          [
            [
              128.59083333333334,
              35.80972222222222
            ],
            [
              129.0811111111111,
              35.90361111111111
            ]
          ]
        ]
      },
      "properties": {
        "ident_txt": "V549",
        "length_val": "24.6NM"
      },
      "bbox": [
        128.59083333333334,
        35.80972222222222,
        129.0811111111111,
        35.90361111111111
      ]
    },
    {
      "type": "Feature",
      "id": "V549-007",
      "geometry": {
        "type": "MultiLineString",
        "coordinates": [
          [
            [
              129.0811111111111,
              35.90361111111111
            ],
            [
              129.47444444444446,
              35.977222222222224
            ]
          ]
        ]
      },
      "properties": {
        "ident_txt": "V549",
        "length_val": "19.7NM"
      },
      "bbox": [
        129.0811111111111,
        35.90361111111111,
        129.47444444444446,
        35.977222222222224
      ]
    },
    {
      "type": "Feature",
      "id": "W45-001",
      "geometry": {
        "type": "MultiLineString",
        "coordinates": [
          [
            [
              126.80277777777778,
              35.12305555555555
            ],
            [
              127.58388888888888,
              35.1275
            ]
          ]
        ]
      },
      "properties": {
        "ident_txt": "W45",
        "length_val": "38.4NM"
      },
      "bbox": [
        126.80277777777778,
        35.12305555555555,
        127.58388888888888,
        35.1275
      ]
    },
    {
      "type": "Feature",
      "id": "W45-002",
      "geometry": {
        "type": "MultiLineString",
        "coordinates": [
          [
            [
              127.58388888888888,
              35.1275
            ],
            [
              128.49777777777777,
              35.126111111111115
            ]
          ]
        ]
      },
      "properties": {
        "ident_txt": "W45",
        "length_val": "45.0NM"
      },
      "bbox": [
        127.58388888888888,
        35.126111111111115,
        128.49777777777777,
        35.1275
      ]
    },
    {
      "type": "Feature",
      "id": "W45-003",
      "geometry": {
        "type": "MultiLineString",
        "coordinates": [
          [
            [
              128.49777777777777,
              35.126111111111115
            ],
            [
              128.99944444444444,
              35.1225
            ]
          ]
        ]
      },
      "properties": {
        "ident_txt": "W45",
        "length_val": "24.7NM"
      },
      "bbox": [
        128.49777777777777,
        35.1225,
        128.99944444444444,
        35.126111111111115
      ]
    },
    {
      "type": "Feature",
      "id": "W61-001",
      "geometry": {
        "type": "MultiLineString",
        "coordinates": [
          [
            [
              127.03166666666667,
              37.09444444444445
            ],
            [
              126.83749999999999,
              37.213055555555556
            ]
          ]
        ]
      },
      "properties": {
        "ident_txt": "W61",
        "length_val": "11.7NM"
      },
      "bbox": [
        126.83749999999999,
        37.09444444444445,
        127.03166666666667,
        37.213055555555556
      ]
    },
    {
      "type": "Feature",
      "id": "W61-002",
      "geometry": {
        "type": "MultiLineString",
        "coordinates": [
          [
            [
              126.83749999999999,
              37.213055555555556
            ],
            [
              126.51,
              37.41166666666666
            ]
          ]
        ]
      },
      "properties": {
        "ident_txt": "W61",
        "length_val": "19.7NM"
      },
      "bbox": [
        126.51,
        37.213055555555556,
        126.83749999999999,
        37.41166666666666
      ]
    },
    {
      "type": "Feature",
      "id": "W62-001",
      "geometry": {
        "type": "MultiLineString",
        "coordinates": [
          [
            [
              127.03166666666667,
              37.09444444444445
            ],
            [
              127.37944444444443,
              37.487500000000004
            ]
          ]
        ]
      },
      "properties": {
        "ident_txt": "W62",
        "length_val": "28.8NM"
      },
      "bbox": [
        127.03166666666667,
        37.09444444444445,
        127.37944444444443,
        37.487500000000004
      ]
    },
    {
      "type": "Feature",
      "id": "W526-001",
      "geometry": {
        "type": "MultiLineString",
        "coordinates": [
          [
            [
              128.59083333333334,
              35.80972222222222
            ],
            [
              128.56111111111113,
              35.47972222222222
            ]
          ]
        ]
      },
      "properties": {
        "ident_txt": "W526",
        "length_val": "19.8NM"
      },
      "bbox": [
        128.56111111111113,
        35.47972222222222,
        128.59083333333334,
        35.80972222222222
      ]
    },
    {
      "type": "Feature",
      "id": "W526-002",
      "geometry": {
        "type": "MultiLineString",
        "coordinates": [
          [
            [
              128.56111111111113,
              35.47972222222222
            ],
            [
              128.52972222222223,
              35.126666666666665
            ]
          ]
        ]
      },
      "properties": {
        "ident_txt": "W526",
        "length_val": "21.2NM"
      },
      "bbox": [
        128.52972222222223,
        35.126666666666665,
        128.56111111111113,
        35.47972222222222
      ]
    },
    {
      "type": "Feature",
      "id": "W526-003",
      "geometry": {
        "type": "MultiLineString",
        "coordinates": [
          [
            [
              128.52972222222223,
              35.126666666666665
            ],
            [
              128.49777777777777,
              34.765277777777776
            ]
          ]
        ]
      },
      "properties": {
        "ident_txt": "W526",
        "length_val": "21.7NM"
      },
      "bbox": [
        128.49777777777777,
        34.765277777777776,
        128.52972222222223,
        35.126666666666665
      ]
    },
    {
      "type": "Feature",
      "id": "L512-001",
      "geometry": {
        "type": "MultiLineString",
        "coordinates": [
          [
            [
              131.57416666666666,
              37.638888888888886
            ],
            [
              132.67194444444445,
              37.64138888888889
            ]
          ]
        ]
      },
      "properties": {
        "ident_txt": "L512",
        "length_val": "52.3NM"
      },
      "bbox": [
        131.57416666666666,
        37.638888888888886,
        132.67194444444445,
        37.64138888888889
      ]
    },
    {
      "type": "Feature",
      "id": "L512-002",
      "geometry": {
        "type": "MultiLineString",
        "coordinates": [
          [
            [
              132.67194444444445,
              37.64138888888889
            ],
            [
              133.0,
              37.66611111111111
            ]
          ]
        ]
      },
      "properties": {
        "ident_txt": "L512",
        "length_val": "15.7NM"
      },
      "bbox": [
        132.67194444444445,
        37.64138888888889,
        133.0,
        37.66611111111111
      ]
    },
    {
      "type": "Feature",
      "id": "Y233-001",
      "geometry": {
        "type": "MultiLineString",
        "coordinates": [
          [
            [
              130.26944444444445,
              37.67583333333333
            ],
            [
              130.81972222222223,
              37.920833333333334
            ]
          ]
        ]
      },
      "properties": {
        "ident_txt": "Y233",
        "length_val": "30.0NM"
      },
      "bbox": [
        130.26944444444445,
        37.67583333333333,
        130.81972222222223,
        37.920833333333334
      ]
    },
    {
      "type": "Feature",
      "id": "Y233-002",
      "geometry": {
        "type": "MultiLineString",
        "coordinates": [
          [
            [
              130.81972222222223,
              37.920833333333334
            ],
            [
              132.10055555555556,
              38.47555555555556
            ]
          ]
        ]
      },
      "properties": {
        "ident_txt": "Y233",
        "length_val": "69.1NM"
      },
      "bbox": [
        130.81972222222223,
        37.920833333333334,
        132.10055555555556,
        38.47555555555556
      ]
    },
    {
      "type": "Feature",
      "id": "Y233-003",
      "geometry": {
        "type": "MultiLineString",
        "coordinates": [
          [
            [
              132.10055555555556,
              38.47555555555556
            ],
            [
              132.475,
              38.63333333333333
            ]
          ]
        ]
      },
      "properties": {
        "ident_txt": "Y233",
        "length_val": "20.0NM"
      },
      "bbox": [
        132.10055555555556,
        38.47555555555556,
        132.475,
        38.63333333333333
      ]
    },
    {
      "type": "Feature",
      "id": "Y253-001",
      "geometry": {
        "type": "MultiLineString",
        "coordinates": [
          [
            [
              126.70166666666667,
              35.125277777777775
            ],
            [
              126.81222222222222,
              35.126111111111115
            ]
          ]
        ]
      },
      "properties": {
        "ident_txt": "Y253",
        "length_val": "5.4NM"
      },
      "bbox": [
        126.70166666666667,
        35.125277777777775,
        126.81222222222222,
        35.126111111111115
      ]
    },
    {
      "type": "Feature",
      "id": "Y253-002",
      "geometry": {
        "type": "MultiLineString",
        "coordinates": [
          [
            [
              126.81222222222222,
              35.126111111111115
            ],
            [
              126.865,
              35.126666666666665
            ]
          ]
        ]
      },
      "properties": {
        "ident_txt": "Y253",
        "length_val": "2.6NM"
      },
      "bbox": [
        126.81222222222222,
        35.126111111111115,
        126.865,
        35.126666666666665
      ]
    },
    {
      "type": "Feature",
      "id": "Y253-003",
      "geometry": {
        "type": "MultiLineString",
        "coordinates": [
          [
            [
              126.865,
              35.126666666666665
            ],
            [
              127.31444444444445,
              35.12888888888889
            ]
          ]
        ]
      },
      "properties": {
        "ident_txt": "Y253",
        "length_val": "22.1NM"
      },
      "bbox": [
        126.865,
        35.126666666666665,
        127.31444444444445,
        35.12888888888889
      ]
    },
    {
      "type": "Feature",
      "id": "Y253-004",
      "geometry": {
        "type": "MultiLineString",
        "coordinates": [
          [
            [
              127.31444444444445,
              35.12888888888889
            ],
            [
              127.58972222222222,
              35.129444444444445
            ]
          ]
        ]
      },
      "properties": {
        "ident_txt": "Y253",
        "length_val": "13.5NM"
      },
      "bbox": [
        127.31444444444445,
        35.12888888888889,
        127.58972222222222,
        35.129444444444445
      ]
    },
    {
      "type": "Feature",
      "id": "Y253-005",
      "geometry": {
        "type": "MultiLineString",
        "coordinates": [
          [
            [
              127.58972222222222,
              35.129444444444445
            ],
            [
              128.49777777777777,
              35.12694444444445
            ]
          ]
        ]
      },
      "properties": {
        "ident_txt": "Y253",
        "length_val": "44.7NM"
      },
      "bbox": [
        127.58972222222222,
        35.12694444444445,
        128.49777777777777,
        35.129444444444445
      ]
    },
    {
      "type": "Feature",
      "id": "Y253-006",
      "geometry": {
        "type": "MultiLineString",
        "coordinates": [
          [
            [
              128.49777777777777,
              35.12694444444445
            ],
            [
              128.52972222222223,
              35.126666666666665
            ]
          ]
        ]
      },
      "properties": {
        "ident_txt": "Y253",
        "length_val": "1.6NM"
      },
      "bbox": [
        128.49777777777777,
        35.126666666666665,
        128.52972222222223,
        35.12694444444445
      ]
    },
    {
      "type": "Feature",
      "id": "Y253-007",
      "geometry": {
        "type": "MultiLineString",
        "coordinates": [
          [
            [
              128.52972222222223,
              35.126666666666665
            ],
            [
              128.7711111111111,
              35.125
            ]
          ]
        ]
      },
      "properties": {
        "ident_txt": "Y253",
        "length_val": "11.9NM"
      },
      "bbox": [
        128.52972222222223,
        35.125,
        128.7711111111111,
        35.126666666666665
      ]
    },
    {
      "type": "Feature",
      "id": "Y253-008",
      "geometry": {
        "type": "MultiLineString",
        "coordinates": [
          [
            [
              128.7711111111111,
              35.125
            ],
            [
              128.99944444444444,
              35.1225
            ]
          ]
        ]
      },
      "properties": {
        "ident_txt": "Y253",
        "length_val": "11.2NM"
      },
      "bbox": [
        128.7711111111111,
        35.1225,
        128.99944444444444,
        35.125
      ]
    },
    {
      "type": "Feature",
      "id": "Y644-001",
      "geometry": {
        "type": "MultiLineString",
        "coordinates": [
          [
            [
              124.0,
              37.166666666666664
            ],
            [
              124.245,
              37.17583333333333
            ]
          ]
        ]
      },
      "properties": {
        "ident_txt": "Y644",
        "length_val": "11.8NM"
      },
      "bbox": [
        124.0,
        37.166666666666664,
        124.245,
        37.17583333333333
      ]
    },
    {
      "type": "Feature",
      "id": "Y644-002",
      "geometry": {
        "type": "MultiLineString",
        "coordinates": [
          [
            [
              124.245,
              37.17583333333333
            ],
            [
              124.41472222222222,
              37.18
            ]
          ]
        ]
      },
      "properties": {
        "ident_txt": "Y644",
        "length_val": "8.1NM"
      },
      "bbox": [
        124.245,
        37.17583333333333,
        124.41472222222222,
        37.18
      ]
    },
    {
      "type": "Feature",
      "id": "Y644-003",
      "geometry": {
        "type": "MultiLineString",
        "coordinates": [
          [
            [
              124.41472222222222,
              37.18
            ],
            [
              124.83166666666666,
              37.18944444444444
            ]
          ]
        ]
      },
      "properties": {
        "ident_txt": "Y644",
        "length_val": "20.0NM"
      },
      "bbox": [
        124.41472222222222,
        37.18,
        124.83166666666666,
        37.18944444444444
      ]
    },
    {
      "type": "Feature",
      "id": "Y644-004",
      "geometry": {
        "type": "MultiLineString",
        "coordinates": [
          [
            [
              124.83166666666666,
              37.18944444444444
            ],
            [
              125.48694444444445,
              37.200833333333335
            ]
          ]
        ]
      },
      "properties": {
        "ident_txt": "Y644",
        "length_val": "31.4NM"
      },
      "bbox": [
        124.83166666666666,
        37.18944444444444,
        125.48694444444445,
        37.200833333333335
      ]
    },
    {
      "type": "Feature",
      "id": "Y644-005",
      "geometry": {
        "type": "MultiLineString",
        "coordinates": [
          [
            [
              125.48694444444445,
              37.200833333333335
            ],
            [
              125.79972222222221,
              37.205000000000005
            ]
          ]
        ]
      },
      "properties": {
        "ident_txt": "Y644",
        "length_val": "15.0NM"
      },
      "bbox": [
        125.48694444444445,
        37.200833333333335,
        125.79972222222221,
        37.205000000000005
      ]
    },
    {
      "type": "Feature",
      "id": "Y644-006",
      "geometry": {
        "type": "MultiLineString",
        "coordinates": [
          [
            [
              125.79972222222221,
              37.205000000000005
            ],
            [
              126.47,
              37.21138888888889
            ]
          ]
        ]
      },
      "properties": {
        "ident_txt": "Y644",
        "length_val": "32.1NM"
      },
      "bbox": [
        125.79972222222221,
        37.205000000000005,
        126.47,
        37.21138888888889
      ]
    },
    {
      "type": "Feature",
      "id": "Y644-007",
      "geometry": {
        "type": "MultiLineString",
        "coordinates": [
          [
            [
              126.47,
              37.21138888888889
            ],
            [
              126.83749999999999,
              37.213055555555556
            ]
          ]
        ]
      },
      "properties": {
        "ident_txt": "Y644",
        "length_val": "17.6NM"
      },
      "bbox": [
        126.47,
        37.21138888888889,
        126.83749999999999,
        37.213055555555556
      ]
    },
    {
      "type": "Feature",
      "id": "Y644-008",
      "geometry": {
        "type": "MultiLineString",
        "coordinates": [
          [
            [
              126.83749999999999,
              37.213055555555556
            ],
            [
              126.99305555555556,
              37.21361111111111
            ]
          ]
        ]
      },
      "properties": {
        "ident_txt": "Y644",
        "length_val": "7.5NM"
      },
      "bbox": [
        126.83749999999999,
        37.213055555555556,
        126.99305555555556,
        37.21361111111111
      ]
    },
    {
      "type": "Feature",
      "id": "Y644-009",
      "geometry": {
        "type": "MultiLineString",
        "coordinates": [
          [
            [
              126.99305555555556,
              37.21361111111111
            ],
            [
              127.37944444444443,
              37.487500000000004
            ]
          ]
        ]
      },
      "properties": {
        "ident_txt": "Y644",
        "length_val": "24.7NM"
      },
      "bbox": [
        126.99305555555556,
        37.21361111111111,
        127.37944444444443,
        37.487500000000004
      ]
    },
    {
      "type": "Feature",
      "id": "Y655-001",
      "geometry": {
        "type": "MultiLineString",
        "coordinates": [
          [
            [
              124.41472222222222,
              37.18
            ],
            [
              124.41472222222222,
              36.97638888888889
            ]
          ]
        ]
      },
      "properties": {
        "ident_txt": "Y655",
        "length_val": "12.2NM"
      },
      "bbox": [
        124.41472222222222,
        36.97638888888889,
        124.41472222222222,
        37.18
      ]
    },
    {
      "type": "Feature",
      "id": "Y655-002",
      "geometry": {
        "type": "MultiLineString",
        "coordinates": [
          [
            [
              124.41472222222222,
              36.97638888888889
            ],
            [
              124.41472222222222,
              36.67944444444444
            ]
          ]
        ]
      },
      "properties": {
        "ident_txt": "Y655",
        "length_val": "17.8NM"
      },
      "bbox": [
        124.41472222222222,
        36.67944444444444,
        124.41472222222222,
        36.97638888888889
      ]
    },
    {
      "type": "Feature",
      "id": "Y655-003",
      "geometry": {
        "type": "MultiLineString",
        "coordinates": [
          [
            [
              124.41472222222222,
              36.67944444444444
            ],
            [
              124.41472222222222,
              36.33527777777778
            ]
          ]
        ]
      },
      "properties": {
        "ident_txt": "Y655",
        "length_val": "20.6NM"
      },
      "bbox": [
        124.41472222222222,
        36.33527777777778,
        124.41472222222222,
        36.67944444444444
      ]
    },
    {
      "type": "Feature",
      "id": "Y655-004",
      "geometry": {
        "type": "MultiLineString",
        "coordinates": [
          [
            [
              124.41472222222222,
              36.33527777777778
            ],
            [
              124.41472222222222,
              35.51
            ]
          ]
        ]
      },
      "properties": {
        "ident_txt": "Y655",
        "length_val": "49.4NM"
      },
      "bbox": [
        124.41472222222222,
        35.51,
        124.41472222222222,
        36.33527777777778
      ]
    },
    {
      "type": "Feature",
      "id": "Y655-005",
      "geometry": {
        "type": "MultiLineString",
        "coordinates": [
          [
            [
              124.41472222222222,
              35.51
            ],
            [
              124.41472222222222,
              34.025277777777774
            ]
          ]
        ]
      },
      "properties": {
        "ident_txt": "Y655",
        "length_val": "88.9NM"
      },
      "bbox": [
        124.41472222222222,
        34.025277777777774,
        124.41472222222222,
        35.51
      ]
    },
    {
      "type": "Feature",
      "id": "Y655-006",
      "geometry": {
        "type": "MultiLineString",
        "coordinates": [
          [
            [
              124.41472222222222,
              34.025277777777774
            ],
            [
              124.41472222222222,
              33.84166666666667
            ]
          ]
        ]
      },
      "properties": {
        "ident_txt": "Y655",
        "length_val": "11.0NM"
      },
      "bbox": [
        124.41472222222222,
        33.84166666666667,
        124.41472222222222,
        34.025277777777774
      ]
    },
    {
      "type": "Feature",
      "id": "Y655-007",
      "geometry": {
        "type": "MultiLineString",
        "coordinates": [
          [
            [
              124.41472222222222,
              33.84166666666667
            ],
            [
              124.77638888888889,
              32.217222222222226
            ]
          ]
        ]
      },
      "properties": {
        "ident_txt": "Y655",
        "length_val": "99.0NM"
      },
      "bbox": [
        124.41472222222222,
        32.217222222222226,
        124.77638888888889,
        33.84166666666667
      ]
    },
    {
      "type": "Feature",
      "id": "Y655-008",
      "geometry": {
        "type": "MultiLineString",
        "coordinates": [
          [
            [
              124.77638888888889,
              32.217222222222226
            ],
            [
              125.14750000000001,
              30.477777777777778
            ]
          ]
        ]
      },
      "properties": {
        "ident_txt": "Y655",
        "length_val": "105.9NM"
      },
      "bbox": [
        124.77638888888889,
        30.477777777777778,
        125.14750000000001,
        32.217222222222226
      ]
    },
    {
      "type": "Feature",
      "id": "Y655-009",
      "geometry": {
        "type": "MultiLineString",
        "coordinates": [
          [
            [
              125.14750000000001,
              30.477777777777778
            ],
            [
              125.19833333333334,
              30.003611111111113
            ]
          ]
        ]
      },
      "properties": {
        "ident_txt": "Y655",
        "length_val": "28.5NM"
      },
      "bbox": [
        125.14750000000001,
        30.003611111111113,
        125.19833333333334,
        30.477777777777778
      ]
    },
    {
      "type": "Feature",
      "id": "Y657-001",
      "geometry": {
        "type": "MultiLineString",
        "coordinates": [
          [
            [
              126.81222222222222,
              35.126111111111115
            ],
            [
              127.81861111111111,
              35.51777777777777
            ]
          ]
        ]
      },
      "properties": {
        "ident_txt": "Y657",
        "length_val": "54.7NM"
      },
      "bbox": [
        126.81222222222222,
        35.126111111111115,
        127.81861111111111,
        35.51777777777777
      ]
    },
    {
      "type": "Feature",
      "id": "Y657-002",
      "geometry": {
        "type": "MultiLineString",
        "coordinates": [
          [
            [
              127.81861111111111,
              35.51777777777777
            ],
            [
              128.59083333333334,
              35.80972222222222
            ]
          ]
        ]
      },
      "properties": {
        "ident_txt": "Y657",
        "length_val": "41.6NM"
      },
      "bbox": [
        127.81861111111111,
        35.51777777777777,
        128.59083333333334,
        35.80972222222222
      ]
    },
    {
      "type": "Feature",
      "id": "Y659-001",
      "geometry": {
        "type": "MultiLineString",
        "coordinates": [
          [
            [
              126.61138888888888,
              35.91027777777778
            ],
            [
              126.78527777777778,
              35.90277777777778
            ]
          ]
        ]
      },
      "properties": {
        "ident_txt": "Y659",
        "length_val": "8.5NM"
      },
      "bbox": [
        126.61138888888888,
        35.90277777777778,
        126.78527777777778,
        35.91027777777778
      ]
    },
    {
      "type": "Feature",
      "id": "Y659-002",
      "geometry": {
        "type": "MultiLineString",
        "coordinates": [
          [
            [
              126.78527777777778,
              35.90277777777778
            ],
            [
              126.89694444444446,
              35.897777777777776
            ]
          ]
        ]
      },
      "properties": {
        "ident_txt": "Y659",
        "length_val": "5.5NM"
      },
      "bbox": [
        126.78527777777778,
        35.897777777777776,
        126.89694444444446,
        35.90277777777778
      ]
    },
    {
      "type": "Feature",
      "id": "Y659-003",
      "geometry": {
        "type": "MultiLineString",
        "coordinates": [
          [
            [
              126.89694444444446,
              35.897777777777776
            ],
            [
              127.26166666666667,
              35.880833333333335
            ]
          ]
        ]
      },
      "properties": {
        "ident_txt": "Y659",
        "length_val": "17.8NM"
      },
      "bbox": [
        126.89694444444446,
        35.880833333333335,
        127.26166666666667,
        35.897777777777776
      ]
    },
    {
      "type": "Feature",
      "id": "Y659-004",
      "geometry": {
        "type": "MultiLineString",
        "coordinates": [
          [
            [
              127.26166666666667,
              35.880833333333335
            ],
            [
              127.61444444444444,
              35.86361111111111
            ]
          ]
        ]
      },
      "properties": {
        "ident_txt": "Y659",
        "length_val": "17.2NM"
      },
      "bbox": [
        127.26166666666667,
        35.86361111111111,
        127.61444444444444,
        35.880833333333335
      ]
    },
    {
      "type": "Feature",
      "id": "Y659-005",
      "geometry": {
        "type": "MultiLineString",
        "coordinates": [
          [
            [
              127.61444444444444,
              35.86361111111111
            ],
            [
              128.59083333333334,
              35.80972222222222
            ]
          ]
        ]
      },
      "properties": {
        "ident_txt": "Y659",
        "length_val": "47.7NM"
      },
      "bbox": [
        127.61444444444444,
        35.80972222222222,
        128.59083333333334,
        35.86361111111111
      ]
    },
    {
      "type": "Feature",
      "id": "Y659-006",
      "geometry": {
        "type": "MultiLineString",
        "coordinates": [
          [
            [
              128.59083333333334,
              35.80972222222222
            ],
            [
              129.0811111111111,
              35.90361111111111
            ]
          ]
        ]
      },
      "properties": {
        "ident_txt": "Y659",
        "length_val": "24.6NM"
      },
      "bbox": [
        128.59083333333334,
        35.80972222222222,
        129.0811111111111,
        35.90361111111111
      ]
    },
    {
      "type": "Feature",
      "id": "Y659-007",
      "geometry": {
        "type": "MultiLineString",
        "coordinates": [
          [
            [
              129.0811111111111,
              35.90361111111111
            ],
            [
              129.47444444444446,
              35.977222222222224
            ]
          ]
        ]
      },
      "properties": {
        "ident_txt": "Y659",
        "length_val": "19.7NM"
      },
      "bbox": [
        129.0811111111111,
        35.90361111111111,
        129.47444444444446,
        35.977222222222224
      ]
    },
    {
      "type": "Feature",
      "id": "Y677-001",
      "geometry": {
        "type": "MultiLineString",
        "coordinates": [
          [
            [
              124.41472222222222,
              33.84166666666667
            ],
            [
              125.83138888888888,
              33.55361111111111
            ]
          ]
        ]
      },
      "properties": {
        "ident_txt": "Y677",
        "length_val": "73.0NM"
      },
      "bbox": [
        124.41472222222222,
        33.55361111111111,
        125.83138888888888,
        33.84166666666667
      ]
    },
    {
      "type": "Feature",
      "id": "Y677-002",
      "geometry": {
        "type": "MultiLineString",
        "coordinates": [
          [
            [
              125.83138888888888,
              33.55361111111111
            ],
            [
              126.3913888888889,
              33.43472222222222
            ]
          ]
        ]
      },
      "properties": {
        "ident_txt": "Y677",
        "length_val": "29.0NM"
      },
      "bbox": [
        125.83138888888888,
        33.43472222222222,
        126.3913888888889,
        33.55361111111111
      ]
    },
    {
      "type": "Feature",
      "id": "Y677-003",
      "geometry": {
        "type": "MultiLineString",
        "coordinates": [
          [
            [
              126.3913888888889,
              33.43472222222222
            ],
            [
              126.62416666666665,
              33.38472222222222
            ]
          ]
        ]
      },
      "properties": {
        "ident_txt": "Y677",
        "length_val": "12.1NM"
      },
      "bbox": [
        126.3913888888889,
        33.38472222222222,
        126.62416666666665,
        33.43472222222222
      ]
    },
    {
      "type": "Feature",
      "id": "Y677-004",
      "geometry": {
        "type": "MultiLineString",
        "coordinates": [
          [
            [
              126.62416666666665,
              33.38472222222222
            ],
            [
              127.33138888888888,
              33.47083333333334
            ]
          ]
        ]
      },
      "properties": {
        "ident_txt": "Y677",
        "length_val": "35.9NM"
      },
      "bbox": [
        126.62416666666665,
        33.38472222222222,
        127.33138888888888,
        33.47083333333334
      ]
    },
    {
      "type": "Feature",
      "id": "Y677-005",
      "geometry": {
        "type": "MultiLineString",
        "coordinates": [
          [
            [
              127.33138888888888,
              33.47083333333334
            ],
            [
              128.31583333333336,
              33.58416666666667
            ]
          ]
        ]
      },
      "properties": {
        "ident_txt": "Y677",
        "length_val": "49.8NM"
      },
      "bbox": [
        127.33138888888888,
        33.47083333333334,
        128.31583333333336,
        33.58416666666667
      ]
    },
    {
      "type": "Feature",
      "id": "Y685-001",
      "geometry": {
        "type": "MultiLineString",
        "coordinates": [
          [
            [
              126.92833333333334,
              37.41361111111111
            ],
            [
              127.1125,
              37.3125
            ]
          ]
        ]
      },
      "properties": {
        "ident_txt": "Y685",
        "length_val": "10.7NM"
      },
      "bbox": [
        126.92833333333334,
        37.3125,
        127.1125,
        37.41361111111111
      ]
    },
    {
      "type": "Feature",
      "id": "Y685-002",
      "geometry": {
        "type": "MultiLineString",
        "coordinates": [
          [
            [
              127.1125,
              37.3125
            ],
            [
              127.44361111111111,
              37.12916666666667
            ]
          ]
        ]
      },
      "properties": {
        "ident_txt": "Y685",
        "length_val": "19.3NM"
      },
      "bbox": [
        127.1125,
        37.12916666666667,
        127.44361111111111,
        37.3125
      ]
    },
    {
      "type": "Feature",
      "id": "Y685-003",
      "geometry": {
        "type": "MultiLineString",
        "coordinates": [
          [
            [
              127.44361111111111,
              37.12916666666667
            ],
            [
              127.63972222222223,
              37.01972222222222
            ]
          ]
        ]
      },
      "properties": {
        "ident_txt": "Y685",
        "length_val": "11.5NM"
      },
      "bbox": [
        127.44361111111111,
        37.01972222222222,
        127.63972222222223,
        37.12916666666667
      ]
    },
    {
      "type": "Feature",
      "id": "Y685-004",
      "geometry": {
        "type": "MultiLineString",
        "coordinates": [
          [
            [
              127.63972222222223,
              37.01972222222222
            ],
            [
              127.79638888888888,
              36.931666666666665
            ]
          ]
        ]
      },
      "properties": {
        "ident_txt": "Y685",
        "length_val": "9.2NM"
      },
      "bbox": [
        127.63972222222223,
        36.931666666666665,
        127.79638888888888,
        37.01972222222222
      ]
    },
    {
      "type": "Feature",
      "id": "Y685-005",
      "geometry": {
        "type": "MultiLineString",
        "coordinates": [
          [
            [
              127.79638888888888,
              36.931666666666665
            ],
            [
              127.95277777777778,
              36.843611111111116
            ]
          ]
        ]
      },
      "properties": {
        "ident_txt": "Y685",
        "length_val": "9.2NM"
      },
      "bbox": [
        127.79638888888888,
        36.843611111111116,
        127.95277777777778,
        36.931666666666665
      ]
    },
    {
      "type": "Feature",
      "id": "Y685-006",
      "geometry": {
        "type": "MultiLineString",
        "coordinates": [
          [
            [
              127.95277777777778,
              36.843611111111116
            ],
            [
              128.16444444444446,
              36.72361111111111
            ]
          ]
        ]
      },
      "properties": {
        "ident_txt": "Y685",
        "length_val": "12.5NM"
      },
      "bbox": [
        127.95277777777778,
        36.72361111111111,
        128.16444444444446,
        36.843611111111116
      ]
    },
    {
      "type": "Feature",
      "id": "Y685-007",
      "geometry": {
        "type": "MultiLineString",
        "coordinates": [
          [
            [
              128.16444444444446,
              36.72361111111111
            ],
            [
              128.32527777777779,
              36.63194444444444
            ]
          ]
        ]
      },
      "properties": {
        "ident_txt": "Y685",
        "length_val": "9.5NM"
      },
      "bbox": [
        128.16444444444446,
        36.63194444444444,
        128.32527777777779,
        36.72361111111111
      ]
    },
    {
      "type": "Feature",
      "id": "Y685-008",
      "geometry": {
        "type": "MultiLineString",
        "coordinates": [
          [
            [
              128.32527777777779,
              36.63194444444444
            ],
            [
              128.8475,
              36.33722222222222
            ]
          ]
        ]
      },
      "properties": {
        "ident_txt": "Y685",
        "length_val": "30.8NM"
      },
      "bbox": [
        128.32527777777779,
        36.33722222222222,
        128.8475,
        36.63194444444444
      ]
    },
    {
      "type": "Feature",
      "id": "Y685-009",
      "geometry": {
        "type": "MultiLineString",
        "coordinates": [
          [
            [
              128.8475,
              36.33722222222222
            ],
            [
              129.47444444444446,
              35.977222222222224
            ]
          ]
        ]
      },
      "properties": {
        "ident_txt": "Y685",
        "length_val": "37.3NM"
      },
      "bbox": [
        128.8475,
        35.977222222222224,
        129.47444444444446,
        36.33722222222222
      ]
    },
    {
      "type": "Feature",
      "id": "Y685-010",
      "geometry": {
        "type": "MultiLineString",
        "coordinates": [
          [
            [
              129.47444444444446,
              35.977222222222224
            ],
            [
              129.82333333333332,
              35.93583333333333
            ]
          ]
        ]
      },
      "properties": {
        "ident_txt": "Y685",
        "length_val": "17.2NM"
      },
      "bbox": [
        129.47444444444446,
        35.93583333333333,
        129.82333333333332,
        35.977222222222224
      ]
    },
    {
      "type": "Feature",
      "id": "Y685-011",
      "geometry": {
        "type": "MultiLineString",
        "coordinates": [
          [
            [
              129.82333333333332,
              35.93583333333333
            ],
            [
              130.72361111111113,
              35.823888888888895
            ]
          ]
        ]
      },
      "properties": {
        "ident_txt": "Y685",
        "length_val": "44.4NM"
      },
      "bbox": [
        129.82333333333332,
        35.823888888888895,
        130.72361111111113,
        35.93583333333333
      ]
    },
    {
      "type": "Feature",
      "id": "Y697-001",
      "geometry": {
        "type": "MultiLineString",
        "coordinates": [
          [
            [
              124.0,
              37.166666666666664
            ],
            [
              124.13083333333333,
              37.23638888888889
            ]
          ]
        ]
      },
      "properties": {
        "ident_txt": "Y697",
        "length_val": "7.5NM"
      },
      "bbox": [
        124.0,
        37.166666666666664,
        124.13083333333333,
        37.23638888888889
      ]
    },
    {
      "type": "Feature",
      "id": "Y697-002",
      "geometry": {
        "type": "MultiLineString",
        "coordinates": [
          [
            [
              124.13083333333333,
              37.23638888888889
            ],
            [
              124.41805555555555,
              37.38055555555555
            ]
          ]
        ]
      },
      "properties": {
        "ident_txt": "Y697",
        "length_val": "16.2NM"
      },
      "bbox": [
        124.13083333333333,
        37.23638888888889,
        124.41805555555555,
        37.38055555555555
      ]
    },
    {
      "type": "Feature",
      "id": "Y697-003",
      "geometry": {
        "type": "MultiLineString",
        "coordinates": [
          [
            [
              124.41805555555555,
              37.38055555555555
            ],
            [
              124.83583333333333,
              37.38972222222222
            ]
          ]
        ]
      },
      "properties": {
        "ident_txt": "Y697",
        "length_val": "20.0NM"
      },
      "bbox": [
        124.41805555555555,
        37.38055555555555,
        124.83583333333333,
        37.38972222222222
      ]
    },
    {
      "type": "Feature",
      "id": "Y697-004",
      "geometry": {
        "type": "MultiLineString",
        "coordinates": [
          [
            [
              124.83583333333333,
              37.38972222222222
            ],
            [
              125.23305555555555,
              37.39694444444444
            ]
          ]
        ]
      },
      "properties": {
        "ident_txt": "Y697",
        "length_val": "19.0NM"
      },
      "bbox": [
        124.83583333333333,
        37.38972222222222,
        125.23305555555555,
        37.39694444444444
      ]
    },
    {
      "type": "Feature",
      "id": "Y697-005",
      "geometry": {
        "type": "MultiLineString",
        "coordinates": [
          [
            [
              125.23305555555555,
              37.39694444444444
            ],
            [
              125.65138888888889,
              37.40333333333333
            ]
          ]
        ]
      },
      "properties": {
        "ident_txt": "Y697",
        "length_val": "20.0NM"
      },
      "bbox": [
        125.23305555555555,
        37.39694444444444,
        125.65138888888889,
        37.40333333333333
      ]
    },
    {
      "type": "Feature",
      "id": "Y697-006",
      "geometry": {
        "type": "MultiLineString",
        "coordinates": [
          [
            [
              125.65138888888889,
              37.40333333333333
            ],
            [
              126.51,
              37.41166666666666
            ]
          ]
        ]
      },
      "properties": {
        "ident_txt": "Y697",
        "length_val": "41.0NM"
      },
      "bbox": [
        125.65138888888889,
        37.40333333333333,
        126.51,
        37.41166666666666
      ]
    },
    {
      "type": "Feature",
      "id": "Y697-007",
      "geometry": {
        "type": "MultiLineString",
        "coordinates": [
          [
            [
              126.51,
              37.41166666666666
            ],
            [
              126.92833333333334,
              37.41361111111111
            ]
          ]
        ]
      },
      "properties": {
        "ident_txt": "Y697",
        "length_val": "20.0NM"
      },
      "bbox": [
        126.51,
        37.41166666666666,
        126.92833333333334,
        37.41361111111111
      ]
    },
    {
      "type": "Feature",
      "id": "Y697-008",
      "geometry": {
        "type": "MultiLineString",
        "coordinates": [
          [
            [
              126.92833333333334,
              37.41361111111111
            ],
            [
              127.37944444444443,
              37.487500000000004
            ]
          ]
        ]
      },
      "properties": {
        "ident_txt": "Y697",
        "length_val": "22.0NM"
      },
      "bbox": [
        126.92833333333334,
        37.41361111111111,
        127.37944444444443,
        37.487500000000004
      ]
    },
    {
      "type": "Feature",
      "id": "Y697-009",
      "geometry": {
        "type": "MultiLineString",
        "coordinates": [
          [
            [
              127.37944444444443,
              37.487500000000004
            ],
            [
              127.66444444444446,
              37.533055555555556
            ]
          ]
        ]
      },
      "properties": {
        "ident_txt": "Y697",
        "length_val": "13.9NM"
      },
      "bbox": [
        127.37944444444443,
        37.487500000000004,
        127.66444444444446,
        37.533055555555556
      ]
    },
    {
      "type": "Feature",
      "id": "Y697-010",
      "geometry": {
        "type": "MultiLineString",
        "coordinates": [
          [
            [
              127.66444444444446,
              37.533055555555556
            ],
            [
              128.13527777777776,
              37.606944444444444
            ]
          ]
        ]
      },
      "properties": {
        "ident_txt": "Y697",
        "length_val": "22.9NM"
      },
      "bbox": [
        127.66444444444446,
        37.533055555555556,
        128.13527777777776,
        37.606944444444444
      ]
    },
    {
      "type": "Feature",
      "id": "Y697-011",
      "geometry": {
        "type": "MultiLineString",
        "coordinates": [
          [
            [
              128.13527777777776,
              37.606944444444444
            ],
            [
              128.58444444444444,
              37.675555555555555
            ]
          ]
        ]
      },
      "properties": {
        "ident_txt": "Y697",
        "length_val": "21.8NM"
      },
      "bbox": [
        128.13527777777776,
        37.606944444444444,
        128.58444444444444,
        37.675555555555555
      ]
    },
    {
      "type": "Feature",
      "id": "Y697-012",
      "geometry": {
        "type": "MultiLineString",
        "coordinates": [
          [
            [
              128.58444444444444,
              37.675555555555555
            ],
            [
              128.7538888888889,
              37.700833333333335
            ]
          ]
        ]
      },
      "properties": {
        "ident_txt": "Y697",
        "length_val": "8.2NM"
      },
      "bbox": [
        128.58444444444444,
        37.675555555555555,
        128.7538888888889,
        37.700833333333335
      ]
    },
    {
      "type": "Feature",
      "id": "Y697-013",
      "geometry": {
        "type": "MultiLineString",
        "coordinates": [
          [
            [
              128.7538888888889,
              37.700833333333335
            ],
            [
              129.29194444444445,
              37.44194444444444
            ]
          ]
        ]
      },
      "properties": {
        "ident_txt": "Y697",
        "length_val": "30.0NM"
      },
      "bbox": [
        128.7538888888889,
        37.44194444444444,
        129.29194444444445,
        37.700833333333335
      ]
    },
    {
      "type": "Feature",
      "id": "Y697-014",
      "geometry": {
        "type": "MultiLineString",
        "coordinates": [
          [
            [
              129.29194444444445,
              37.44194444444444
            ],
            [
              129.8475,
              37.17055555555555
            ]
          ]
        ]
      },
      "properties": {
        "ident_txt": "Y697",
        "length_val": "31.2NM"
      },
      "bbox": [
        129.29194444444445,
        37.17055555555555,
        129.8475,
        37.44194444444444
      ]
    },
    {
      "type": "Feature",
      "id": "Y697-015",
      "geometry": {
        "type": "MultiLineString",
        "coordinates": [
          [
            [
              129.8475,
              37.17055555555555
            ],
            [
              130.67888888888888,
              36.755833333333335
            ]
          ]
        ]
      },
      "properties": {
        "ident_txt": "Y697",
        "length_val": "47.1NM"
      },
      "bbox": [
        129.8475,
        36.755833333333335,
        130.67888888888888,
        37.17055555555555
      ]
    },
    {
      "type": "Feature",
      "id": "Y697-016",
      "geometry": {
        "type": "MultiLineString",
        "coordinates": [
          [
            [
              130.67888888888888,
              36.755833333333335
            ],
            [
              131.4283333333333,
              36.373333333333335
            ]
          ]
        ]
      },
      "properties": {
        "ident_txt": "Y697",
        "length_val": "42.9NM"
      },
      "bbox": [
        130.67888888888888,
        36.373333333333335,
        131.4283333333333,
        36.755833333333335
      ]
    },
    {
      "type": "Feature",
      "id": "Y711-001",
      "geometry": {
        "type": "MultiLineString",
        "coordinates": [
          [
            [
              126.83749999999999,
              37.213055555555556
            ],
            [
              126.825,
              36.72277777777778
            ]
          ]
        ]
      },
      "properties": {
        "ident_txt": "Y711",
        "length_val": "29.4NM"
      },
      "bbox": [
        126.825,
        36.72277777777778,
        126.83749999999999,
        37.213055555555556
      ]
    },
    {
      "type": "Feature",
      "id": "Y711-002",
      "geometry": {
        "type": "MultiLineString",
        "coordinates": [
          [
            [
              126.825,
              36.72277777777778
            ],
            [
              126.83138888888888,
              36.55611111111111
            ]
          ]
        ]
      },
      "properties": {
        "ident_txt": "Y711",
        "length_val": "10.0NM"
      },
      "bbox": [
        126.825,
        36.55611111111111,
        126.83138888888888,
        36.72277777777778
      ]
    },
    {
      "type": "Feature",
      "id": "Y711-003",
      "geometry": {
        "type": "MultiLineString",
        "coordinates": [
          [
            [
              126.83138888888888,
              36.55611111111111
            ],
            [
              126.83777777777777,
              36.38638888888889
            ]
          ]
        ]
      },
      "properties": {
        "ident_txt": "Y711",
        "length_val": "10.2NM"
      },
      "bbox": [
        126.83138888888888,
        36.38638888888889,
        126.83777777777777,
        36.55611111111111
      ]
    },
    {
      "type": "Feature",
      "id": "Y711-004",
      "geometry": {
        "type": "MultiLineString",
        "coordinates": [
          [
            [
              126.83777777777777,
              36.38638888888889
            ],
            [
              126.81222222222222,
              36.15138888888889
            ]
          ]
        ]
      },
      "properties": {
        "ident_txt": "Y711",
        "length_val": "14.1NM"
      },
      "bbox": [
        126.81222222222222,
        36.15138888888889,
        126.83777777777777,
        36.38638888888889
      ]
    },
    {
      "type": "Feature",
      "id": "Y711-005",
      "geometry": {
        "type": "MultiLineString",
        "coordinates": [
          [
            [
              126.81222222222222,
              36.15138888888889
            ],
            [
              126.78527777777778,
              35.90277777777778
            ]
          ]
        ]
      },
      "properties": {
        "ident_txt": "Y711",
        "length_val": "14.9NM"
      },
      "bbox": [
        126.78527777777778,
        35.90277777777778,
        126.81222222222222,
        36.15138888888889
      ]
    },
    {
      "type": "Feature",
      "id": "Y711-006",
      "geometry": {
        "type": "MultiLineString",
        "coordinates": [
          [
            [
              126.78527777777778,
              35.90277777777778
            ],
            [
              126.74222222222222,
              35.503055555555555
            ]
          ]
        ]
      },
      "properties": {
        "ident_txt": "Y711",
        "length_val": "24.0NM"
      },
      "bbox": [
        126.74222222222222,
        35.503055555555555,
        126.78527777777778,
        35.90277777777778
      ]
    },
    {
      "type": "Feature",
      "id": "Y711-007",
      "geometry": {
        "type": "MultiLineString",
        "coordinates": [
          [
            [
              126.74222222222222,
              35.503055555555555
            ],
            [
              126.70166666666667,
              35.125277777777775
            ]
          ]
        ]
      },
      "properties": {
        "ident_txt": "Y711",
        "length_val": "22.7NM"
      },
      "bbox": [
        126.70166666666667,
        35.125277777777775,
        126.74222222222222,
        35.503055555555555
      ]
    },
    {
      "type": "Feature",
      "id": "Y711-008",
      "geometry": {
        "type": "MultiLineString",
        "coordinates": [
          [
            [
              126.70166666666667,
              35.125277777777775
            ],
            [
              126.6275,
              34.42055555555555
            ]
          ]
        ]
      },
      "properties": {
        "ident_txt": "Y711",
        "length_val": "42.4NM"
      },
      "bbox": [
        126.6275,
        34.42055555555555,
        126.70166666666667,
        35.125277777777775
      ]
    },
    {
      "type": "Feature",
      "id": "Y711-009",
      "geometry": {
        "type": "MultiLineString",
        "coordinates": [
          [
            [
              126.6275,
              34.42055555555555
            ],
            [
              126.61027777777777,
              34.25416666666667
            ]
          ]
        ]
      },
      "properties": {
        "ident_txt": "Y711",
        "length_val": "10.0NM"
      },
      "bbox": [
        126.61027777777777,
        34.25416666666667,
        126.6275,
        34.42055555555555
      ]
    },
    {
      "type": "Feature",
      "id": "Y711-010",
      "geometry": {
        "type": "MultiLineString",
        "coordinates": [
          [
            [
              126.61027777777777,
              34.25416666666667
            ],
            [
              126.56722222222221,
              33.84111111111111
            ]
          ]
        ]
      },
      "properties": {
        "ident_txt": "Y711",
        "length_val": "24.8NM"
      },
      "bbox": [
        126.56722222222221,
        33.84111111111111,
        126.61027777777777,
        34.25416666666667
      ]
    },
    {
      "type": "Feature",
      "id": "Y711-011",
      "geometry": {
        "type": "MultiLineString",
        "coordinates": [
          [
            [
              126.56722222222221,
              33.84111111111111
            ],
            [
              126.3913888888889,
              33.43472222222222
            ]
          ]
        ]
      },
      "properties": {
        "ident_txt": "Y711",
        "length_val": "25.9NM"
      },
      "bbox": [
        126.3913888888889,
        33.43472222222222,
        126.56722222222221,
        33.84111111111111
      ]
    },
    {
      "type": "Feature",
      "id": "Y711-012",
      "geometry": {
        "type": "MultiLineString",
        "coordinates": [
          [
            [
              126.3913888888889,
              33.43472222222222
            ],
            [
              126.20694444444445,
              33.00388888888889
            ]
          ]
        ]
      },
      "properties": {
        "ident_txt": "Y711",
        "length_val": "27.4NM"
      },
      "bbox": [
        126.20694444444445,
        33.00388888888889,
        126.3913888888889,
        33.43472222222222
      ]
    },
    {
      "type": "Feature",
      "id": "Y711-013",
      "geometry": {
        "type": "MultiLineString",
        "coordinates": [
          [
            [
              126.20694444444445,
              33.00388888888889
            ],
            [
              125.98305555555555,
              32.480000000000004
            ]
          ]
        ]
      },
      "properties": {
        "ident_txt": "Y711",
        "length_val": "33.4NM"
      },
      "bbox": [
        125.98305555555555,
        32.480000000000004,
        126.20694444444445,
        33.00388888888889
      ]
    },
    {
      "type": "Feature",
      "id": "Y711-014",
      "geometry": {
        "type": "MultiLineString",
        "coordinates": [
          [
            [
              125.98305555555555,
              32.480000000000004
            ],
            [
              125.78305555555555,
              32.005833333333335
            ]
          ]
        ]
      },
      "properties": {
        "ident_txt": "Y711",
        "length_val": "30.1NM"
      },
      "bbox": [
        125.78305555555555,
        32.005833333333335,
        125.98305555555555,
        32.480000000000004
      ]
    },
    {
      "type": "Feature",
      "id": "Y711-015",
      "geometry": {
        "type": "MultiLineString",
        "coordinates": [
          [
            [
              125.78305555555555,
              32.005833333333335
            ],
            [
              125.66333333333334,
              31.720555555555553
            ]
          ]
        ]
      },
      "properties": {
        "ident_txt": "Y711",
        "length_val": "18.2NM"
      },
      "bbox": [
        125.66333333333334,
        31.720555555555553,
        125.78305555555555,
        32.005833333333335
      ]
    },
    {
      "type": "Feature",
      "id": "Y711-016",
      "geometry": {
        "type": "MultiLineString",
        "coordinates": [
          [
            [
              125.66333333333334,
              31.720555555555553
            ],
            [
              125.58444444444444,
              31.531944444444445
            ]
          ]
        ]
      },
      "properties": {
        "ident_txt": "Y711",
        "length_val": "12.0NM"
      },
      "bbox": [
        125.58444444444444,
        31.531944444444445,
        125.66333333333334,
        31.720555555555553
      ]
    },
    {
      "type": "Feature",
      "id": "Y711-017",
      "geometry": {
        "type": "MultiLineString",
        "coordinates": [
          [
            [
              125.58444444444444,
              31.531944444444445
            ],
            [
              125.14750000000001,
              30.477777777777778
            ]
          ]
        ]
      },
      "properties": {
        "ident_txt": "Y711",
        "length_val": "67.0NM"
      },
      "bbox": [
        125.14750000000001,
        30.477777777777778,
        125.58444444444444,
        31.531944444444445
      ]
    },
    {
      "type": "Feature",
      "id": "Y711-018",
      "geometry": {
        "type": "MultiLineString",
        "coordinates": [
          [
            [
              125.14750000000001,
              30.477777777777778
            ],
            [
              124.95333333333333,
              30.001666666666665
            ]
          ]
        ]
      },
      "properties": {
        "ident_txt": "Y711",
        "length_val": "30.2NM"
      },
      "bbox": [
        124.95333333333333,
        30.001666666666665,
        125.14750000000001,
        30.477777777777778
      ]
    },
    {
      "type": "Feature",
      "id": "Y722-001",
      "geometry": {
        "type": "MultiLineString",
        "coordinates": [
          [
            [
              127.03166666666667,
              37.09444444444445
            ],
            [
              126.99111111111111,
              36.73694444444445
            ]
          ]
        ]
      },
      "properties": {
        "ident_txt": "Y722",
        "length_val": "21.5NM"
      },
      "bbox": [
        126.99111111111111,
        36.73694444444445,
        127.03166666666667,
        37.09444444444445
      ]
    },
    {
      "type": "Feature",
      "id": "Y722-002",
      "geometry": {
        "type": "MultiLineString",
        "coordinates": [
          [
            [
              126.99111111111111,
              36.73694444444445
            ],
            [
              126.99694444444445,
              36.57055555555556
            ]
          ]
        ]
      },
      "properties": {
        "ident_txt": "Y722",
        "length_val": "10.0NM"
      },
      "bbox": [
        126.99111111111111,
        36.57055555555556,
        126.99694444444445,
        36.73694444444445
      ]
    },
    {
      "type": "Feature",
      "id": "Y722-003",
      "geometry": {
        "type": "MultiLineString",
        "coordinates": [
          [
            [
              126.99694444444445,
              36.57055555555556
            ],
            [
              127.00361111111111,
              36.38638888888889
            ]
          ]
        ]
      },
      "properties": {
        "ident_txt": "Y722",
        "length_val": "11.0NM"
      },
      "bbox": [
        126.99694444444445,
        36.38638888888889,
        127.00361111111111,
        36.57055555555556
      ]
    },
    {
      "type": "Feature",
      "id": "Y722-004",
      "geometry": {
        "type": "MultiLineString",
        "coordinates": [
          [
            [
              127.00361111111111,
              36.38638888888889
            ],
            [
              126.94916666666667,
              35.89555555555555
            ]
          ]
        ]
      },
      "properties": {
        "ident_txt": "Y722",
        "length_val": "29.5NM"
      },
      "bbox": [
        126.94916666666667,
        35.89555555555555,
        127.00361111111111,
        36.38638888888889
      ]
    },
    {
      "type": "Feature",
      "id": "Y722-005",
      "geometry": {
        "type": "MultiLineString",
        "coordinates": [
          [
            [
              126.94916666666667,
              35.89555555555555
            ],
            [
              126.90611111111112,
              35.503055555555555
            ]
          ]
        ]
      },
      "properties": {
        "ident_txt": "Y722",
        "length_val": "23.6NM"
      },
      "bbox": [
        126.90611111111112,
        35.503055555555555,
        126.94916666666667,
        35.89555555555555
      ]
    },
    {
      "type": "Feature",
      "id": "Y722-006",
      "geometry": {
        "type": "MultiLineString",
        "coordinates": [
          [
            [
              126.90611111111112,
              35.503055555555555
            ],
            [
              126.865,
              35.126666666666665
            ]
          ]
        ]
      },
      "properties": {
        "ident_txt": "Y722",
        "length_val": "22.7NM"
      },
      "bbox": [
        126.865,
        35.126666666666665,
        126.90611111111112,
        35.503055555555555
      ]
    },
    {
      "type": "Feature",
      "id": "Y722-007",
      "geometry": {
        "type": "MultiLineString",
        "coordinates": [
          [
            [
              126.865,
              35.126666666666665
            ],
            [
              126.77166666666666,
              34.25388888888889
            ]
          ]
        ]
      },
      "properties": {
        "ident_txt": "Y722",
        "length_val": "52.5NM"
      },
      "bbox": [
        126.77166666666666,
        34.25388888888889,
        126.865,
        35.126666666666665
      ]
    },
    {
      "type": "Feature",
      "id": "Y722-008",
      "geometry": {
        "type": "MultiLineString",
        "coordinates": [
          [
            [
              126.77166666666666,
              34.25388888888889
            ],
            [
              126.7325,
              33.880833333333335
            ]
          ]
        ]
      },
      "properties": {
        "ident_txt": "Y722",
        "length_val": "22.4NM"
      },
      "bbox": [
        126.7325,
        33.880833333333335,
        126.77166666666666,
        34.25388888888889
      ]
    },
    {
      "type": "Feature",
      "id": "Y722-009",
      "geometry": {
        "type": "MultiLineString",
        "coordinates": [
          [
            [
              126.7325,
              33.880833333333335
            ],
            [
              126.69805555555556,
              33.55416666666667
            ]
          ]
        ]
      },
      "properties": {
        "ident_txt": "Y722",
        "length_val": "19.6NM"
      },
      "bbox": [
        126.69805555555556,
        33.55416666666667,
        126.7325,
        33.880833333333335
      ]
    },
    {
      "type": "Feature",
      "id": "Y722-010",
      "geometry": {
        "type": "MultiLineString",
        "coordinates": [
          [
            [
              126.69805555555556,
              33.55416666666667
            ],
            [
              126.62416666666665,
              33.38472222222222
            ]
          ]
        ]
      },
      "properties": {
        "ident_txt": "Y722",
        "length_val": "10.8NM"
      },
      "bbox": [
        126.62416666666665,
        33.38472222222222,
        126.69805555555556,
        33.55416666666667
      ]
    },
    {
      "type": "Feature",
      "id": "Y722-011",
      "geometry": {
        "type": "MultiLineString",
        "coordinates": [
          [
            [
              126.62416666666665,
              33.38472222222222
            ],
            [
              126.45972222222223,
              33.00333333333333
            ]
          ]
        ]
      },
      "properties": {
        "ident_txt": "Y722",
        "length_val": "24.3NM"
      },
      "bbox": [
        126.45972222222223,
        33.00333333333333,
        126.62416666666665,
        33.38472222222222
      ]
    },
    {
      "type": "Feature",
      "id": "Y722-012",
      "geometry": {
        "type": "MultiLineString",
        "coordinates": [
          [
            [
              126.45972222222223,
              33.00333333333333
            ],
            [
              126.26,
              32.53972222222222
            ]
          ]
        ]
      },
      "properties": {
        "ident_txt": "Y722",
        "length_val": "29.5NM"
      },
      "bbox": [
        126.26,
        32.53972222222222,
        126.45972222222223,
        33.00333333333333
      ]
    },
    {
      "type": "Feature",
      "id": "Y722-013",
      "geometry": {
        "type": "MultiLineString",
        "coordinates": [
          [
            [
              126.26,
              32.53972222222222
            ],
            [
              126.05805555555555,
              32.065
            ]
          ]
        ]
      },
      "properties": {
        "ident_txt": "Y722",
        "length_val": "30.2NM"
      },
      "bbox": [
        126.05805555555555,
        32.065,
        126.26,
        32.53972222222222
      ]
    },
    {
      "type": "Feature",
      "id": "Y722-014",
      "geometry": {
        "type": "MultiLineString",
        "coordinates": [
          [
            [
              126.05805555555555,
              32.065
            ],
            [
              125.93805555555556,
              31.781388888888888
            ]
          ]
        ]
      },
      "properties": {
        "ident_txt": "Y722",
        "length_val": "18.1NM"
      },
      "bbox": [
        125.93805555555556,
        31.781388888888888,
        126.05805555555555,
        32.065
      ]
    },
    {
      "type": "Feature",
      "id": "Y722-015",
      "geometry": {
        "type": "MultiLineString",
        "coordinates": [
          [
            [
              125.93805555555556,
              31.781388888888888
            ],
            [
              125.85777777777777,
              31.590555555555554
            ]
          ]
        ]
      },
      "properties": {
        "ident_txt": "Y722",
        "length_val": "12.1NM"
      },
      "bbox": [
        125.85777777777777,
        31.590555555555554,
        125.93805555555556,
        31.781388888888888
      ]
    },
    {
      "type": "Feature",
      "id": "Y722-016",
      "geometry": {
        "type": "MultiLineString",
        "coordinates": [
          [
            [
              125.85777777777777,
              31.590555555555554
            ],
            [
              125.19833333333334,
              30.003611111111113
            ]
          ]
        ]
      },
      "properties": {
        "ident_txt": "Y722",
        "length_val": "100.9NM"
      },
      "bbox": [
        125.19833333333334,
        30.003611111111113,
        125.85777777777777,
        31.590555555555554
      ]
    },
    {
      "type": "Feature",
      "id": "Y744-001",
      "geometry": {
        "type": "MultiLineString",
        "coordinates": [
          [
            [
              129.29194444444445,
              37.44194444444444
            ],
            [
              129.3325,
              37.12083333333334
            ]
          ]
        ]
      },
      "properties": {
        "ident_txt": "Y744",
        "length_val": "19.3NM"
      },
      "bbox": [
        129.29194444444445,
        37.12083333333334,
        129.3325,
        37.44194444444444
      ]
    },
    {
      "type": "Feature",
      "id": "Y744-002",
      "geometry": {
        "type": "MultiLineString",
        "coordinates": [
          [
            [
              129.3325,
              37.12083333333334
            ],
            [
              129.39194444444445,
              36.64555555555555
            ]
          ]
        ]
      },
      "properties": {
        "ident_txt": "Y744",
        "length_val": "28.6NM"
      },
      "bbox": [
        129.3325,
        36.64555555555555,
        129.39194444444445,
        37.12083333333334
      ]
    },
    {
      "type": "Feature",
      "id": "Y744-003",
      "geometry": {
        "type": "MultiLineString",
        "coordinates": [
          [
            [
              129.39194444444445,
              36.64555555555555
            ],
            [
              129.42999999999998,
              36.33777777777778
            ]
          ]
        ]
      },
      "properties": {
        "ident_txt": "Y744",
        "length_val": "18.5NM"
      },
      "bbox": [
        129.39194444444445,
        36.33777777777778,
        129.42999999999998,
        36.64555555555555
      ]
    },
    {
      "type": "Feature",
      "id": "Y744-004",
      "geometry": {
        "type": "MultiLineString",
        "coordinates": [
          [
            [
              129.42999999999998,
              36.33777777777778
            ],
            [
              129.47444444444446,
              35.977222222222224
            ]
          ]
        ]
      },
      "properties": {
        "ident_txt": "Y744",
        "length_val": "21.7NM"
      },
      "bbox": [
        129.42999999999998,
        35.977222222222224,
        129.47444444444446,
        36.33777777777778
      ]
    },
    {
      "type": "Feature",
      "id": "Y744-005",
      "geometry": {
        "type": "MultiLineString",
        "coordinates": [
          [
            [
              129.47444444444446,
              35.977222222222224
            ],
            [
              129.1588888888889,
              35.41166666666666
            ]
          ]
        ]
      },
      "properties": {
        "ident_txt": "Y744",
        "length_val": "37.2NM"
      },
      "bbox": [
        129.1588888888889,
        35.41166666666666,
        129.47444444444446,
        35.977222222222224
      ]
    },
    {
      "type": "Feature",
      "id": "Y744-006",
      "geometry": {
        "type": "MultiLineString",
        "coordinates": [
          [
            [
              129.1588888888889,
              35.41166666666666
            ],
            [
              128.99944444444444,
              35.1225
            ]
          ]
        ]
      },
      "properties": {
        "ident_txt": "Y744",
        "length_val": "19.0NM"
      },
      "bbox": [
        128.99944444444444,
        35.1225,
        129.1588888888889,
        35.41166666666666
      ]
    },
    {
      "type": "Feature",
      "id": "Y781-001",
      "geometry": {
        "type": "MultiLineString",
        "coordinates": [
          [
            [
              128.59083333333334,
              35.80972222222222
            ],
            [
              128.56111111111113,
              35.47972222222222
            ]
          ]
        ]
      },
      "properties": {
        "ident_txt": "Y781",
        "length_val": "19.8NM"
      },
      "bbox": [
        128.56111111111113,
        35.47972222222222,
        128.59083333333334,
        35.80972222222222
      ]
    },
    {
      "type": "Feature",
      "id": "Y781-002",
      "geometry": {
        "type": "MultiLineString",
        "coordinates": [
          [
            [
              128.56111111111113,
              35.47972222222222
            ],
            [
              128.7711111111111,
              35.125
            ]
          ]
        ]
      },
      "properties": {
        "ident_txt": "Y781",
        "length_val": "23.6NM"
      },
      "bbox": [
        128.56111111111113,
        35.125,
        128.7711111111111,
        35.47972222222222
      ]
    },
    {
      "type": "Feature",
      "id": "Y781-003",
      "geometry": {
        "type": "MultiLineString",
        "coordinates": [
          [
            [
              128.7711111111111,
              35.125
            ],
            [
              128.83944444444447,
              35.009166666666665
            ]
          ]
        ]
      },
      "properties": {
        "ident_txt": "Y781",
        "length_val": "7.7NM"
      },
      "bbox": [
        128.7711111111111,
        35.009166666666665,
        128.83944444444447,
        35.125
      ]
    },
    {
      "type": "Feature",
      "id": "Y781-004",
      "geometry": {
        "type": "MultiLineString",
        "coordinates": [
          [
            [
              128.83944444444447,
              35.009166666666665
            ],
            [
              129.13083333333333,
              34.62166666666667
            ]
          ]
        ]
      },
      "properties": {
        "ident_txt": "Y781",
        "length_val": "27.3NM"
      },
      "bbox": [
        128.83944444444447,
        34.62166666666667,
        129.13083333333333,
        35.009166666666665
      ]
    },
    {
      "type": "Feature",
      "id": "Y782-001",
      "geometry": {
        "type": "MultiLineString",
        "coordinates": [
          [
            [
              126.92833333333334,
              37.41361111111111
            ],
            [
              126.99305555555556,
              37.21361111111111
            ]
          ]
        ]
      },
      "properties": {
        "ident_txt": "Y782",
        "length_val": "12.4NM"
      },
      "bbox": [
        126.92833333333334,
        37.21361111111111,
        126.99305555555556,
        37.41361111111111
      ]
    },
    {
      "type": "Feature",
      "id": "Y782-002",
      "geometry": {
        "type": "MultiLineString",
        "coordinates": [
          [
            [
              126.99305555555556,
              37.21361111111111
            ],
            [
              127.03166666666667,
              37.09444444444445
            ]
          ]
        ]
      },
      "properties": {
        "ident_txt": "Y782",
        "length_val": "7.4NM"
      },
      "bbox": [
        126.99305555555556,
        37.09444444444445,
        127.03166666666667,
        37.21361111111111
      ]
    },
    {
      "type": "Feature",
      "id": "Y782-003",
      "geometry": {
        "type": "MultiLineString",
        "coordinates": [
          [
            [
              127.03166666666667,
              37.09444444444445
            ],
            [
              127.34861111111111,
              36.83833333333334
            ]
          ]
        ]
      },
      "properties": {
        "ident_txt": "Y782",
        "length_val": "21.6NM"
      },
      "bbox": [
        127.03166666666667,
        36.83833333333334,
        127.34861111111111,
        37.09444444444445
      ]
    },
    {
      "type": "Feature",
      "id": "Y782-004",
      "geometry": {
        "type": "MultiLineString",
        "coordinates": [
          [
            [
              127.34861111111111,
              36.83833333333334
            ],
            [
              127.50083333333333,
              36.714444444444446
            ]
          ]
        ]
      },
      "properties": {
        "ident_txt": "Y782",
        "length_val": "10.4NM"
      },
      "bbox": [
        127.34861111111111,
        36.714444444444446,
        127.50083333333333,
        36.83833333333334
      ]
    },
    {
      "type": "Feature",
      "id": "Y782-005",
      "geometry": {
        "type": "MultiLineString",
        "coordinates": [
          [
            [
              127.50083333333333,
              36.714444444444446
            ],
            [
              127.81916666666666,
              36.45333333333333
            ]
          ]
        ]
      },
      "properties": {
        "ident_txt": "Y782",
        "length_val": "21.9NM"
      },
      "bbox": [
        127.50083333333333,
        36.45333333333333,
        127.81916666666666,
        36.714444444444446
      ]
    },
    {
      "type": "Feature",
      "id": "Y782-006",
      "geometry": {
        "type": "MultiLineString",
        "coordinates": [
          [
            [
              127.81916666666666,
              36.45333333333333
            ],
            [
              128.03,
              36.27916666666667
            ]
          ]
        ]
      },
      "properties": {
        "ident_txt": "Y782",
        "length_val": "14.6NM"
      },
      "bbox": [
        127.81916666666666,
        36.27916666666667,
        128.03,
        36.45333333333333
      ]
    },
    {
      "type": "Feature",
      "id": "Y782-007",
      "geometry": {
        "type": "MultiLineString",
        "coordinates": [
          [
            [
              128.03,
              36.27916666666667
            ],
            [
              128.59083333333334,
              35.80972222222222
            ]
          ]
        ]
      },
      "properties": {
        "ident_txt": "Y782",
        "length_val": "39.2NM"
      },
      "bbox": [
        128.03,
        35.80972222222222,
        128.59083333333334,
        36.27916666666667
      ]
    },
    {
      "type": "Feature",
      "id": "Y782-008",
      "geometry": {
        "type": "MultiLineString",
        "coordinates": [
          [
            [
              128.59083333333334,
              35.80972222222222
            ],
            [
              128.7738888888889,
              35.50333333333333
            ]
          ]
        ]
      },
      "properties": {
        "ident_txt": "Y782",
        "length_val": "20.4NM"
      },
      "bbox": [
        128.59083333333334,
        35.50333333333333,
        128.7738888888889,
        35.80972222222222
      ]
    },
    {
      "type": "Feature",
      "id": "Y782-009",
      "geometry": {
        "type": "MultiLineString",
        "coordinates": [
          [
            [
              128.7738888888889,
              35.50333333333333
            ],
            [
              128.99944444444444,
              35.1225
            ]
          ]
        ]
      },
      "properties": {
        "ident_txt": "Y782",
        "length_val": "25.4NM"
      },
      "bbox": [
        128.7738888888889,
        35.1225,
        128.99944444444444,
        35.50333333333333
      ]
    },
    {
      "type": "Feature",
      "id": "Y782-010",
      "geometry": {
        "type": "MultiLineString",
        "coordinates": [
          [
            [
              128.99944444444444,
              35.1225
            ],
            [
              129.23333333333332,
              34.723055555555554
            ]
          ]
        ]
      },
      "properties": {
        "ident_txt": "Y782",
        "length_val": "26.6NM"
      },
      "bbox": [
        128.99944444444444,
        34.723055555555554,
        129.23333333333332,
        35.1225
      ]
    },
    {
      "type": "Feature",
      "id": "Z50-001",
      "geometry": {
        "type": "MultiLineString",
        "coordinates": [
          [
            [
              127.37944444444443,
              37.487500000000004
            ],
            [
              127.03166666666667,
              37.09444444444445
            ]
          ]
        ]
      },
      "properties": {
        "ident_txt": "Z50",
        "length_val": "28.8NM"
      },
      "bbox": [
        127.03166666666667,
        37.09444444444445,
        127.37944444444443,
        37.487500000000004
      ]
    },
    {
      "type": "Feature",
      "id": "Z50-002",
      "geometry": {
        "type": "MultiLineString",
        "coordinates": [
          [
            [
              127.03166666666667,
              37.09444444444445
            ],
            [
              126.825,
              36.72277777777778
            ]
          ]
        ]
      },
      "properties": {
        "ident_txt": "Z50",
        "length_val": "24.4NM"
      },
      "bbox": [
        126.825,
        36.72277777777778,
        127.03166666666667,
        37.09444444444445
      ]
    },
    {
      "type": "Feature",
      "id": "Y437-001",
      "geometry": {
        "type": "MultiLineString",
        "coordinates": [
          [
            [
              128.7538888888889,
              37.700833333333335
            ],
            [
              129.68444444444444,
              37.687777777777775
            ]
          ]
        ]
      },
      "properties": {
        "ident_txt": "Y437",
        "length_val": "44.3NM"
      },
      "bbox": [
        128.7538888888889,
        37.687777777777775,
        129.68444444444444,
        37.700833333333335
      ]
    },
    {
      "type": "Feature",
      "id": "Y437-002",
      "geometry": {
        "type": "MultiLineString",
        "coordinates": [
          [
            [
              129.68444444444444,
              37.687777777777775
            ],
            [
              129.8475,
              37.68472222222222
            ]
          ]
        ]
      },
      "properties": {
        "ident_txt": "Y437",
        "length_val": "7.8NM"
      },
      "bbox": [
        129.68444444444444,
        37.68472222222222,
        129.8475,
        37.687777777777775
      ]
    },
    {
      "type": "Feature",
      "id": "Y437-003",
      "geometry": {
        "type": "MultiLineString",
        "coordinates": [
          [
            [
              129.8475,
              37.68472222222222
            ],
            [
              130.26944444444445,
              37.67583333333333
            ]
          ]
        ]
      },
      "properties": {
        "ident_txt": "Y437",
        "length_val": "20.1NM"
      },
      "bbox": [
        129.8475,
        37.67583333333333,
        130.26944444444445,
        37.68472222222222
      ]
    },
    {
      "type": "Feature",
      "id": "Y437-004",
      "geometry": {
        "type": "MultiLineString",
        "coordinates": [
          [
            [
              130.26944444444445,
              37.67583333333333
            ],
            [
              131.57416666666666,
              37.638888888888886
            ]
          ]
        ]
      },
      "properties": {
        "ident_txt": "Y437",
        "length_val": "62.2NM"
      },
      "bbox": [
        130.26944444444445,
        37.638888888888886,
        131.57416666666666,
        37.67583333333333
      ]
    },
    {
      "type": "Feature",
      "id": "Y437-005",
      "geometry": {
        "type": "MultiLineString",
        "coordinates": [
          [
            [
              131.57416666666666,
              37.638888888888886
            ],
            [
              131.81777777777776,
              37.91111111111111
            ]
          ]
        ]
      },
      "properties": {
        "ident_txt": "Y437",
        "length_val": "20.0NM"
      },
      "bbox": [
        131.57416666666666,
        37.638888888888886,
        131.81777777777776,
        37.91111111111111
      ]
    },
    {
      "type": "Feature",
      "id": "Y437-006",
      "geometry": {
        "type": "MultiLineString",
        "coordinates": [
          [
            [
              131.81777777777776,
              37.91111111111111
            ],
            [
              132.475,
              38.63333333333333
            ]
          ]
        ]
      },
      "properties": {
        "ident_txt": "Y437",
        "length_val": "53.3NM"
      },
      "bbox": [
        131.81777777777776,
        37.91111111111111,
        132.475,
        38.63333333333333
      ]
    },
    {
      "type": "Feature",
      "id": "Y571-001",
      "geometry": {
        "type": "MultiLineString",
        "coordinates": [
          [
            [
              126.45972222222223,
              33.00333333333333
            ],
            [
              126.68722222222223,
              33.22222222222222
            ]
          ]
        ]
      },
      "properties": {
        "ident_txt": "Y571",
        "length_val": "17.4NM"
      },
      "bbox": [
        126.45972222222223,
        33.00333333333333,
        126.68722222222223,
        33.22222222222222
      ]
    },
    {
      "type": "Feature",
      "id": "Y571-002",
      "geometry": {
        "type": "MultiLineString",
        "coordinates": [
          [
            [
              126.68722222222223,
              33.22222222222222
            ],
            [
              127.06027777777777,
              33.57805555555556
            ]
          ]
        ]
      },
      "properties": {
        "ident_txt": "Y571",
        "length_val": "28.4NM"
      },
      "bbox": [
        126.68722222222223,
        33.22222222222222,
        127.06027777777777,
        33.57805555555556
      ]
    },
    {
      "type": "Feature",
      "id": "Y571-003",
      "geometry": {
        "type": "MultiLineString",
        "coordinates": [
          [
            [
              127.06027777777777,
              33.57805555555556
            ],
            [
              127.33138888888888,
              33.78055555555555
            ]
          ]
        ]
      },
      "properties": {
        "ident_txt": "Y571",
        "length_val": "18.2NM"
      },
      "bbox": [
        127.06027777777777,
        33.57805555555556,
        127.33138888888888,
        33.78055555555555
      ]
    },
    {
      "type": "Feature",
      "id": "Y571-004",
      "geometry": {
        "type": "MultiLineString",
        "coordinates": [
          [
            [
              127.33138888888888,
              33.78055555555555
            ],
            [
              127.97638888888889,
              34.25527777777778
            ]
          ]
        ]
      },
      "properties": {
        "ident_txt": "Y571",
        "length_val": "42.9NM"
      },
      "bbox": [
        127.33138888888888,
        33.78055555555555,
        127.97638888888889,
        34.25527777777778
      ]
    },
    {
      "type": "Feature",
      "id": "Y571-005",
      "geometry": {
        "type": "MultiLineString",
        "coordinates": [
          [
            [
              127.97638888888889,
              34.25527777777778
            ],
            [
              128.49777777777777,
              34.632777777777775
            ]
          ]
        ]
      },
      "properties": {
        "ident_txt": "Y571",
        "length_val": "34.4NM"
      },
      "bbox": [
        127.97638888888889,
        34.25527777777778,
        128.49777777777777,
        34.632777777777775
      ]
    },
    {
      "type": "Feature",
      "id": "Y571-006",
      "geometry": {
        "type": "MultiLineString",
        "coordinates": [
          [
            [
              128.49777777777777,
              34.632777777777775
            ],
            [
              128.90444444444444,
              34.92305555555555
            ]
          ]
        ]
      },
      "properties": {
        "ident_txt": "Y571",
        "length_val": "26.6NM"
      },
      "bbox": [
        128.49777777777777,
        34.632777777777775,
        128.90444444444444,
        34.92305555555555
      ]
    },
    {
      "type": "Feature",
      "id": "Y571-007",
      "geometry": {
        "type": "MultiLineString",
        "coordinates": [
          [
            [
              128.90444444444444,
              34.92305555555555
            ],
            [
              128.99944444444444,
              35.1225
            ]
          ]
        ]
      },
      "properties": {
        "ident_txt": "Y571",
        "length_val": "12.8NM"
      },
      "bbox": [
        128.90444444444444,
        34.92305555555555,
        128.99944444444444,
        35.1225
      ]
    },
    {
      "type": "Feature",
      "id": "Y572-001",
      "geometry": {
        "type": "MultiLineString",
        "coordinates": [
          [
            [
              128.99944444444444,
              35.1225
            ],
            [
              128.8211111111111,
              35.040277777777774
            ]
          ]
        ]
      },
      "properties": {
        "ident_txt": "Y572",
        "length_val": "10.1NM"
      },
      "bbox": [
        128.8211111111111,
        35.040277777777774,
        128.99944444444444,
        35.1225
      ]
    },
    {
      "type": "Feature",
      "id": "Y572-002",
      "geometry": {
        "type": "MultiLineString",
        "coordinates": [
          [
            [
              128.8211111111111,
              35.040277777777774
            ],
            [
              128.49777777777777,
              34.809444444444445
            ]
          ]
        ]
      },
      "properties": {
        "ident_txt": "Y572",
        "length_val": "21.1NM"
      },
      "bbox": [
        128.49777777777777,
        34.809444444444445,
        128.8211111111111,
        35.040277777777774
      ]
    },
    {
      "type": "Feature",
      "id": "Y572-003",
      "geometry": {
        "type": "MultiLineString",
        "coordinates": [
          [
            [
              128.49777777777777,
              34.809444444444445
            ],
            [
              127.73333333333333,
              34.25555555555555
            ]
          ]
        ]
      },
      "properties": {
        "ident_txt": "Y572",
        "length_val": "50.4NM"
      },
      "bbox": [
        127.73333333333333,
        34.25555555555555,
        128.49777777777777,
        34.809444444444445
      ]
    },
    {
      "type": "Feature",
      "id": "Y572-004",
      "geometry": {
        "type": "MultiLineString",
        "coordinates": [
          [
            [
              127.73333333333333,
              34.25555555555555
            ],
            [
              127.33138888888888,
              33.95916666666667
            ]
          ]
        ]
      },
      "properties": {
        "ident_txt": "Y572",
        "length_val": "26.8NM"
      },
      "bbox": [
        127.33138888888888,
        33.95916666666667,
        127.73333333333333,
        34.25555555555555
      ]
    },
    {
      "type": "Feature",
      "id": "Y572-005",
      "geometry": {
        "type": "MultiLineString",
        "coordinates": [
          [
            [
              127.33138888888888,
              33.95916666666667
            ],
            [
              127.0775,
              33.77027777777778
            ]
          ]
        ]
      },
      "properties": {
        "ident_txt": "Y572",
        "length_val": "17.0NM"
      },
      "bbox": [
        127.0775,
        33.77027777777778,
        127.33138888888888,
        33.95916666666667
      ]
    },
    {
      "type": "Feature",
      "id": "Y572-006",
      "geometry": {
        "type": "MultiLineString",
        "coordinates": [
          [
            [
              127.0775,
              33.77027777777778
            ],
            [
              126.92055555555557,
              33.65277777777778
            ]
          ]
        ]
      },
      "properties": {
        "ident_txt": "Y572",
        "length_val": "10.5NM"
      },
      "bbox": [
        126.92055555555557,
        33.65277777777778,
        127.0775,
        33.77027777777778
      ]
    },
    {
      "type": "Feature",
      "id": "Y572-007",
      "geometry": {
        "type": "MultiLineString",
        "coordinates": [
          [
            [
              126.92055555555557,
              33.65277777777778
            ],
            [
              126.62416666666665,
              33.38472222222222
            ]
          ]
        ]
      },
      "properties": {
        "ident_txt": "Y572",
        "length_val": "21.9NM"
      },
      "bbox": [
        126.62416666666665,
        33.38472222222222,
        126.92055555555557,
        33.65277777777778
      ]
    },
    {
      "type": "Feature",
      "id": "Y572-008",
      "geometry": {
        "type": "MultiLineString",
        "coordinates": [
          [
            [
              126.62416666666665,
              33.38472222222222
            ],
            [
              126.68722222222223,
              33.22222222222222
            ]
          ]
        ]
      },
      "properties": {
        "ident_txt": "Y572",
        "length_val": "10.2NM"
      },
      "bbox": [
        126.62416666666665,
        33.22222222222222,
        126.68722222222223,
        33.38472222222222
      ]
    },
    {
      "type": "Feature",
      "id": "Y572-009",
      "geometry": {
        "type": "MultiLineString",
        "coordinates": [
          [
            [
              126.68722222222223,
              33.22222222222222
            ],
            [
              126.77194444444444,
              33.00333333333333
            ]
          ]
        ]
      },
      "properties": {
        "ident_txt": "Y572",
        "length_val": "13.8NM"
      },
      "bbox": [
        126.68722222222223,
        33.00333333333333,
        126.77194444444444,
        33.22222222222222
      ]
    },
    {
      "type": "Feature",
      "id": "Y572-010",
      "geometry": {
        "type": "MultiLineString",
        "coordinates": [
          [
            [
              126.77194444444444,
              33.00333333333333
            ],
            [
              126.96472222222222,
              32.50333333333333
            ]
          ]
        ]
      },
      "properties": {
        "ident_txt": "Y572",
        "length_val": "31.5NM"
      },
      "bbox": [
        126.77194444444444,
        32.50333333333333,
        126.96472222222222,
        33.00333333333333
      ]
    },
    {
      "type": "Feature",
      "id": "Y579-001",
      "geometry": {
        "type": "MultiLineString",
        "coordinates": [
          [
            [
              131.57416666666666,
              37.638888888888886
            ],
            [
              130.67888888888888,
              36.755833333333335
            ]
          ]
        ]
      },
      "properties": {
        "ident_txt": "Y579",
        "length_val": "68.1NM"
      },
      "bbox": [
        130.67888888888888,
        36.755833333333335,
        131.57416666666666,
        37.638888888888886
      ]
    },
    {
      "type": "Feature",
      "id": "Y579-002",
      "geometry": {
        "type": "MultiLineString",
        "coordinates": [
          [
            [
              130.67888888888888,
              36.755833333333335
            ],
            [
              130.1952777777778,
              36.29527777777778
            ]
          ]
        ]
      },
      "properties": {
        "ident_txt": "Y579",
        "length_val": "36.2NM"
      },
      "bbox": [
        130.1952777777778,
        36.29527777777778,
        130.67888888888888,
        36.755833333333335
      ]
    },
    {
      "type": "Feature",
      "id": "Y579-003",
      "geometry": {
        "type": "MultiLineString",
        "coordinates": [
          [
            [
              130.1952777777778,
              36.29527777777778
            ],
            [
              129.82333333333332,
              35.93583333333333
            ]
          ]
        ]
      },
      "properties": {
        "ident_txt": "Y579",
        "length_val": "28.1NM"
      },
      "bbox": [
        129.82333333333332,
        35.93583333333333,
        130.1952777777778,
        36.29527777777778
      ]
    },
    {
      "type": "Feature",
      "id": "Y579-004",
      "geometry": {
        "type": "MultiLineString",
        "coordinates": [
          [
            [
              129.82333333333332,
              35.93583333333333
            ],
            [
              129.29833333333332,
              35.42027777777778
            ]
          ]
        ]
      },
      "properties": {
        "ident_txt": "Y579",
        "length_val": "40.2NM"
      },
      "bbox": [
        129.29833333333332,
        35.42027777777778,
        129.82333333333332,
        35.93583333333333
      ]
    },
    {
      "type": "Feature",
      "id": "Y579-005",
      "geometry": {
        "type": "MultiLineString",
        "coordinates": [
          [
            [
              129.29833333333332,
              35.42027777777778
            ],
            [
              128.99944444444444,
              35.1225
            ]
          ]
        ]
      },
      "properties": {
        "ident_txt": "Y579",
        "length_val": "23.1NM"
      },
      "bbox": [
        128.99944444444444,
        35.1225,
        129.29833333333332,
        35.42027777777778
      ]
    },
    {
      "type": "Feature",
      "id": "Z51-001",
      "geometry": {
        "type": "MultiLineString",
        "coordinates": [
          [
            [
              126.61611111111111,
              36.735
            ],
            [
              126.73305555555555,
              36.38638888888889
            ]
          ]
        ]
      },
      "properties": {
        "ident_txt": "Z51",
        "length_val": "21.6NM"
      },
      "bbox": [
        126.61611111111111,
        36.38638888888889,
        126.73305555555555,
        36.735
      ]
    },
    {
      "type": "Feature",
      "id": "Z51-002",
      "geometry": {
        "type": "MultiLineString",
        "coordinates": [
          [
            [
              126.73305555555555,
              36.38638888888889
            ],
            [
              126.81222222222222,
              36.15138888888889
            ]
          ]
        ]
      },
      "properties": {
        "ident_txt": "Z51",
        "length_val": "14.6NM"
      },
      "bbox": [
        126.73305555555555,
        36.15138888888889,
        126.81222222222222,
        36.38638888888889
      ]
    },
    {
      "type": "Feature",
      "id": "Z52-001",
      "geometry": {
        "type": "MultiLineString",
        "coordinates": [
          [
            [
              126.99111111111111,
              36.73694444444445
            ],
            [
              127.22111111111111,
              36.9375
            ]
          ]
        ]
      },
      "properties": {
        "ident_txt": "Z52",
        "length_val": "16.4NM"
      },
      "bbox": [
        126.99111111111111,
        36.73694444444445,
        127.22111111111111,
        36.9375
      ]
    },
    {
      "type": "Feature",
      "id": "Z52-002",
      "geometry": {
        "type": "MultiLineString",
        "coordinates": [
          [
            [
              127.22111111111111,
              36.9375
            ],
            [
              127.44361111111111,
              37.12916666666667
            ]
          ]
        ]
      },
      "properties": {
        "ident_txt": "Z52",
        "length_val": "15.7NM"
      },
      "bbox": [
        127.22111111111111,
        36.9375,
        127.44361111111111,
        37.12916666666667
      ]
    },
    {
      "type": "Feature",
      "id": "Z53-001",
      "geometry": {
        "type": "MultiLineString",
        "coordinates": [
          [
            [
              128.03,
              36.27916666666667
            ],
            [
              127.99138888888889,
              36.561388888888885
            ]
          ]
        ]
      },
      "properties": {
        "ident_txt": "Z53",
        "length_val": "17.0NM"
      },
      "bbox": [
        127.99138888888889,
        36.27916666666667,
        128.03,
        36.561388888888885
      ]
    },
    {
      "type": "Feature",
      "id": "Z53-002",
      "geometry": {
        "type": "MultiLineString",
        "coordinates": [
          [
            [
              127.99138888888889,
              36.561388888888885
            ],
            [
              127.95277777777778,
              36.843611111111116
            ]
          ]
        ]
      },
      "properties": {
        "ident_txt": "Z53",
        "length_val": "17.0NM"
      },
      "bbox": [
        127.95277777777778,
        36.561388888888885,
        127.99138888888889,
        36.843611111111116
      ]
    },
    {
      "type": "Feature",
      "id": "Z54-001",
      "geometry": {
        "type": "MultiLineString",
        "coordinates": [
          [
            [
              127.03166666666667,
              37.09444444444445
            ],
            [
              126.83749999999999,
              37.213055555555556
            ]
          ]
        ]
      },
      "properties": {
        "ident_txt": "Z54",
        "length_val": "11.7NM"
      },
      "bbox": [
        126.83749999999999,
        37.09444444444445,
        127.03166666666667,
        37.213055555555556
      ]
    },
    {
      "type": "Feature",
      "id": "Z54-002",
      "geometry": {
        "type": "MultiLineString",
        "coordinates": [
          [
            [
              126.83749999999999,
              37.213055555555556
            ],
            [
              126.51,
              37.41166666666666
            ]
          ]
        ]
      },
      "properties": {
        "ident_txt": "Z54",
        "length_val": "19.7NM"
      },
      "bbox": [
        126.51,
        37.213055555555556,
        126.83749999999999,
        37.41166666666666
      ]
    },
    {
      "type": "Feature",
      "id": "Z55-001",
      "geometry": {
        "type": "MultiLineString",
        "coordinates": [
          [
            [
              124.0,
              37.166666666666664
            ],
            [
              124.41472222222222,
              36.67944444444444
            ]
          ]
        ]
      },
      "properties": {
        "ident_txt": "Z55",
        "length_val": "35.4NM"
      },
      "bbox": [
        124.0,
        36.67944444444444,
        124.41472222222222,
        37.166666666666664
      ]
    },
    {
      "type": "Feature",
      "id": "Z56-001",
      "geometry": {
        "type": "MultiLineString",
        "coordinates": [
          [
            [
              132.475,
              38.63333333333333
            ],
            [
              132.60694444444445,
              37.97027777777778
            ]
          ]
        ]
      },
      "properties": {
        "ident_txt": "Z56",
        "length_val": "40.2NM"
      },
      "bbox": [
        132.475,
        37.97027777777778,
        132.60694444444445,
        38.63333333333333
      ]
    },
    {
      "type": "Feature",
      "id": "Z56-002",
      "geometry": {
        "type": "MultiLineString",
        "coordinates": [
          [
            [
              132.60694444444445,
              37.97027777777778
            ],
            [
              132.67194444444445,
              37.64138888888889
            ]
          ]
        ]
      },
      "properties": {
        "ident_txt": "Z56",
        "length_val": "19.9NM"
      },
      "bbox": [
        132.60694444444445,
        37.64138888888889,
        132.67194444444445,
        37.97027777777778
      ]
    },
    {
      "type": "Feature",
      "id": "Z56-003",
      "geometry": {
        "type": "MultiLineString",
        "coordinates": [
          [
            [
              132.67194444444445,
              37.64138888888889
            ],
            [
              132.73638888888888,
              37.312777777777775
            ]
          ]
        ]
      },
      "properties": {
        "ident_txt": "Z56",
        "length_val": "19.9NM"
      },
      "bbox": [
        132.67194444444445,
        37.312777777777775,
        132.73638888888888,
        37.64138888888889
      ]
    },
    {
      "type": "Feature",
      "id": "Z57-001",
      "geometry": {
        "type": "MultiLineString",
        "coordinates": [
          [
            [
              124.245,
              37.17583333333333
            ],
            [
              124.41472222222222,
              36.97638888888889
            ]
          ]
        ]
      },
      "properties": {
        "ident_txt": "Z57",
        "length_val": "14.5NM"
      },
      "bbox": [
        124.245,
        36.97638888888889,
        124.41472222222222,
        37.17583333333333
      ]
    },
    {
      "type": "Feature",
      "id": "Z63-001",
      "geometry": {
        "type": "MultiLineString",
        "coordinates": [
          [
            [
              129.29194444444445,
              37.44194444444444
            ],
            [
              129.68444444444444,
              37.687777777777775
            ]
          ]
        ]
      },
      "properties": {
        "ident_txt": "Z63",
        "length_val": "23.8NM"
      },
      "bbox": [
        129.29194444444445,
        37.44194444444444,
        129.68444444444444,
        37.687777777777775
      ]
    },
    {
      "type": "Feature",
      "id": "Z81-001",
      "geometry": {
        "type": "MultiLineString",
        "coordinates": [
          [
            [
              126.56722222222221,
              33.84111111111111
            ],
            [
              126.62416666666665,
              33.38472222222222
            ]
          ]
        ]
      },
      "properties": {
        "ident_txt": "Z81",
        "length_val": "27.5NM"
      },
      "bbox": [
        126.56722222222221,
        33.38472222222222,
        126.62416666666665,
        33.84111111111111
      ]
    },
    {
      "type": "Feature",
      "id": "Z82-001",
      "geometry": {
        "type": "MultiLineString",
        "coordinates": [
          [
            [
              126.62416666666665,
              33.38472222222222
            ],
            [
              126.20694444444445,
              33.00388888888889
            ]
          ]
        ]
      },
      "properties": {
        "ident_txt": "Z82",
        "length_val": "31.0NM"
      },
      "bbox": [
        126.20694444444445,
        33.00388888888889,
        126.62416666666665,
        33.38472222222222
      ]
    },
    {
      "type": "Feature",
      "id": "Z83-001",
      "geometry": {
        "type": "MultiLineString",
        "coordinates": [
          [
            [
              128.59083333333334,
              35.80972222222222
            ],
            [
              128.56111111111113,
              35.47972222222222
            ]
          ]
        ]
      },
      "properties": {
        "ident_txt": "Z83",
        "length_val": "19.8NM"
      },
      "bbox": [
        128.56111111111113,
        35.47972222222222,
        128.59083333333334,
        35.80972222222222
      ]
    },
    {
      "type": "Feature",
      "id": "Z83-002",
      "geometry": {
        "type": "MultiLineString",
        "coordinates": [
          [
            [
              128.56111111111113,
              35.47972222222222
            ],
            [
              128.52972222222223,
              35.126666666666665
            ]
          ]
        ]
      },
      "properties": {
        "ident_txt": "Z83",
        "length_val": "21.2NM"
      },
      "bbox": [
        128.52972222222223,
        35.126666666666665,
        128.56111111111113,
        35.47972222222222
      ]
    },
    {
      "type": "Feature",
      "id": "Z83-003",
      "geometry": {
        "type": "MultiLineString",
        "coordinates": [
          [
            [
              128.52972222222223,
              35.126666666666665
            ],
            [
              128.49777777777777,
              34.809444444444445
            ]
          ]
        ]
      },
      "properties": {
        "ident_txt": "Z83",
        "length_val": "19.1NM"
      },
      "bbox": [
        128.49777777777777,
        34.809444444444445,
        128.52972222222223,
        35.126666666666665
      ]
    },
    {
      "type": "Feature",
      "id": "Z83-004",
      "geometry": {
        "type": "MultiLineString",
        "coordinates": [
          [
            [
              128.49777777777777,
              34.809444444444445
            ],
            [
              128.49777777777777,
              34.632777777777775
            ]
          ]
        ]
      },
      "properties": {
        "ident_txt": "Z83",
        "length_val": "10.6NM"
      },
      "bbox": [
        128.49777777777777,
        34.632777777777775,
        128.49777777777777,
        34.809444444444445
      ]
    },
    {
      "type": "Feature",
      "id": "Z84-001",
      "geometry": {
        "type": "MultiLineString",
        "coordinates": [
          [
            [
              128.99944444444444,
              35.1225
            ],
            [
              129.88472222222222,
              35.20888888888889
            ]
          ]
        ]
      },
      "properties": {
        "ident_txt": "Z84",
        "length_val": "43.8NM"
      },
      "bbox": [
        128.99944444444444,
        35.1225,
        129.88472222222222,
        35.20888888888889
      ]
    },
    {
      "type": "Feature",
      "id": "Z85-001",
      "geometry": {
        "type": "MultiLineString",
        "coordinates": [
          [
            [
              127.0775,
              33.77027777777778
            ],
            [
              127.06027777777777,
              33.57805555555556
            ]
          ]
        ]
      },
      "properties": {
        "ident_txt": "Z85",
        "length_val": "11.5NM"
      },
      "bbox": [
        127.06027777777777,
        33.57805555555556,
        127.0775,
        33.77027777777778
      ]
    },
    {
      "type": "Feature",
      "id": "Z85-002",
      "geometry": {
        "type": "MultiLineString",
        "coordinates": [
          [
            [
              127.06027777777777,
              33.57805555555556
            ],
            [
              126.96472222222222,
              32.50333333333333
            ]
          ]
        ]
      },
      "properties": {
        "ident_txt": "Z85",
        "length_val": "64.5NM"
      },
      "bbox": [
        126.96472222222222,
        32.50333333333333,
        127.06027777777777,
        33.57805555555556
      ]
    },
    {
      "type": "Feature",
      "id": "Z86-001",
      "geometry": {
        "type": "MultiLineString",
        "coordinates": [
          [
            [
              125.14750000000001,
              30.477777777777778
            ],
            [
              125.19833333333334,
              30.003611111111113
            ]
          ]
        ]
      },
      "properties": {
        "ident_txt": "Z86",
        "length_val": "28.5NM"
      },
      "bbox": [
        125.14750000000001,
        30.003611111111113,
        125.19833333333334,
        30.477777777777778
      ]
    },
    {
      "type": "Feature",
      "id": "Z91-001",
      "geometry": {
        "type": "MultiLineString",
        "coordinates": [
          [
            [
              128.99944444444444,
              35.1225
            ],
            [
              129.32305555555556,
              34.78861111111111
            ]
          ]
        ]
      },
      "properties": {
        "ident_txt": "Z91",
        "length_val": "25.6NM"
      },
      "bbox": [
        128.99944444444444,
        34.78861111111111,
        129.32305555555556,
        35.1225
      ]
    },
    {
      "type": "Feature",
      "id": "Y590-001",
      "geometry": {
        "type": "MultiLineString",
        "coordinates": [
          [
            [
              126.48611111111111,
              31.900277777777777
            ],
            [
              125.93805555555556,
              31.781388888888888
            ]
          ]
        ]
      },
      "properties": {
        "ident_txt": "Y590",
        "length_val": "28.9NM"
      },
      "bbox": [
        125.93805555555556,
        31.781388888888888,
        126.48611111111111,
        31.900277777777777
      ]
    },
    {
      "type": "Feature",
      "id": "Y590-002",
      "geometry": {
        "type": "MultiLineString",
        "coordinates": [
          [
            [
              125.93805555555556,
              31.781388888888888
            ],
            [
              125.66333333333334,
              31.720555555555553
            ]
          ]
        ]
      },
      "properties": {
        "ident_txt": "Y590",
        "length_val": "14.5NM"
      },
      "bbox": [
        125.66333333333334,
        31.720555555555553,
        125.93805555555556,
        31.781388888888888
      ]
    },
    {
      "type": "Feature",
      "id": "Y590-003",
      "geometry": {
        "type": "MultiLineString",
        "coordinates": [
          [
            [
              125.66333333333334,
              31.720555555555553
            ],
            [
              125.0,
              31.83
            ]
          ]
        ]
      },
      "properties": {
        "ident_txt": "Y590",
        "length_val": "34.5NM"
      },
      "bbox": [
        125.0,
        31.720555555555553,
        125.66333333333334,
        31.83
      ]
    }
  ]
}
