{"type":"FeatureCollection","source":"국토교통부 공역정보 KMZ","cycle":"AIP 2026년 10차","features":[{"type":"Feature","properties":{"ident":null,"name":"CHEONGJU","type":"Control Zone","airspaceClass":"D","upper":"5 000 AGL","upperFt":5000,"upperRef":"AGL","lower":"SFC","lowerFt":0,"lowerRef":"SFC","remarks":null,"ctr_lbl_1":"CHEONGJU","category":"관제권","source":"국토교통부 공역정보 KMZ","cycle":"AIP 2026년 10차"},"geometry":{"type":"MultiPolygon","coordinates":[[[[127.500313,36.799838],[127.498072,36.799838],[127.495832,36.7998],[127.493594,36.799722],[127.491358,36.799606],[127.489126,36.799451],[127.486898,36.799257],[127.484676,36.799024],[127.482461,36.798753],[127.480254,36.798444],[127.478056,36.798096],[127.475867,36.79771],[127.47369,36.797286],[127.471524,36.796824],[127.469371,36.796325],[127.467233,36.795788],[127.465109,36.795215],[127.463001,36.794604],[127.46091,36.793957],[127.458836,36.793274],[127.456782,36.792555],[127.454748,36.791801],[127.452734,36.791011],[127.450742,36.790187],[127.448773,36.789328],[127.446827,36.788435],[127.444905,36.787508],[127.44301,36.786549],[127.44114,36.785556],[127.439297,36.784531],[127.437483,36.783475],[127.435697,36.782387],[127.433941,36.781268],[127.432215,36.78012],[127.430521,36.778941],[127.428859,36.777733],[127.427229,36.776497],[127.425633,36.775232],[127.424072,36.773941],[127.422546,36.772622],[127.421055,36.771277],[127.419601,36.769906],[127.418184,36.768511],[127.416805,36.767091],[127.415465,36.765648],[127.414163,36.764182],[127.412901,36.762693],[127.41168,36.761183],[127.410499,36.759652],[127.40936,36.7581],[127.408263,36.75653],[127.407208,36.75494],[127.406196,36.753333],[127.405228,36.751708],[127.404303,36.750067],[127.403423,36.74841],[127.402587,36.746739],[127.401796,36.745053],[127.401051,36.743354],[127.400352,36.741642],[127.399699,36.739919],[127.399092,36.738184],[127.398532,36.73644],[127.398019,36.734686],[127.397553,36.732924],[127.397134,36.731154],[127.396763,36.729377],[127.39644,36.727594],[127.396164,36.725806],[127.395937,36.724013],[127.395758,36.722217],[127.395627,36.720418],[127.395544,36.718618],[127.39551,36.716816],[127.395524,36.715014],[127.395586,36.713213],[127.395697,36.711413],[127.395856,36.709616],[127.396063,36.707822],[127.396318,36.706032],[127.396621,36.704247],[127.396971,36.702467],[127.39737,36.700694],[127.397815,36.698928],[127.398308,36.697171],[127.398848,36.695422],[127.399435,36.693683],[127.400068,36.691955],[127.400747,36.690238],[127.401472,36.688534],[127.402243,36.686842],[127.403059,36.685164],[127.403919,36.683501],[127.404824,36.681853],[127.405773,36.680222],[127.406765,36.678607],[127.4078,36.677009],[127.408878,36.675431],[127.409998,36.673871],[127.411159,36.672331],[127.412361,36.670811],[127.413604,36.669313],[127.414886,36.667837],[127.416208,36.666383],[127.417568,36.664953],[127.418967,36.663547],[127.420402,36.662165],[127.421874,36.660809],[127.423382,36.659478],[127.424926,36.658174],[127.426504,36.656897],[127.428115,36.655648],[127.42976,36.654427],[127.431437,36.653235],[127.433146,36.652073],[127.434885,36.65094],[127.436654,36.649838],[127.438452,36.648767],[127.440279,36.647728],[127.442132,36.64672],[127.444013,36.645745],[127.445919,36.644803],[127.447849,36.643894],[127.449804,36.643019],[127.451781,36.642178],[127.453781,36.641372],[127.455802,36.6406],[127.457842,36.639864],[127.459902,36.639164],[127.46198,36.638499],[127.464076,36.637871],[127.466188,36.637279],[127.468315,36.636724],[127.470456,36.636207],[127.472611,36.635726],[127.474778,36.635284],[127.476957,36.634879],[127.479146,36.634511],[127.481344,36.634183],[127.48355,36.633892],[127.485764,36.63364],[127.487984,36.633426],[127.490209,36.633251],[127.492438,36.633115],[127.49467,36.633017],[127.496905,36.632958],[127.49914,36.632938],[127.501376,36.632957],[127.50361,36.633015],[127.505843,36.633112],[127.508072,36.633247],[127.510297,36.633421],[127.512517,36.633634],[127.514731,36.633886],[127.516938,36.634175],[127.519136,36.634503],[127.521325,36.63487],[127.523504,36.635274],[127.525671,36.635716],[127.527826,36.636195],[127.529968,36.636712],[127.532096,36.637266],[127.534208,36.637857],[127.536304,36.638484],[127.538382,36.639148],[127.540443,36.639847],[127.542484,36.640582],[127.544505,36.641353],[127.546505,36.642159],[127.548483,36.642999],[127.550438,36.643873],[127.552369,36.644781],[127.554276,36.645722],[127.556157,36.646697],[127.558011,36.647704],[127.559838,36.648742],[127.561637,36.649813],[127.563407,36.650914],[127.565147,36.652046],[127.566856,36.653208],[127.568534,36.654399],[127.570179,36.655619],[127.571792,36.656868],[127.573371,36.658144],[127.574915,36.659447],[127.576424,36.660777],[127.577897,36.662133],[127.579333,36.663514],[127.580732,36.66492],[127.582093,36.66635],[127.583416,36.667803],[127.584699,36.669278],[127.585943,36.670776],[127.587146,36.672295],[127.588308,36.673834],[127.589429,36.675394],[127.590508,36.676972],[127.591544,36.678569],[127.592537,36.680184],[127.593487,36.681815],[127.594393,36.683462],[127.595255,36.685125],[127.596071,36.686803],[127.596843,36.688494],[127.597569,36.690198],[127.59825,36.691915],[127.598884,36.693643],[127.599472,36.695381],[127.600013,36.69713],[127.600507,36.698887],[127.600954,36.700653],[127.601353,36.702425],[127.601705,36.704205],[127.602009,36.70599],[127.602265,36.70778],[127.602473,36.709574],[127.602633,36.711371],[127.602745,36.713171],[127.602808,36.714972],[127.602823,36.716774],[127.60279,36.718575],[127.602708,36.720376],[127.602579,36.722175],[127.602401,36.723971],[127.602174,36.725764],[127.6019,36.727552],[127.601578,36.729335],[127.601208,36.731112],[127.600791,36.732882],[127.600326,36.734645],[127.599814,36.736399],[127.599255,36.738144],[127.598649,36.739878],[127.597997,36.741602],[127.597299,36.743314],[127.596555,36.745013],[127.595765,36.7467],[127.59493,36.748371],[127.594051,36.750029],[127.593127,36.75167],[127.59216,36.753295],[127.591149,36.754903],[127.590095,36.756493],[127.588999,36.758064],[127.587861,36.759615],[127.586681,36.761147],[127.585461,36.762658],[127.5842,36.764147],[127.582899,36.765614],[127.58156,36.767058],[127.580181,36.768478],[127.578765,36.769874],[127.577312,36.771245],[127.575823,36.772591],[127.574297,36.77391],[127.572737,36.775202],[127.571142,36.776468],[127.569513,36.777705],[127.567851,36.778913],[127.566158,36.780092],[127.564433,36.781242],[127.562678,36.782361],[127.560893,36.78345],[127.559079,36.784507],[127.557237,36.785532],[127.555368,36.786526],[127.553472,36.787486],[127.551551,36.788414],[127.549606,36.789307],[127.547637,36.790167],[127.545646,36.790992],[127.543633,36.791783],[127.541599,36.792538],[127.539545,36.793258],[127.537472,36.793942],[127.535382,36.794589],[127.533274,36.795201],[127.53115,36.795775],[127.529012,36.796313],[127.52686,36.796813],[127.524694,36.797275],[127.522517,36.7977],[127.520329,36.798087],[127.51813,36.798436],[127.515923,36.798746],[127.513709,36.799018],[127.511487,36.799252],[127.509259,36.799447],[127.507027,36.799603],[127.504791,36.79972],[127.502553,36.799798],[127.500313,36.799838]]]]}},{"type":"Feature","properties":{"ident":null,"name":"DAEGU","type":"Control Zone","airspaceClass":"C","upper":"4 000 AGL","upperFt":4000,"upperRef":"AGL","lower":"SFC","lowerFt":0,"lowerRef":"SFC","remarks":null,"ctr_lbl_1":"DAEGU","category":"관제권","source":"국토교통부 공역정보 KMZ","cycle":"AIP 2026년 10차"},"geometry":{"type":"MultiPolygon","coordinates":[[[[128.657783,35.810715],[128.658889,35.81071],[128.659995,35.810715],[128.661101,35.81073],[128.662207,35.810754],[128.663312,35.810788],[128.664417,35.810832],[128.665521,35.810885],[128.666624,35.810948],[128.667727,35.811021],[128.668828,35.811104],[128.669929,35.811196],[128.671028,35.811298],[128.672125,35.811409],[128.673221,35.81153],[128.674316,35.811661],[128.675408,35.811801],[128.676499,35.811951],[128.677588,35.812111],[128.678674,35.81228],[128.679759,35.812458],[128.68084,35.812646],[128.68192,35.812844],[128.682996,35.813051],[128.68407,35.813267],[128.685141,35.813493],[128.686208,35.813729],[128.687273,35.813973],[128.688334,35.814227],[128.689392,35.81449],[128.690446,35.814763],[128.691497,35.815045],[128.692544,35.815336],[128.693587,35.815636],[128.694626,35.815946],[128.695661,35.816264],[128.696691,35.816592],[128.697717,35.816928],[128.698739,35.817274],[128.699756,35.817628],[128.700768,35.817992],[128.701775,35.818364],[128.702778,35.818745],[128.703775,35.819135],[128.704767,35.819534],[128.705754,35.819941],[128.706735,35.820357],[128.707711,35.820782],[128.708681,35.821215],[128.709645,35.821657],[128.710603,35.822107],[128.711556,35.822565],[128.712502,35.823032],[128.713442,35.823507],[128.714376,35.82399],[128.715303,35.824482],[128.716223,35.824981],[128.717137,35.825489],[128.718045,35.826005],[128.718945,35.826528],[128.719838,35.82706],[128.720724,35.827599],[128.721604,35.828146],[128.722475,35.828701],[128.72334,35.829263],[128.724197,35.829833],[128.725046,35.830411],[128.725887,35.830996],[128.726721,35.831588],[128.727547,35.832187],[128.728365,35.832794],[128.729175,35.833408],[128.729977,35.834029],[128.73077,35.834657],[128.731555,35.835292],[128.732332,35.835934],[128.7331,35.836582],[128.733859,35.837237],[128.73461,35.837899],[128.735352,35.838568],[128.736085,35.839243],[128.736809,35.839924],[128.737524,35.840611],[128.73823,35.841305],[128.738926,35.842005],[128.739614,35.842712],[128.740292,35.843424],[128.74096,35.844142],[128.741619,35.844866],[128.742268,35.845595],[128.742908,35.84633],[128.743538,35.847071],[128.744158,35.847818],[128.744768,35.848569],[128.745368,35.849326],[128.745958,35.850089],[128.746537,35.850856],[128.747107,35.851628],[128.747666,35.852406],[128.748215,35.853188],[128.748754,35.853975],[128.749282,35.854767],[128.7498,35.855563],[128.750307,35.856364],[128.750803,35.857169],[128.751289,35.857979],[128.751764,35.858793],[128.752228,35.859611],[128.752682,35.860433],[128.753124,35.861258],[128.753556,35.862088],[128.753976,35.862922],[128.754385,35.863759],[128.754784,35.864599],[128.755171,35.865443],[128.755547,35.866291],[128.755911,35.867142],[128.756264,35.867995],[128.756606,35.868852],[128.756937,35.869712],[128.757256,35.870575],[128.757564,35.87144],[128.75786,35.872308],[128.758145,35.873179],[128.758418,35.874052],[128.75868,35.874928],[128.758929,35.875805],[128.759168,35.876685],[128.759394,35.877567],[128.759609,35.878451],[128.759812,35.879337],[128.760004,35.880224],[128.760183,35.881113],[128.760351,35.882004],[128.760507,35.882896],[128.760651,35.883789],[128.760784,35.884683],[128.760904,35.885579],[128.761013,35.886476],[128.761109,35.887373],[128.761194,35.888272],[128.761267,35.889171],[128.761328,35.89007],[128.761377,35.89097],[128.761414,35.891871],[128.761439,35.892771],[128.761452,35.893672],[128.761453,35.894573],[128.761442,35.895474],[128.76142,35.896375],[128.761385,35.897276],[128.761338,35.898176],[128.76128,35.899075],[128.761209,35.899975],[128.761127,35.900873],[128.761032,35.901771],[128.760926,35.902668],[128.760808,35.903563],[128.760678,35.904458],[128.760536,35.905352],[128.760382,35.906244],[128.760217,35.907135],[128.760039,35.908024],[128.75985,35.908912],[128.759649,35.909798],[128.759436,35.910682],[128.759212,35.911564],[128.758976,35.912445],[128.758728,35.913323],[128.758468,35.914199],[128.758197,35.915072],[128.757914,35.915943],[128.75762,35.916812],[128.757314,35.917678],[128.756997,35.918541],[128.756669,35.919401],[128.756328,35.920259],[128.755977,35.921113],[128.755614,35.921965],[128.75524,35.922813],[128.754855,35.923657],[128.754458,35.924499],[128.754051,35.925336],[128.753632,35.92617],[128.753202,35.927001],[128.752761,35.927827],[128.752309,35.92865],[128.751847,35.929469],[128.751373,35.930283],[128.750889,35.931093],[128.750394,35.931899],[128.749888,35.932701],[128.749372,35.933498],[128.748845,35.934291],[128.748307,35.935078],[128.74776,35.935862],[128.747201,35.93664],[128.746633,35.937413],[128.746054,35.938181],[128.745465,35.938944],[128.744866,35.939702],[128.744257,35.940455],[128.743638,35.941202],[128.743009,35.941944],[128.74237,35.94268],[128.741722,35.94341],[128.741063,35.944135],[128.740396,35.944854],[128.739718,35.945567],[128.739031,35.946274],[128.738335,35.946975],[128.73763,35.94767],[128.736915,35.948358],[128.736192,35.949041],[128.735459,35.949716],[128.734717,35.950386],[128.733967,35.951049],[128.733207,35.951705],[128.732439,35.952354],[128.731663,35.952997],[128.730878,35.953633],[128.730084,35.954262],[128.729282,35.954884],[128.728472,35.955498],[128.727654,35.956106],[128.726828,35.956706],[128.725994,35.9573],[128.725152,35.957885],[128.724302,35.958464],[128.723445,35.959035],[128.72258,35.959598],[128.721708,35.960154],[128.720828,35.960701],[128.719941,35.961242],[128.719047,35.961774],[128.718146,35.962299],[128.717238,35.962815],[128.716323,35.963324],[128.715402,35.963824],[128.714474,35.964317],[128.713539,35.964801],[128.712598,35.965277],[128.711651,35.965744],[128.710697,35.966204],[128.709738,35.966654],[128.708772,35.967097],[128.707801,35.967531],[128.706824,35.967956],[128.705841,35.968373],[128.704853,35.968781],[128.70386,35.96918],[128.702861,35.969571],[128.701857,35.969953],[128.700848,35.970326],[128.699835,35.97069],[128.698816,35.971045],[128.697793,35.971392],[128.696765,35.971729],[128.695733,35.972057],[128.694696,35.972376],[128.693656,35.972686],[128.692611,35.972987],[128.691562,35.973278],[128.69051,35.973561],[128.689453,35.973834],[128.688394,35.974098],[128.68733,35.974352],[128.686264,35.974598],[128.685194,35.974833],[128.684121,35.97506],[128.683045,35.975277],[128.681967,35.975484],[128.680885,35.975682],[128.679801,35.97587],[128.678715,35.976049],[128.677626,35.976219],[128.676536,35.976379],[128.675443,35.976529],[128.674348,35.976669],[128.673251,35.9768],[128.672153,35.976922],[128.671053,35.977033],[128.669952,35.977135],[128.668849,35.977228],[128.667745,35.97731],[128.666641,35.977383],[128.665535,35.977447],[128.664428,35.9775],[128.663321,35.977544],[128.662214,35.977578],[128.661106,35.977602],[128.659997,35.977617],[128.658889,35.977622],[128.65778,35.977617],[128.656672,35.977602],[128.655564,35.977578],[128.654456,35.977544],[128.653349,35.9775],[128.652243,35.977447],[128.651137,35.977383],[128.650032,35.97731],[128.648929,35.977228],[128.647826,35.977135],[128.646725,35.977033],[128.645625,35.976922],[128.644527,35.9768],[128.64343,35.976669],[128.642335,35.976529],[128.641242,35.976379],[128.640151,35.976219],[128.639063,35.976049],[128.637976,35.97587],[128.636892,35.975682],[128.635811,35.975484],[128.634732,35.975277],[128.633657,35.97506],[128.632584,35.974833],[128.631514,35.974598],[128.630447,35.974352],[128.629384,35.974098],[128.628324,35.973834],[128.627268,35.973561],[128.626216,35.973278],[128.625167,35.972987],[128.624122,35.972686],[128.623082,35.972376],[128.622045,35.972057],[128.621013,35.971729],[128.619985,35.971392],[128.618962,35.971045],[128.617943,35.97069],[128.616929,35.970326],[128.615921,35.969953],[128.614917,35.969571],[128.613918,35.96918],[128.612925,35.968781],[128.611936,35.968373],[128.610954,35.967956],[128.609977,35.967531],[128.609006,35.967097],[128.60804,35.966654],[128.607081,35.966204],[128.606127,35.965744],[128.60518,35.965277],[128.604239,35.964801],[128.603304,35.964317],[128.602376,35.963824],[128.601455,35.963324],[128.60054,35.962815],[128.599632,35.962299],[128.598731,35.961774],[128.597837,35.961242],[128.59695,35.960701],[128.59607,35.960154],[128.595198,35.959598],[128.594333,35.959035],[128.593475,35.958464],[128.592626,35.957885],[128.591784,35.9573],[128.59095,35.956706],[128.590124,35.956106],[128.589305,35.955498],[128.588495,35.954884],[128.587694,35.954262],[128.5869,35.953633],[128.586115,35.952997],[128.585338,35.952354],[128.58457,35.951705],[128.583811,35.951049],[128.583061,35.950386],[128.582319,35.949716],[128.581586,35.949041],[128.580862,35.948358],[128.580148,35.94767],[128.579442,35.946975],[128.578746,35.946274],[128.57806,35.945567],[128.577382,35.944854],[128.576714,35.944135],[128.576056,35.94341],[128.575408,35.94268],[128.574769,35.941944],[128.57414,35.941202],[128.573521,35.940455],[128.572912,35.939702],[128.572313,35.938944],[128.571724,35.938181],[128.571145,35.937413],[128.570576,35.93664],[128.570018,35.935862],[128.56947,35.935078],[128.568933,35.934291],[128.568406,35.933498],[128.56789,35.932701],[128.567384,35.931899],[128.566889,35.931093],[128.566404,35.930283],[128.565931,35.929469],[128.565468,35.92865],[128.565017,35.927827],[128.564576,35.927001],[128.564146,35.92617],[128.563727,35.925336],[128.563319,35.924499],[128.562923,35.923657],[128.562538,35.922813],[128.562164,35.921965],[128.561801,35.921113],[128.561449,35.920259],[128.561109,35.919401],[128.560781,35.918541],[128.560463,35.917678],[128.560158,35.916812],[128.559863,35.915943],[128.559581,35.915072],[128.55931,35.914199],[128.55905,35.913323],[128.558802,35.912445],[128.558566,35.911564],[128.558342,35.910682],[128.558129,35.909798],[128.557928,35.908912],[128.557739,35.908024],[128.557561,35.907135],[128.557396,35.906244],[128.557242,35.905352],[128.5571,35.904458],[128.55697,35.903563],[128.556852,35.902668],[128.556745,35.901771],[128.556651,35.900873],[128.556569,35.899975],[128.556498,35.899075],[128.556439,35.898176],[128.556393,35.897276],[128.556358,35.896375],[128.556335,35.895474],[128.556325,35.894573],[128.556326,35.893672],[128.556339,35.892771],[128.556364,35.891871],[128.556401,35.89097],[128.55645,35.89007],[128.556511,35.889171],[128.556584,35.888272],[128.556668,35.887373],[128.556765,35.886476],[128.556874,35.885579],[128.556994,35.884683],[128.557126,35.883789],[128.557271,35.882896],[128.557427,35.882004],[128.557594,35.881113],[128.557774,35.880224],[128.557965,35.879337],[128.558169,35.878451],[128.558383,35.877567],[128.55861,35.876685],[128.558848,35.875805],[128.559098,35.874928],[128.55936,35.874052],[128.559633,35.873179],[128.559918,35.872308],[128.560214,35.87144],[128.560522,35.870575],[128.560841,35.869712],[128.561171,35.868852],[128.561513,35.867995],[128.561867,35.867142],[128.562231,35.866291],[128.562607,35.865443],[128.562994,35.864599],[128.563392,35.863759],[128.563802,35.862922],[128.564222,35.862088],[128.564654,35.861258],[128.565096,35.860433],[128.565549,35.859611],[128.566014,35.858793],[128.566489,35.857979],[128.566974,35.857169],[128.567471,35.856364],[128.567978,35.855563],[128.568496,35.854767],[128.569024,35.853975],[128.569562,35.853188],[128.570111,35.852406],[128.570671,35.851628],[128.57124,35.850856],[128.57182,35.850089],[128.57241,35.849326],[128.57301,35.848569],[128.57362,35.847818],[128.57424,35.847071],[128.57487,35.84633],[128.57551,35.845595],[128.576159,35.844866],[128.576818,35.844142],[128.577486,35.843424],[128.578164,35.842712],[128.578851,35.842005],[128.579548,35.841305],[128.580254,35.840611],[128.580969,35.839924],[128.581693,35.839243],[128.582426,35.838568],[128.583168,35.837899],[128.583918,35.837237],[128.584678,35.836582],[128.585446,35.835934],[128.586223,35.835292],[128.587008,35.834657],[128.587801,35.834029],[128.588603,35.833408],[128.589413,35.832794],[128.590231,35.832187],[128.591057,35.831588],[128.59189,35.830996],[128.592732,35.830411],[128.593581,35.829833],[128.594438,35.829263],[128.595302,35.828701],[128.596174,35.828146],[128.597053,35.827599],[128.59794,35.82706],[128.598833,35.826528],[128.599733,35.826005],[128.60064,35.825489],[128.601554,35.824981],[128.602475,35.824482],[128.603402,35.82399],[128.604336,35.823507],[128.605276,35.823032],[128.606222,35.822565],[128.607174,35.822107],[128.608133,35.821657],[128.609097,35.821215],[128.610067,35.820782],[128.611043,35.820357],[128.612024,35.819941],[128.613011,35.819534],[128.614003,35.819135],[128.615,35.818745],[128.616002,35.818364],[128.61701,35.817992],[128.618022,35.817628],[128.619039,35.817274],[128.620061,35.816928],[128.621087,35.816592],[128.622117,35.816264],[128.623152,35.815946],[128.624191,35.815636],[128.625234,35.815336],[128.626281,35.815045],[128.627331,35.814763],[128.628386,35.81449],[128.629444,35.814227],[128.630505,35.813973],[128.631569,35.813729],[128.632637,35.813493],[128.633708,35.813267],[128.634782,35.813051],[128.635858,35.812844],[128.636937,35.812646],[128.638019,35.812458],[128.639103,35.81228],[128.64019,35.812111],[128.641279,35.811951],[128.642369,35.811801],[128.643462,35.811661],[128.644556,35.81153],[128.645652,35.811409],[128.64675,35.811298],[128.647849,35.811196],[128.648949,35.811104],[128.650051,35.811021],[128.651153,35.810948],[128.652257,35.810885],[128.653361,35.810832],[128.654466,35.810788],[128.655571,35.810754],[128.656677,35.81073],[128.657783,35.810715]]]]}},{"type":"Feature","properties":{"ident":null,"name":"GIMHAE","type":"Control Zone","airspaceClass":"C","upper":"3 000 AGL","upperFt":3000,"upperRef":"AGL","lower":"SFC","lowerFt":0,"lowerRef":"SFC","remarks":null,"ctr_lbl_1":"GIMHAE","category":"관제권","source":"국토교통부 공역정보 KMZ","cycle":"AIP 2026년 10차"},"geometry":{"type":"MultiPolygon","coordinates":[[[[128.940705,35.263976],[128.938509,35.264004],[128.936312,35.263992],[128.934116,35.263942],[128.931922,35.263853],[128.929731,35.263724],[128.927543,35.263557],[128.925361,35.263352],[128.923184,35.263107],[128.921015,35.262824],[128.918853,35.262503],[128.9167,35.262144],[128.914558,35.261746],[128.912426,35.261311],[128.910307,35.260837],[128.9082,35.260327],[128.906107,35.259779],[128.904029,35.259194],[128.901967,35.258573],[128.899922,35.257915],[128.897895,35.257221],[128.895887,35.256491],[128.893898,35.255726],[128.89193,35.254925],[128.889984,35.25409],[128.88806,35.253221],[128.886159,35.252318],[128.884283,35.251381],[128.882432,35.250412],[128.880606,35.249409],[128.878808,35.248375],[128.877037,35.247309],[128.875295,35.246212],[128.873583,35.245084],[128.8719,35.243926],[128.870248,35.242738],[128.868628,35.241522],[128.86704,35.240277],[128.865486,35.239004],[128.863965,35.237704],[128.862479,35.236377],[128.861029,35.235025],[128.859614,35.233647],[128.858236,35.232244],[128.856896,35.230817],[128.855593,35.229366],[128.854328,35.227893],[128.853103,35.226398],[128.851918,35.224882],[128.850773,35.223344],[128.849668,35.221787],[128.848605,35.220211],[128.847583,35.218616],[128.846604,35.217003],[128.845667,35.215374],[128.844774,35.213728],[128.843924,35.212067],[128.843118,35.210391],[128.842357,35.208701],[128.84164,35.206998],[128.840968,35.205283],[128.840341,35.203556],[128.83976,35.201819],[128.839225,35.200071],[128.838736,35.198315],[128.838293,35.19655],[128.837897,35.194778],[128.837547,35.192999],[128.837244,35.191215],[128.836989,35.189425],[128.83678,35.187632],[128.836619,35.185835],[128.836505,35.184036],[128.836438,35.182235],[128.836419,35.180433],[128.836447,35.178632],[128.836523,35.176831],[128.836646,35.175032],[128.836816,35.173236],[128.837033,35.171443],[128.837297,35.169655],[128.837609,35.167871],[128.837967,35.166094],[128.838371,35.164323],[128.838823,35.16256],[128.83932,35.160805],[128.839863,35.159059],[128.840452,35.157324],[128.841087,35.155599],[128.841767,35.153886],[128.842491,35.152186],[128.843261,35.150498],[128.844074,35.148825],[128.844931,35.147167],[128.845831,35.145524],[128.846774,35.143897],[128.84776,35.142288],[128.848788,35.140696],[128.849857,35.139123],[128.850968,35.137569],[128.852119,35.136036],[128.85331,35.134523],[128.85454,35.133031],[128.855809,35.131562],[128.857117,35.130116],[128.858462,35.128693],[128.859844,35.127294],[128.861263,35.12592],[128.862717,35.124572],[128.864206,35.123249],[128.86573,35.121954],[128.867287,35.120685],[128.868878,35.119445],[128.8705,35.118233],[128.872154,35.11705],[128.873838,35.115897],[128.875553,35.114774],[128.877296,35.113681],[128.879068,35.11262],[128.880867,35.11159],[128.882693,35.110592],[128.884544,35.109627],[128.88642,35.108695],[128.888321,35.107797],[128.890244,35.106932],[128.89219,35.106102],[128.894157,35.105306],[128.896144,35.104546],[128.898151,35.10382],[128.900176,35.103131],[128.902219,35.102478],[128.904279,35.101861],[128.906354,35.10128],[128.908444,35.100737],[128.910548,35.100231],[128.912665,35.099762],[128.914793,35.09933],[128.916933,35.098937],[128.919082,35.098582],[128.92124,35.098264],[128.923405,35.097986],[128.925578,35.097745],[128.927756,35.097543],[128.929939,35.09738],[128.932126,35.097255],[128.934316,35.09717],[128.936507,35.097123],[128.938699,35.097115],[128.940891,35.097146],[128.943081,35.097215],[128.94527,35.097324],[128.947454,35.097471],[128.949635,35.097657],[128.95181,35.097882],[128.953978,35.098145],[128.95614,35.098446],[128.958292,35.098786],[128.960436,35.099163],[128.962569,35.099579],[128.96469,35.100032],[128.9668,35.100523],[128.968896,35.101051],[128.970977,35.101617],[128.973043,35.102219],[128.975093,35.102857],[128.977126,35.103532],[128.979141,35.104242],[128.981136,35.104988],[128.983112,35.105769],[128.985066,35.106585],[128.986999,35.107436],[128.988909,35.10832],[128.990795,35.109239],[128.992657,35.11019],[128.994494,35.111174],[128.996304,35.112191],[128.998087,35.113239],[128.999842,35.114319],[129.001569,35.11543],[129.003265,35.116571],[129.004932,35.117741],[129.006568,35.118941],[129.008171,35.12017],[129.009742,35.121427],[129.01128,35.122711],[129.012783,35.124023],[129.014252,35.125361],[129.015686,35.126724],[129.017083,35.128113],[129.018444,35.129526],[129.019767,35.130962],[129.021052,35.132422],[129.022298,35.133905],[129.023506,35.135409],[129.024673,35.136934],[129.0258,35.13848],[129.026887,35.140045],[129.027932,35.141629],[129.028935,35.143231],[129.029896,35.14485],[129.030814,35.146487],[129.031689,35.148139],[129.03252,35.149806],[129.033307,35.151488],[129.03405,35.153183],[129.034749,35.154891],[129.035402,35.156611],[129.03601,35.158342],[129.036572,35.160083],[129.037089,35.161834],[129.037559,35.163594],[129.037983,35.165362],[129.03836,35.167137],[129.038691,35.168918],[129.038975,35.170704],[129.039211,35.172496],[129.039401,35.174291],[129.039543,35.176089],[129.039638,35.177889],[129.039686,35.17969],[129.039686,35.181492],[129.039639,35.183293],[129.039545,35.185093],[129.039403,35.186891],[129.039214,35.188686],[129.038978,35.190477],[129.038694,35.192264],[129.038364,35.194045],[129.037987,35.19582],[129.037564,35.197588],[129.037094,35.199348],[129.036577,35.201099],[129.036015,35.20284],[129.035407,35.204572],[129.034754,35.206292],[129.034056,35.208],[129.033312,35.209695],[129.032525,35.211377],[129.031693,35.213044],[129.030817,35.214697],[129.029899,35.216333],[129.028937,35.217953],[129.027933,35.219555],[129.026887,35.221139],[129.025799,35.222704],[129.024671,35.22425],[129.023502,35.225775],[129.022293,35.227279],[129.021045,35.228761],[129.019758,35.230221],[129.018432,35.231658],[129.01707,35.233071],[129.01567,35.234459],[129.014234,35.235822],[129.012763,35.23716],[129.011257,35.238471],[129.009716,35.239755],[129.008142,35.241012],[129.006535,35.24224],[129.004896,35.243439],[129.003226,35.24461],[129.001526,35.24575],[128.999796,35.24686],[128.998037,35.247939],[128.99625,35.248986],[128.994436,35.250002],[128.992595,35.250985],[128.990729,35.251935],[128.988838,35.252853],[128.986924,35.253736],[128.984986,35.254585],[128.983027,35.2554],[128.981047,35.256179],[128.979047,35.256924],[128.977027,35.257633],[128.974989,35.258306],[128.972934,35.258942],[128.970863,35.259542],[128.968776,35.260105],[128.966675,35.260631],[128.964561,35.26112],[128.962434,35.261571],[128.960296,35.261984],[128.958147,35.262359],[128.955989,35.262697],[128.953823,35.262995],[128.951649,35.263256],[128.949469,35.263477],[128.947283,35.26366],[128.945094,35.263804],[128.942901,35.26391],[128.940705,35.263976]]]]}},{"type":"Feature","properties":{"ident":null,"name":"GIMPO","type":"Control Zone","airspaceClass":"B","upper":"3 000 AGL","upperFt":3000,"upperRef":"AGL","lower":"SFC","lowerFt":0,"lowerRef":"SFC","remarks":null,"ctr_lbl_1":"GIMPO","category":"관제권","source":"국토교통부 공역정보 KMZ","cycle":"AIP 2026년 10차"},"geometry":{"type":"MultiPolygon","coordinates":[[[[126.797892,37.640375],[126.795626,37.640362],[126.793362,37.640311],[126.7911,37.64022],[126.78884,37.640091],[126.786585,37.639922],[126.784335,37.639715],[126.782091,37.63947],[126.779854,37.639186],[126.777625,37.638863],[126.775406,37.638503],[126.773197,37.638104],[126.770999,37.637667],[126.768814,37.637193],[126.766642,37.636681],[126.764485,37.636132],[126.762343,37.635546],[126.760218,37.634924],[126.75811,37.634265],[126.75602,37.633569],[126.75395,37.632839],[126.7519,37.632072],[126.749871,37.631271],[126.747865,37.630435],[126.745882,37.629565],[126.743923,37.628661],[126.741989,37.627723],[126.740081,37.626753],[126.7382,37.625749],[126.736347,37.624714],[126.734522,37.623647],[126.732726,37.622549],[126.730961,37.621421],[126.729227,37.620262],[126.727525,37.619074],[126.725856,37.617857],[126.72422,37.616611],[126.722618,37.615337],[126.721052,37.614037],[126.719521,37.61271],[126.718026,37.611356],[126.716569,37.609978],[126.715149,37.608574],[126.713768,37.607147],[126.712426,37.605696],[126.711124,37.604222],[126.709862,37.602727],[126.708641,37.60121],[126.707462,37.599672],[126.706324,37.598115],[126.705229,37.596538],[126.704178,37.594943],[126.703169,37.59333],[126.702205,37.5917],[126.701286,37.590054],[126.700411,37.588393],[126.699581,37.586717],[126.698798,37.585027],[126.69806,37.583324],[126.697369,37.581608],[126.696724,37.579882],[126.696127,37.578144],[126.695576,37.576397],[126.695074,37.57464],[126.694619,37.572876],[126.694212,37.571104],[126.693853,37.569325],[126.693543,37.567541],[126.693281,37.565752],[126.693068,37.563958],[126.692903,37.562162],[126.692787,37.560363],[126.69272,37.558562],[126.692702,37.556761],[126.692733,37.55496],[126.692812,37.553159],[126.692941,37.551361],[126.693118,37.549565],[126.693343,37.547773],[126.693618,37.545985],[126.69394,37.544202],[126.694311,37.542425],[126.69473,37.540654],[126.695197,37.538892],[126.695712,37.537138],[126.696274,37.535393],[126.696883,37.533658],[126.697539,37.531934],[126.698241,37.530222],[126.69899,37.528522],[126.699785,37.526835],[126.700625,37.525163],[126.70151,37.523505],[126.70244,37.521863],[126.703414,37.520237],[126.704432,37.518629],[126.705493,37.517038],[126.706597,37.515466],[126.707744,37.513913],[126.708932,37.51238],[126.710161,37.510868],[126.711431,37.509378],[126.712741,37.50791],[126.714091,37.506464],[126.715479,37.505042],[126.716905,37.503645],[126.718369,37.502272],[126.71987,37.500925],[126.721407,37.499603],[126.722979,37.498309],[126.724586,37.497042],[126.726227,37.495802],[126.727901,37.494591],[126.729607,37.49341],[126.731345,37.492258],[126.733114,37.491136],[126.734913,37.490044],[126.73674,37.488984],[126.738596,37.487956],[126.74048,37.486959],[126.74239,37.485995],[126.744325,37.485065],[126.746285,37.484167],[126.748269,37.483304],[126.750276,37.482475],[126.752305,37.481681],[126.754355,37.480921],[126.756425,37.480198],[126.758514,37.479509],[126.760621,37.478857],[126.762745,37.478242],[126.764885,37.477663],[126.767041,37.47712],[126.769211,37.476615],[126.771393,37.476148],[126.773588,37.475718],[126.775794,37.475326],[126.778011,37.474972],[126.780236,37.474656],[126.782469,37.474378],[126.784709,37.474139],[126.786956,37.473939],[126.789207,37.473777],[126.791462,37.473654],[126.793719,37.473569],[126.795979,37.473524],[126.798239,37.473517],[126.800499,37.473549],[126.802757,37.47362],[126.805013,37.47373],[126.807266,37.473878],[126.809514,37.474066],[126.811756,37.474291],[126.813992,37.474556],[126.81622,37.474858],[126.81844,37.475199],[126.820649,37.475578],[126.822848,37.475995],[126.825035,37.476449],[126.82721,37.476942],[126.82937,37.477471],[126.831516,37.478037],[126.833646,37.47864],[126.835759,37.47928],[126.837854,37.479955],[126.839931,37.480667],[126.841988,37.481414],[126.844024,37.482196],[126.846039,37.483013],[126.848031,37.483865],[126.849999,37.48475],[126.851943,37.48567],[126.853862,37.486622],[126.855755,37.487607],[126.85762,37.488625],[126.859458,37.489674],[126.861267,37.490754],[126.863046,37.491866],[126.864794,37.493008],[126.866512,37.494179],[126.868197,37.49538],[126.869849,37.49661],[126.871468,37.497867],[126.873053,37.499152],[126.874602,37.500464],[126.876115,37.501803],[126.877592,37.503167],[126.879031,37.504556],[126.880433,37.50597],[126.881796,37.507407],[126.88312,37.508867],[126.884404,37.51035],[126.885647,37.511855],[126.88685,37.51338],[126.888011,37.514926],[126.889129,37.516492],[126.890206,37.518076],[126.891239,37.519679],[126.892228,37.521299],[126.893173,37.522935],[126.894074,37.524587],[126.89493,37.526255],[126.89574,37.527937],[126.896505,37.529632],[126.897223,37.53134],[126.897895,37.53306],[126.898521,37.534791],[126.899099,37.536533],[126.89963,37.538284],[126.900113,37.540044],[126.900549,37.541811],[126.900936,37.543586],[126.901276,37.545367],[126.901567,37.547153],[126.901809,37.548944],[126.902003,37.550739],[126.902148,37.552537],[126.902245,37.554337],[126.902292,37.556138],[126.902291,37.557939],[126.902241,37.55974],[126.902142,37.561539],[126.901994,37.563337],[126.901798,37.565132],[126.901553,37.566922],[126.901259,37.568708],[126.900917,37.570489],[126.900527,37.572264],[126.900089,37.574031],[126.899603,37.57579],[126.899069,37.577541],[126.898488,37.579282],[126.897859,37.581012],[126.897184,37.582732],[126.896462,37.584439],[126.895695,37.586133],[126.894881,37.587814],[126.894022,37.589481],[126.893118,37.591132],[126.892169,37.592768],[126.891176,37.594387],[126.890139,37.595988],[126.889059,37.597571],[126.887936,37.599135],[126.886771,37.60068],[126.885565,37.602204],[126.884317,37.603707],[126.883028,37.605189],[126.8817,37.606647],[126.880333,37.608083],[126.878926,37.609495],[126.877482,37.610882],[126.876,37.612244],[126.874482,37.613581],[126.872927,37.614891],[126.871338,37.616173],[126.869714,37.617429],[126.868056,37.618656],[126.866365,37.619854],[126.864642,37.621023],[126.862887,37.622162],[126.861102,37.623271],[126.859288,37.624349],[126.857444,37.625395],[126.855572,37.626409],[126.853674,37.627391],[126.851749,37.62834],[126.849798,37.629256],[126.847824,37.630138],[126.845825,37.630986],[126.843804,37.631799],[126.841762,37.632578],[126.839698,37.633321],[126.837615,37.634028],[126.835513,37.6347],[126.833394,37.635335],[126.831258,37.635933],[126.829105,37.636495],[126.826938,37.63702],[126.824758,37.637507],[126.822564,37.637957],[126.820359,37.638369],[126.818143,37.638743],[126.815918,37.639078],[126.813684,37.639376],[126.811442,37.639635],[126.809194,37.639855],[126.80694,37.640037],[126.804682,37.64018],[126.80242,37.640284],[126.800157,37.640349],[126.797892,37.640375]]]]}},{"type":"Feature","properties":{"ident":null,"name":"GUNSAN","type":"Control Zone","airspaceClass":"C","upper":"3 000 AGL","upperFt":3000,"upperRef":"AGL","lower":"SFC","lowerFt":0,"lowerRef":"SFC","remarks":null,"ctr_lbl_1":"GUNSAN","category":"관제권","source":"국토교통부 공역정보 KMZ","cycle":"AIP 2026년 10차"},"geometry":{"type":"MultiPolygon","coordinates":[[[[126.616022,35.987347],[126.613805,35.987331],[126.611589,35.987276],[126.609375,35.987182],[126.607164,35.987049],[126.604956,35.986878],[126.602754,35.986667],[126.600559,35.986418],[126.59837,35.986131],[126.596189,35.985805],[126.594018,35.98544],[126.591857,35.985038],[126.589707,35.984598],[126.587569,35.98412],[126.585444,35.983605],[126.583334,35.983053],[126.581239,35.982463],[126.57916,35.981837],[126.577098,35.981175],[126.575054,35.980477],[126.573029,35.979742],[126.571025,35.978973],[126.569041,35.978168],[126.567079,35.977329],[126.56514,35.976455],[126.563225,35.975548],[126.561334,35.974607],[126.559469,35.973633],[126.55763,35.972627],[126.555818,35.971589],[126.554035,35.970519],[126.55228,35.969418],[126.550555,35.968286],[126.548861,35.967124],[126.547197,35.965933],[126.545566,35.964713],[126.543968,35.963465],[126.542403,35.962188],[126.540873,35.960885],[126.539377,35.959555],[126.537917,35.958199],[126.536494,35.956818],[126.535108,35.955412],[126.533759,35.953982],[126.532449,35.952528],[126.531178,35.951052],[126.529946,35.949554],[126.528755,35.948035],[126.527604,35.946495],[126.526494,35.944935],[126.525426,35.943357],[126.5244,35.941759],[126.523417,35.940144],[126.522477,35.938513],[126.521581,35.936865],[126.520728,35.935201],[126.51992,35.933524],[126.519157,35.931832],[126.518439,35.930127],[126.517766,35.92841],[126.517139,35.926682],[126.516559,35.924943],[126.516024,35.923195],[126.515536,35.921437],[126.515095,35.919671],[126.514701,35.917898],[126.514354,35.916118],[126.514054,35.914333],[126.513802,35.912543],[126.513597,35.910748],[126.51344,35.908951],[126.513331,35.907151],[126.513269,35.90535],[126.513256,35.903548],[126.51329,35.901746],[126.513372,35.899946],[126.513502,35.898147],[126.513679,35.896351],[126.513904,35.894558],[126.514177,35.89277],[126.514497,35.890987],[126.514864,35.88921],[126.515278,35.88744],[126.515739,35.885677],[126.516247,35.883923],[126.516801,35.882179],[126.517401,35.880444],[126.518047,35.878721],[126.518739,35.877009],[126.519475,35.87531],[126.520257,35.873624],[126.521083,35.871952],[126.521953,35.870296],[126.522867,35.868654],[126.523825,35.86703],[126.524825,35.865422],[126.525867,35.863833],[126.526952,35.862262],[126.528077,35.86071],[126.529244,35.859179],[126.530451,35.857668],[126.531697,35.856179],[126.532983,35.854712],[126.534307,35.853269],[126.535669,35.851848],[126.537069,35.850453],[126.538505,35.849081],[126.539977,35.847736],[126.541485,35.846417],[126.543026,35.845124],[126.544602,35.843859],[126.546211,35.842622],[126.547853,35.841413],[126.549526,35.840234],[126.551229,35.839084],[126.552963,35.837964],[126.554726,35.836875],[126.556518,35.835817],[126.558337,35.834791],[126.560183,35.833798],[126.562054,35.832836],[126.563951,35.831908],[126.565872,35.831014],[126.567816,35.830153],[126.569782,35.829327],[126.57177,35.828535],[126.573778,35.827779],[126.575806,35.827058],[126.577852,35.826373],[126.579916,35.825724],[126.581997,35.825111],[126.584093,35.824535],[126.586204,35.823996],[126.588329,35.823494],[126.590467,35.82303],[126.592617,35.822603],[126.594777,35.822214],[126.596947,35.821863],[126.599126,35.821551],[126.601313,35.821277],[126.603506,35.821041],[126.605705,35.820844],[126.607909,35.820685],[126.610116,35.820565],[126.612327,35.820484],[126.614538,35.820442],[126.616751,35.820439],[126.618963,35.820474],[126.621173,35.820549],[126.623381,35.820662],[126.625586,35.820814],[126.627786,35.821004],[126.62998,35.821234],[126.632168,35.821501],[126.634348,35.821807],[126.63652,35.822152],[126.638682,35.822534],[126.640833,35.822954],[126.642973,35.823412],[126.6451,35.823908],[126.647214,35.824441],[126.649313,35.82501],[126.651396,35.825617],[126.653463,35.82626],[126.655513,35.826939],[126.657544,35.827654],[126.659555,35.828404],[126.661547,35.82919],[126.663517,35.83001],[126.665465,35.830865],[126.667389,35.831753],[126.66929,35.832676],[126.671166,35.833631],[126.673017,35.83462],[126.67484,35.83564],[126.676636,35.836693],[126.678404,35.837776],[126.680143,35.838891],[126.681852,35.840035],[126.683531,35.84121],[126.685177,35.842414],[126.686792,35.843646],[126.688373,35.844906],[126.689921,35.846194],[126.691435,35.847509],[126.692913,35.84885],[126.694355,35.850217],[126.695761,35.851609],[126.697129,35.853025],[126.69846,35.854465],[126.699753,35.855927],[126.701006,35.857413],[126.702219,35.85892],[126.703393,35.860447],[126.704526,35.861996],[126.705617,35.863563],[126.706667,35.86515],[126.707674,35.866754],[126.708639,35.868376],[126.70956,35.870014],[126.710438,35.871669],[126.711271,35.873338],[126.712061,35.875021],[126.712805,35.876718],[126.713505,35.878428],[126.714158,35.88015],[126.714766,35.881882],[126.715328,35.883625],[126.715844,35.885378],[126.716313,35.887139],[126.716735,35.888908],[126.71711,35.890683],[126.717438,35.892465],[126.717719,35.894253],[126.717952,35.896045],[126.718138,35.89784],[126.718276,35.899639],[126.718366,35.901439],[126.718408,35.903241],[126.718403,35.905043],[126.718349,35.906844],[126.718248,35.908644],[126.718099,35.910442],[126.717903,35.912237],[126.717659,35.914028],[126.717367,35.915814],[126.717028,35.917595],[126.716642,35.919369],[126.716209,35.921136],[126.715729,35.922895],[126.715202,35.924646],[126.714629,35.926386],[126.71401,35.928116],[126.713345,35.929835],[126.712635,35.931542],[126.711879,35.933236],[126.711079,35.934916],[126.710234,35.936582],[126.709345,35.938233],[126.708413,35.939867],[126.707437,35.941485],[126.706418,35.943085],[126.705357,35.944667],[126.704255,35.94623],[126.703111,35.947774],[126.701926,35.949297],[126.700701,35.950798],[126.699437,35.952278],[126.698133,35.953735],[126.696791,35.955169],[126.695411,35.956579],[126.693994,35.957965],[126.692541,35.959325],[126.691051,35.96066],[126.689527,35.961968],[126.687968,35.963249],[126.686375,35.964502],[126.68475,35.965727],[126.683092,35.966923],[126.681402,35.96809],[126.679683,35.969227],[126.677933,35.970333],[126.676154,35.971408],[126.674347,35.972452],[126.672513,35.973464],[126.670652,35.974443],[126.668766,35.97539],[126.666854,35.976303],[126.664919,35.977182],[126.662961,35.978027],[126.660981,35.978838],[126.65898,35.979614],[126.656959,35.980354],[126.654918,35.981058],[126.65286,35.981727],[126.650783,35.982359],[126.648691,35.982955],[126.646583,35.983514],[126.644461,35.984035],[126.642325,35.984519],[126.640177,35.984966],[126.638018,35.985374],[126.635848,35.985745],[126.633669,35.986078],[126.631482,35.986372],[126.629287,35.986627],[126.627086,35.986844],[126.62488,35.987023],[126.622669,35.987162],[126.620455,35.987263],[126.618239,35.987325],[126.616022,35.987347]]]]}},{"type":"Feature","properties":{"ident":null,"name":"GWANGJU","type":"Control Zone","airspaceClass":"C","upper":"4 000 AGL","upperFt":4000,"upperRef":"AGL","lower":"SFC","lowerFt":0,"lowerRef":"SFC","remarks":null,"ctr_lbl_1":"GWANGJU","category":"관제권","source":"국토교통부 공역정보 KMZ","cycle":"AIP 2026년 10차"},"geometry":{"type":"MultiPolygon","coordinates":[[[[126.809281,35.209836],[126.807085,35.209823],[126.804891,35.209772],[126.802698,35.209682],[126.800509,35.209552],[126.798323,35.209384],[126.796142,35.209178],[126.793967,35.208932],[126.791799,35.208648],[126.78964,35.208326],[126.787489,35.207965],[126.785348,35.207567],[126.783218,35.20713],[126.7811,35.206656],[126.778995,35.206144],[126.776904,35.205595],[126.774828,35.20501],[126.772768,35.204387],[126.770725,35.203728],[126.7687,35.203033],[126.766694,35.202302],[126.764707,35.201536],[126.762741,35.200735],[126.760796,35.199899],[126.758874,35.199029],[126.756976,35.198125],[126.755101,35.197187],[126.753252,35.196216],[126.751429,35.195213],[126.749633,35.194178],[126.747864,35.193111],[126.746124,35.192013],[126.744413,35.190884],[126.742732,35.189726],[126.741082,35.188537],[126.739464,35.18732],[126.737879,35.186074],[126.736326,35.184801],[126.734808,35.1835],[126.733324,35.182173],[126.731875,35.180819],[126.730463,35.17944],[126.729087,35.178037],[126.727748,35.176609],[126.726447,35.175158],[126.725185,35.173685],[126.723961,35.172189],[126.722778,35.170672],[126.721635,35.169134],[126.720532,35.167576],[126.719471,35.165999],[126.718451,35.164404],[126.717474,35.162791],[126.716539,35.161161],[126.715647,35.159515],[126.714799,35.157853],[126.713995,35.156177],[126.713235,35.154487],[126.71252,35.152783],[126.71185,35.151068],[126.711225,35.149341],[126.710645,35.147603],[126.710112,35.145856],[126.709624,35.144099],[126.709183,35.142334],[126.708788,35.140562],[126.70844,35.138783],[126.708139,35.136998],[126.707885,35.135209],[126.707678,35.133415],[126.707518,35.131618],[126.707406,35.129819],[126.70734,35.128018],[126.707322,35.126216],[126.707352,35.124415],[126.707429,35.122614],[126.707553,35.120816],[126.707724,35.119019],[126.707942,35.117227],[126.708208,35.115438],[126.70852,35.113655],[126.708879,35.111878],[126.709285,35.110107],[126.709737,35.108344],[126.710236,35.10659],[126.71078,35.104845],[126.71137,35.103109],[126.712005,35.101385],[126.712686,35.099672],[126.713411,35.097972],[126.714181,35.096285],[126.714995,35.094613],[126.715852,35.092955],[126.716753,35.091312],[126.717697,35.089686],[126.718684,35.088077],[126.719712,35.086486],[126.720782,35.084914],[126.721892,35.08336],[126.723044,35.081827],[126.724235,35.080315],[126.725465,35.078824],[126.726735,35.077356],[126.728043,35.07591],[126.729388,35.074488],[126.73077,35.07309],[126.732189,35.071717],[126.733643,35.070369],[126.735132,35.069047],[126.736656,35.067752],[126.738213,35.066485],[126.739803,35.065245],[126.741425,35.064034],[126.743079,35.062852],[126.744763,35.061699],[126.746477,35.060577],[126.74822,35.059485],[126.749991,35.058425],[126.75179,35.057396],[126.753615,35.056399],[126.755466,35.055435],[126.757342,35.054504],[126.759241,35.053607],[126.761164,35.052743],[126.763109,35.051914],[126.765075,35.051119],[126.767062,35.05036],[126.769068,35.049635],[126.771092,35.048947],[126.773134,35.048295],[126.775193,35.047679],[126.777267,35.047099],[126.779356,35.046557],[126.781459,35.046052],[126.783575,35.045584],[126.785702,35.045154],[126.78784,35.044761],[126.789988,35.044407],[126.792145,35.044091],[126.794309,35.043813],[126.79648,35.043574],[126.798657,35.043373],[126.800839,35.043211],[126.803024,35.043087],[126.805213,35.043003],[126.807402,35.042957],[126.809593,35.04295],[126.811783,35.042982],[126.813972,35.043053],[126.816159,35.043162],[126.818342,35.04331],[126.820521,35.043498],[126.822694,35.043723],[126.824861,35.043987],[126.827021,35.04429],[126.829172,35.04463],[126.831313,35.045009],[126.833445,35.045426],[126.835564,35.04588],[126.837672,35.046372],[126.839766,35.046901],[126.841846,35.047468],[126.84391,35.04807],[126.845958,35.04871],[126.847989,35.049385],[126.850002,35.050097],[126.851995,35.050844],[126.853969,35.051626],[126.855922,35.052443],[126.857852,35.053295],[126.85976,35.05418],[126.861645,35.055099],[126.863505,35.056052],[126.865339,35.057037],[126.867147,35.058054],[126.868928,35.059103],[126.870681,35.060184],[126.872406,35.061295],[126.874101,35.062437],[126.875765,35.063609],[126.877399,35.06481],[126.879,35.066039],[126.880569,35.067297],[126.882105,35.068582],[126.883607,35.069894],[126.885074,35.071232],[126.886505,35.072597],[126.8879,35.073986],[126.889259,35.0754],[126.89058,35.076837],[126.891863,35.078298],[126.893108,35.07978],[126.894313,35.081285],[126.895479,35.082811],[126.896604,35.084357],[126.897689,35.085923],[126.898732,35.087507],[126.899733,35.08911],[126.900692,35.09073],[126.901608,35.092366],[126.902481,35.094019],[126.903311,35.095687],[126.904097,35.097369],[126.904838,35.099064],[126.905534,35.100772],[126.906186,35.102493],[126.906792,35.104224],[126.907353,35.105966],[126.907868,35.107717],[126.908336,35.109477],[126.908759,35.111245],[126.909134,35.11302],[126.909464,35.114801],[126.909746,35.116588],[126.909981,35.118379],[126.910169,35.120174],[126.91031,35.121972],[126.910404,35.123772],[126.91045,35.125573],[126.910449,35.127375],[126.910401,35.129176],[126.910305,35.130976],[126.910162,35.132774],[126.909972,35.134569],[126.909734,35.13636],[126.90945,35.138147],[126.909119,35.139928],[126.908741,35.141702],[126.908316,35.14347],[126.907845,35.14523],[126.907328,35.14698],[126.906765,35.148722],[126.906156,35.150453],[126.905502,35.152172],[126.904803,35.15388],[126.904059,35.155575],[126.90327,35.157256],[126.902438,35.158923],[126.901562,35.160575],[126.900642,35.162211],[126.89968,35.16383],[126.898676,35.165432],[126.897629,35.167016],[126.896541,35.16858],[126.895412,35.170125],[126.894243,35.17165],[126.893034,35.173153],[126.891785,35.174635],[126.890498,35.176094],[126.889173,35.17753],[126.88781,35.178942],[126.886411,35.18033],[126.884975,35.181692],[126.883503,35.183029],[126.881997,35.18434],[126.880457,35.185623],[126.878883,35.186879],[126.877276,35.188106],[126.875638,35.189305],[126.873968,35.190474],[126.872268,35.191614],[126.870538,35.192723],[126.868779,35.193801],[126.866993,35.194847],[126.865179,35.195862],[126.863339,35.196844],[126.861474,35.197794],[126.859584,35.19871],[126.85767,35.199592],[126.855733,35.20044],[126.853775,35.201254],[126.851795,35.202033],[126.849796,35.202776],[126.847777,35.203484],[126.84574,35.204156],[126.843686,35.204791],[126.841616,35.20539],[126.83953,35.205953],[126.83743,35.206478],[126.835317,35.206965],[126.833191,35.207415],[126.831054,35.207827],[126.828907,35.208201],[126.82675,35.208537],[126.824585,35.208835],[126.822412,35.209094],[126.820234,35.209315],[126.81805,35.209497],[126.815861,35.20964],[126.81367,35.209744],[126.811476,35.20981],[126.809281,35.209836]]]]}},{"type":"Feature","properties":{"ident":null,"name":"INCHEON","type":"Control Zone","airspaceClass":"B","upper":"3 000 AGL","upperFt":3000,"upperRef":"AGL","lower":"SFC","lowerFt":0,"lowerRef":"SFC","remarks":null,"ctr_lbl_1":"INCHEON","category":"관제권","source":"국토교통부 공역정보 KMZ","cycle":"AIP 2026년 10차"},"geometry":{"type":"MultiPolygon","coordinates":[[[[126.439168,37.545934],[126.436905,37.545914],[126.434644,37.545856],[126.432385,37.545759],[126.430129,37.545622],[126.427877,37.545447],[126.425631,37.545234],[126.423391,37.544982],[126.421158,37.544691],[126.418934,37.544362],[126.416719,37.543994],[126.414515,37.543589],[126.412322,37.543146],[126.410141,37.542665],[126.407975,37.542147],[126.405823,37.541591],[126.403686,37.540999],[126.401566,37.54037],[126.399464,37.539705],[126.39738,37.539003],[126.395316,37.538266],[126.393272,37.537494],[126.39125,37.536687],[126.38925,37.535845],[126.387273,37.534969],[126.385321,37.534059],[126.383394,37.533115],[126.381493,37.532139],[126.379619,37.53113],[126.377773,37.530089],[126.375955,37.529017],[126.374167,37.527914],[126.37241,37.52678],[126.370683,37.525616],[126.368989,37.524422],[126.367327,37.5232],[126.365699,37.52195],[126.364106,37.520672],[126.362547,37.519366],[126.361024,37.518034],[126.359538,37.516677],[126.358089,37.515294],[126.356678,37.513886],[126.355305,37.512454],[126.353972,37.510999],[126.352678,37.509522],[126.351424,37.508022],[126.350212,37.506502],[126.349041,37.504961],[126.347913,37.5034],[126.346827,37.50182],[126.345784,37.500221],[126.344784,37.498605],[126.343829,37.496973],[126.342918,37.495324],[126.342052,37.49366],[126.341232,37.491981],[126.340457,37.490289],[126.339728,37.488584],[126.339046,37.486866],[126.33841,37.485137],[126.337821,37.483398],[126.33728,37.481649],[126.336786,37.479891],[126.33634,37.478125],[126.335942,37.476352],[126.335592,37.474572],[126.335291,37.472787],[126.335037,37.470997],[126.334833,37.469203],[126.334677,37.467406],[126.33457,37.465606],[126.334511,37.463805],[126.334501,37.462004],[126.33454,37.460203],[126.334628,37.458403],[126.334765,37.456605],[126.33495,37.454809],[126.335184,37.453017],[126.335466,37.45123],[126.335797,37.449448],[126.336176,37.447672],[126.336602,37.445903],[126.337077,37.444142],[126.337599,37.442389],[126.338168,37.440646],[126.338785,37.438913],[126.339448,37.437191],[126.340158,37.43548],[126.340914,37.433783],[126.341715,37.432098],[126.342562,37.430428],[126.343454,37.428773],[126.34439,37.427134],[126.345371,37.425511],[126.346395,37.423905],[126.347462,37.422318],[126.348572,37.420749],[126.349725,37.419199],[126.350919,37.41767],[126.352153,37.416162],[126.353429,37.414675],[126.354744,37.413211],[126.356099,37.411769],[126.357492,37.410352],[126.358923,37.408958],[126.360392,37.40759],[126.361897,37.406247],[126.363438,37.40493],[126.365014,37.40364],[126.366625,37.402378],[126.36827,37.401143],[126.369948,37.399937],[126.371657,37.39876],[126.373398,37.397613],[126.37517,37.396497],[126.376972,37.395411],[126.378802,37.394356],[126.38066,37.393333],[126.382546,37.392342],[126.384458,37.391384],[126.386396,37.390459],[126.388357,37.389568],[126.390343,37.38871],[126.392351,37.387887],[126.394381,37.387099],[126.396432,37.386345],[126.398503,37.385628],[126.400592,37.384946],[126.4027,37.3843],[126.404824,37.38369],[126.406965,37.383118],[126.40912,37.382582],[126.41129,37.382084],[126.413472,37.381622],[126.415666,37.381199],[126.417871,37.380814],[126.420087,37.380466],[126.42231,37.380157],[126.424542,37.379886],[126.426781,37.379653],[126.429025,37.379459],[126.431274,37.379304],[126.433527,37.379188],[126.435782,37.37911],[126.438039,37.379071],[126.440297,37.379071],[126.442553,37.37911],[126.444809,37.379188],[126.447061,37.379304],[126.44931,37.379459],[126.451555,37.379653],[126.453793,37.379886],[126.456025,37.380157],[126.458249,37.380466],[126.460464,37.380814],[126.462669,37.381199],[126.464864,37.381622],[126.467046,37.382084],[126.469215,37.382582],[126.471371,37.383118],[126.473511,37.38369],[126.475636,37.3843],[126.477743,37.384946],[126.479833,37.385628],[126.481903,37.386345],[126.483954,37.387099],[126.485984,37.387887],[126.487993,37.38871],[126.489978,37.389568],[126.49194,37.390459],[126.493877,37.391384],[126.495789,37.392342],[126.497675,37.393333],[126.499534,37.394356],[126.501364,37.395411],[126.503165,37.396497],[126.504937,37.397613],[126.506678,37.39876],[126.508388,37.399937],[126.510066,37.401143],[126.51171,37.402378],[126.513321,37.40364],[126.514897,37.40493],[126.516439,37.406247],[126.517944,37.40759],[126.519412,37.408958],[126.520844,37.410352],[126.522237,37.411769],[126.523591,37.413211],[126.524907,37.414675],[126.526182,37.416162],[126.527417,37.41767],[126.528611,37.419199],[126.529763,37.420749],[126.530873,37.422318],[126.531941,37.423905],[126.532965,37.425511],[126.533945,37.427134],[126.534882,37.428773],[126.535774,37.430428],[126.536621,37.432098],[126.537422,37.433783],[126.538178,37.43548],[126.538887,37.437191],[126.539551,37.438913],[126.540167,37.440646],[126.540737,37.442389],[126.541259,37.444142],[126.541733,37.445903],[126.54216,37.447672],[126.542539,37.449448],[126.542869,37.45123],[126.543152,37.453017],[126.543385,37.454809],[126.543571,37.456605],[126.543707,37.458403],[126.543795,37.460203],[126.543834,37.462004],[126.543825,37.463805],[126.543766,37.465606],[126.543659,37.467406],[126.543503,37.469203],[126.543298,37.470997],[126.543045,37.472787],[126.542743,37.474572],[126.542394,37.476352],[126.541995,37.478125],[126.541549,37.479891],[126.541056,37.481649],[126.540514,37.483398],[126.539926,37.485137],[126.53929,37.486866],[126.538608,37.488584],[126.537879,37.490289],[126.537104,37.491981],[126.536283,37.49366],[126.535418,37.495324],[126.534507,37.496973],[126.533551,37.498605],[126.532552,37.500221],[126.531509,37.50182],[126.530423,37.5034],[126.529294,37.504961],[126.528123,37.506502],[126.526911,37.508022],[126.525658,37.509522],[126.524364,37.510999],[126.523031,37.512454],[126.521658,37.513886],[126.520247,37.515294],[126.518798,37.516677],[126.517311,37.518034],[126.515789,37.519366],[126.51423,37.520672],[126.512636,37.52195],[126.511008,37.5232],[126.509347,37.524422],[126.507652,37.525616],[126.505926,37.52678],[126.504168,37.527914],[126.50238,37.529017],[126.500563,37.530089],[126.498717,37.53113],[126.496843,37.532139],[126.494942,37.533115],[126.493014,37.534059],[126.491062,37.534969],[126.489086,37.535845],[126.487086,37.536687],[126.485064,37.537494],[126.48302,37.538266],[126.480956,37.539003],[126.478872,37.539705],[126.476769,37.54037],[126.47465,37.540999],[126.472513,37.541591],[126.470361,37.542147],[126.468194,37.542665],[126.466014,37.543146],[126.463821,37.543589],[126.461617,37.543994],[126.459402,37.544362],[126.457178,37.544691],[126.454945,37.544982],[126.452705,37.545234],[126.450458,37.545447],[126.448206,37.545622],[126.445951,37.545759],[126.443691,37.545856],[126.44143,37.545914],[126.439168,37.545934]]]]}},{"type":"Feature","properties":{"ident":null,"name":"JEJU","type":"Control Zone","airspaceClass":"C","upper":"3 000 AGL","upperFt":3000,"upperRef":"AGL","lower":"SFC","lowerFt":0,"lowerRef":"SFC","remarks":null,"ctr_lbl_1":"JEJU","category":"관제권","source":"국토교통부 공역정보 KMZ","cycle":"AIP 2026년 10차"},"geometry":{"type":"MultiPolygon","coordinates":[[[[126.492699,33.595685],[126.490548,33.595667],[126.488398,33.595609],[126.48625,33.595513],[126.484105,33.595378],[126.481964,33.595204],[126.479828,33.594992],[126.477698,33.594741],[126.475574,33.594451],[126.473459,33.594123],[126.471353,33.593757],[126.469257,33.593353],[126.467171,33.592911],[126.465098,33.592431],[126.463037,33.591915],[126.460991,33.59136],[126.458959,33.590769],[126.456943,33.590142],[126.454943,33.589478],[126.452961,33.588778],[126.450998,33.588043],[126.449054,33.587272],[126.447131,33.586466],[126.445229,33.585625],[126.443349,33.584751],[126.441492,33.583842],[126.439659,33.5829],[126.437851,33.581926],[126.436068,33.580918],[126.434312,33.579879],[126.432583,33.578808],[126.430882,33.577706],[126.42921,33.576574],[126.427568,33.575412],[126.425956,33.57422],[126.424375,33.572999],[126.422826,33.571751],[126.42131,33.570474],[126.419827,33.56917],[126.418378,33.56784],[126.416964,33.566484],[126.415585,33.565102],[126.414242,33.563696],[126.412936,33.562266],[126.411667,33.560813],[126.410436,33.559337],[126.409243,33.557839],[126.408089,33.55632],[126.406975,33.554781],[126.4059,33.553222],[126.404866,33.551643],[126.403874,33.550046],[126.402922,33.548432],[126.402013,33.546801],[126.401145,33.545154],[126.400321,33.543491],[126.399539,33.541814],[126.398801,33.540124],[126.398107,33.53842],[126.397457,33.536704],[126.396851,33.534977],[126.39629,33.533239],[126.395774,33.531492],[126.395304,33.529735],[126.394878,33.527971],[126.394498,33.526199],[126.394164,33.524421],[126.393876,33.522637],[126.393634,33.520848],[126.393438,33.519055],[126.393289,33.51726],[126.393185,33.515462],[126.393128,33.513662],[126.393118,33.511862],[126.393154,33.510062],[126.393236,33.508263],[126.393365,33.506467],[126.393539,33.504672],[126.39376,33.502882],[126.394028,33.501096],[126.394341,33.499315],[126.3947,33.49754],[126.395104,33.495772],[126.395554,33.494012],[126.396049,33.492261],[126.396589,33.490518],[126.397174,33.488786],[126.397804,33.487065],[126.398477,33.485356],[126.399195,33.483659],[126.399956,33.481976],[126.40076,33.480307],[126.401607,33.478652],[126.402496,33.477014],[126.403427,33.475392],[126.4044,33.473787],[126.405414,33.4722],[126.406468,33.470632],[126.407563,33.469083],[126.408697,33.467555],[126.40987,33.466047],[126.411082,33.464561],[126.412332,33.463097],[126.413619,33.461656],[126.414942,33.460239],[126.416302,33.458846],[126.417698,33.457477],[126.419128,33.456135],[126.420593,33.454818],[126.422091,33.453529],[126.423622,33.452267],[126.425185,33.451032],[126.426779,33.449827],[126.428404,33.44865],[126.430059,33.447503],[126.431743,33.446387],[126.433455,33.445301],[126.435195,33.444246],[126.436962,33.443223],[126.438754,33.442232],[126.440572,33.441274],[126.442413,33.440349],[126.444279,33.439457],[126.446166,33.438599],[126.448075,33.437776],[126.450005,33.436987],[126.451955,33.436234],[126.453923,33.435516],[126.45591,33.434833],[126.457914,33.434187],[126.459933,33.433577],[126.461968,33.433004],[126.464018,33.432468],[126.46608,33.431969],[126.468155,33.431507],[126.470242,33.431083],[126.472338,33.430697],[126.474444,33.430349],[126.476559,33.430039],[126.478681,33.429767],[126.48081,33.429534],[126.482944,33.429339],[126.485082,33.429183],[126.487224,33.429065],[126.489369,33.428987],[126.491515,33.428947],[126.493662,33.428946],[126.495808,33.428984],[126.497953,33.42906],[126.500095,33.429176],[126.502234,33.42933],[126.504368,33.429523],[126.506497,33.429754],[126.508619,33.430024],[126.510735,33.430332],[126.512841,33.430678],[126.514938,33.431062],[126.517025,33.431484],[126.519101,33.431944],[126.521164,33.432441],[126.523214,33.432975],[126.52525,33.433547],[126.52727,33.434155],[126.529275,33.434799],[126.531262,33.43548],[126.533232,33.436196],[126.535183,33.436948],[126.537114,33.437734],[126.539024,33.438556],[126.540912,33.439412],[126.542779,33.440302],[126.544622,33.441225],[126.54644,33.442182],[126.548234,33.443171],[126.550002,33.444192],[126.551743,33.445245],[126.553457,33.44633],[126.555143,33.447445],[126.556799,33.44859],[126.558425,33.449765],[126.560021,33.450969],[126.561586,33.452202],[126.563119,33.453463],[126.564618,33.454751],[126.566085,33.456066],[126.567517,33.457407],[126.568914,33.458774],[126.570276,33.460166],[126.571602,33.461582],[126.572891,33.463022],[126.574142,33.464485],[126.575356,33.46597],[126.576531,33.467476],[126.577668,33.469004],[126.578764,33.470551],[126.579821,33.472119],[126.580837,33.473705],[126.581812,33.475309],[126.582745,33.47693],[126.583636,33.478567],[126.584485,33.480221],[126.585292,33.481889],[126.586055,33.483572],[126.586775,33.485268],[126.58745,33.486977],[126.588082,33.488697],[126.588669,33.490429],[126.589212,33.49217],[126.589709,33.493921],[126.590162,33.495681],[126.590569,33.497449],[126.59093,33.499223],[126.591245,33.501004],[126.591515,33.50279],[126.591738,33.50458],[126.591915,33.506374],[126.592046,33.508171],[126.592131,33.509969],[126.592169,33.511769],[126.592161,33.513569],[126.592107,33.515369],[126.592006,33.517167],[126.591859,33.518963],[126.591665,33.520756],[126.591425,33.522544],[126.59114,33.524329],[126.590808,33.526107],[126.59043,33.527879],[126.590007,33.529644],[126.589539,33.531401],[126.589025,33.533149],[126.588467,33.534887],[126.587863,33.536615],[126.587215,33.538332],[126.586523,33.540036],[126.585788,33.541727],[126.585008,33.543405],[126.584186,33.545068],[126.583321,33.546716],[126.582414,33.548348],[126.581464,33.549964],[126.580474,33.551561],[126.579442,33.553141],[126.57837,33.554701],[126.577257,33.556241],[126.576106,33.557762],[126.574915,33.55926],[126.573685,33.560737],[126.572418,33.562192],[126.571114,33.563623],[126.569773,33.56503],[126.568396,33.566413],[126.566984,33.567771],[126.565537,33.569102],[126.564055,33.570407],[126.562541,33.571685],[126.560994,33.572936],[126.559414,33.574158],[126.557804,33.575351],[126.556163,33.576515],[126.554493,33.577649],[126.552793,33.578752],[126.551066,33.579824],[126.549311,33.580865],[126.54753,33.581874],[126.545723,33.582851],[126.543891,33.583794],[126.542035,33.584705],[126.540157,33.585581],[126.538256,33.586423],[126.536333,33.587231],[126.534391,33.588004],[126.532428,33.588741],[126.530447,33.589443],[126.528449,33.590109],[126.526434,33.590738],[126.524402,33.591331],[126.522356,33.591887],[126.520297,33.592406],[126.518224,33.592887],[126.516139,33.593331],[126.514043,33.593737],[126.511938,33.594105],[126.509823,33.594435],[126.5077,33.594726],[126.50557,33.59498],[126.503434,33.595194],[126.501294,33.59537],[126.499149,33.595507],[126.497001,33.595605],[126.494851,33.595665],[126.492699,33.595685]]]]}},{"type":"Feature","properties":{"ident":null,"name":"JEONGSEOK","type":"Control Zone","airspaceClass":"D","upper":"3 000 AGL","upperFt":3000,"upperRef":"AGL","lower":"SFC","lowerFt":0,"lowerRef":"SFC","remarks":null,"ctr_lbl_1":"JEONGSEOK","category":"관제권","source":"국토교통부 공역정보 KMZ","cycle":"AIP 2026년 10차"},"geometry":{"type":"MultiPolygon","coordinates":[[[[126.713339,33.481702],[126.711191,33.481688],[126.709044,33.481635],[126.706899,33.481543],[126.704756,33.481412],[126.702618,33.481242],[126.700484,33.481034],[126.698356,33.480787],[126.696235,33.480501],[126.694122,33.480178],[126.692018,33.479816],[126.689924,33.479416],[126.68784,33.478978],[126.685768,33.478502],[126.683709,33.477989],[126.681664,33.477439],[126.679633,33.476852],[126.677618,33.476229],[126.67562,33.475569],[126.673639,33.474873],[126.671676,33.474141],[126.669733,33.473374],[126.66781,33.472572],[126.665909,33.471735],[126.664029,33.470864],[126.662172,33.469959],[126.660339,33.469021],[126.658531,33.46805],[126.656748,33.467046],[126.654991,33.46601],[126.653262,33.464943],[126.65156,33.463844],[126.649888,33.462715],[126.648245,33.461556],[126.646632,33.460368],[126.64505,33.45915],[126.6435,33.457905],[126.641982,33.456631],[126.640498,33.45533],[126.639047,33.454003],[126.637631,33.45265],[126.63625,33.451271],[126.634906,33.449868],[126.633597,33.44844],[126.632326,33.44699],[126.631093,33.445516],[126.629897,33.444021],[126.628741,33.442504],[126.627624,33.440967],[126.626547,33.43941],[126.62551,33.437834],[126.624514,33.436239],[126.62356,33.434627],[126.622647,33.432997],[126.621777,33.431352],[126.620949,33.429691],[126.620164,33.428016],[126.619422,33.426327],[126.618724,33.424625],[126.61807,33.42291],[126.617461,33.421184],[126.616896,33.419448],[126.616376,33.417701],[126.615901,33.415946],[126.615471,33.414182],[126.615087,33.412412],[126.614749,33.410634],[126.614456,33.408851],[126.614209,33.407063],[126.614009,33.405271],[126.613854,33.403476],[126.613746,33.401678],[126.613685,33.399879],[126.613669,33.398079],[126.6137,33.396279],[126.613777,33.39448],[126.613901,33.392683],[126.61407,33.390889],[126.614286,33.389098],[126.614548,33.387312],[126.614856,33.38553],[126.615209,33.383755],[126.615608,33.381987],[126.616053,33.380226],[126.616543,33.378473],[126.617077,33.37673],[126.617657,33.374997],[126.61828,33.373275],[126.618948,33.371565],[126.61966,33.369867],[126.620415,33.368182],[126.621214,33.366512],[126.622055,33.364856],[126.622938,33.363216],[126.623864,33.361592],[126.624831,33.359986],[126.625839,33.358397],[126.626888,33.356827],[126.627976,33.355276],[126.629105,33.353745],[126.630272,33.352236],[126.631478,33.350747],[126.632722,33.349281],[126.634003,33.347838],[126.635321,33.346418],[126.636676,33.345023],[126.638066,33.343652],[126.63949,33.342307],[126.640949,33.340988],[126.642442,33.339695],[126.643967,33.33843],[126.645524,33.337193],[126.647113,33.335984],[126.648733,33.334805],[126.650382,33.333655],[126.65206,33.332535],[126.653767,33.331446],[126.655502,33.330388],[126.657263,33.329362],[126.65905,33.328367],[126.660863,33.327406],[126.662699,33.326477],[126.664559,33.325582],[126.666442,33.324721],[126.668346,33.323894],[126.670271,33.323102],[126.672216,33.322344],[126.67418,33.321623],[126.676161,33.320936],[126.678161,33.320286],[126.680176,33.319673],[126.682206,33.319096],[126.684251,33.318555],[126.68631,33.318052],[126.68838,33.317587],[126.690462,33.317159],[126.692555,33.316769],[126.694657,33.316416],[126.696768,33.316102],[126.698886,33.315827],[126.701011,33.315589],[126.703142,33.31539],[126.705277,33.31523],[126.707416,33.315109],[126.709557,33.315026],[126.7117,33.314982],[126.713844,33.314977],[126.715987,33.315011],[126.718129,33.315083],[126.720268,33.315194],[126.722405,33.315344],[126.724536,33.315533],[126.726663,33.31576],[126.728783,33.316026],[126.730896,33.31633],[126.733001,33.316672],[126.735096,33.317052],[126.737181,33.31747],[126.739255,33.317926],[126.741316,33.318419],[126.743365,33.318949],[126.745399,33.319517],[126.747419,33.320121],[126.749422,33.320761],[126.751409,33.321438],[126.753378,33.32215],[126.755328,33.322898],[126.757258,33.323681],[126.759168,33.324499],[126.761056,33.325351],[126.762922,33.326237],[126.764765,33.327157],[126.766584,33.32811],[126.768378,33.329096],[126.770146,33.330113],[126.771887,33.331163],[126.773602,33.332244],[126.775288,33.333356],[126.776945,33.334498],[126.778572,33.33567],[126.780169,33.336871],[126.781735,33.3381],[126.783269,33.339358],[126.78477,33.340643],[126.786238,33.341955],[126.787672,33.343294],[126.789071,33.344658],[126.790435,33.346047],[126.791762,33.34746],[126.793053,33.348897],[126.794307,33.350357],[126.795523,33.35184],[126.796701,33.353344],[126.79784,33.354869],[126.798939,33.356415],[126.799998,33.35798],[126.801017,33.359564],[126.801995,33.361166],[126.802932,33.362785],[126.803826,33.364421],[126.804679,33.366072],[126.805488,33.367739],[126.806255,33.36942],[126.806978,33.371114],[126.807658,33.372822],[126.808293,33.374541],[126.808885,33.376271],[126.809431,33.378012],[126.809933,33.379762],[126.810389,33.38152],[126.8108,33.383287],[126.811166,33.38506],[126.811486,33.38684],[126.81176,33.388625],[126.811988,33.390415],[126.81217,33.392209],[126.812305,33.394005],[126.812395,33.395803],[126.812438,33.397603],[126.812435,33.399403],[126.812385,33.401202],[126.812289,33.403],[126.812147,33.404796],[126.811959,33.406589],[126.811725,33.408379],[126.811444,33.410163],[126.811118,33.411942],[126.810746,33.413715],[126.810328,33.41548],[126.809865,33.417238],[126.809357,33.418987],[126.808804,33.420726],[126.808206,33.422455],[126.807564,33.424172],[126.806878,33.425878],[126.806147,33.427571],[126.805374,33.42925],[126.804557,33.430914],[126.803698,33.432564],[126.802796,33.434197],[126.801853,33.435814],[126.800868,33.437414],[126.799842,33.438995],[126.798775,33.440557],[126.797669,33.4421],[126.796523,33.443622],[126.795338,33.445123],[126.794114,33.446602],[126.792853,33.448059],[126.791555,33.449492],[126.790219,33.450902],[126.788848,33.452287],[126.787441,33.453648],[126.786,33.454982],[126.784525,33.45629],[126.783016,33.45757],[126.781474,33.458824],[126.779901,33.460049],[126.778296,33.461245],[126.77666,33.462412],[126.774995,33.463549],[126.773302,33.464655],[126.771579,33.465731],[126.76983,33.466775],[126.768054,33.467787],[126.766252,33.468767],[126.764426,33.469714],[126.762575,33.470628],[126.760701,33.471508],[126.758805,33.472354],[126.756888,33.473165],[126.75495,33.473941],[126.752993,33.474683],[126.751017,33.475388],[126.749023,33.476058],[126.747012,33.476691],[126.744985,33.477288],[126.742944,33.477847],[126.740888,33.47837],[126.73882,33.478856],[126.736739,33.479303],[126.734648,33.479713],[126.732546,33.480086],[126.730435,33.480419],[126.728316,33.480715],[126.72619,33.480972],[126.724058,33.481191],[126.72192,33.481371],[126.719779,33.481512],[126.717634,33.481614],[126.715487,33.481678],[126.713339,33.481702]]]]}},{"type":"Feature","properties":{"ident":null,"name":"JUNGWON","type":"Control Zone","airspaceClass":"C","upper":"5 000 AGL","upperFt":5000,"upperRef":"AGL","lower":null,"lowerFt":null,"lowerRef":null,"remarks":null,"ctr_lbl_1":"JUNGWON","category":"관제권","source":"국토교통부 공역정보 KMZ","cycle":"AIP 2026년 10차"},"geometry":{"type":"MultiPolygon","coordinates":[[[[127.988811,37.041749],[127.985808,37.053138],[127.980853,37.064081],[127.974046,37.074365],[127.965516,37.083789],[127.955431,37.092169],[127.943986,37.099342],[127.931404,37.105168],[127.91793,37.109533],[127.903827,37.112352],[127.889372,37.11357],[127.874846,37.113163],[127.860532,37.11114],[127.84671,37.107539],[127.833651,37.102431],[127.821607,37.095915],[127.810816,37.08812],[127.801485,37.079196],[127.793798,37.069318],[127.787903,37.058679],[127.783914,37.047486],[127.781909,37.035956],[127.781925,37.024315],[127.783961,37.012789],[127.787976,37.001603],[127.793892,36.990973],[127.801593,36.981106],[127.810929,36.972195],[127.821718,36.964412],[127.833749,36.957908],[127.846789,36.95281],[127.860585,36.949216],[127.874869,36.947197],[127.889364,36.946791],[127.903789,36.948007],[127.917863,36.95082],[127.931314,36.955176],[127.943881,36.960992],[127.955318,36.968152],[127.965405,36.97652],[127.973944,36.985932],[127.980769,36.996205],[127.985747,37.00714],[127.988781,37.018524],[127.989809,37.030136],[127.988811,37.041749]]]]}},{"type":"Feature","properties":{"ident":null,"name":"MUAN","type":"Control Zone","airspaceClass":"D","upper":"3 000 AGL","upperFt":3000,"upperRef":"AGL","lower":"SFC","lowerFt":0,"lowerRef":"SFC","remarks":null,"ctr_lbl_1":"MUAN","category":"관제권","source":"국토교통부 공역정보 KMZ","cycle":"AIP 2026년 10차"},"geometry":{"type":"MultiPolygon","coordinates":[[[[126.419984,34.883703],[126.419969,34.885463],[126.419953,34.887222],[126.419938,34.888981],[126.419923,34.890741],[126.419907,34.8925],[126.419892,34.894259],[126.419877,34.896018],[126.419861,34.897778],[126.419845,34.899537],[126.419831,34.901296],[126.419815,34.903055],[126.419799,34.904815],[126.419784,34.906574],[126.419768,34.908333],[126.419753,34.910092],[126.419737,34.911852],[126.419824,34.913695],[126.422186,34.914485],[126.424193,34.915203],[126.426181,34.915956],[126.428148,34.916745],[126.430094,34.917569],[126.432018,34.918426],[126.43392,34.919318],[126.435797,34.920244],[126.43765,34.921202],[126.439477,34.922194],[126.441278,34.923217],[126.443052,34.924272],[126.444798,34.925359],[126.446515,34.926476],[126.448202,34.927624],[126.449859,34.928801],[126.451485,34.930008],[126.453078,34.931243],[126.454639,34.932506],[126.456166,34.933796],[126.45766,34.935114],[126.459118,34.936457],[126.460542,34.937826],[126.461928,34.939221],[126.463278,34.940639],[126.464591,34.942081],[126.465865,34.943546],[126.467101,34.945034],[126.468298,34.946543],[126.469455,34.948073],[126.470571,34.949623],[126.471647,34.951192],[126.472681,34.952781],[126.473673,34.954387],[126.474623,34.956011],[126.475531,34.957651],[126.476395,34.959307],[126.477215,34.960977],[126.477992,34.962662],[126.478724,34.964361],[126.479411,34.966072],[126.480054,34.967795],[126.480651,34.969529],[126.481203,34.971273],[126.481708,34.973026],[126.482168,34.974788],[126.482581,34.976558],[126.482948,34.978335],[126.483268,34.980117],[126.483542,34.981906],[126.483768,34.983698],[126.483947,34.985494],[126.484079,34.987293],[126.484164,34.989094],[126.484202,34.990896],[126.484192,34.992698],[126.484136,34.9945],[126.484031,34.9963],[126.48388,34.998098],[126.483682,34.999892],[126.483436,35.001683],[126.483144,35.003469],[126.482804,35.00525],[126.482418,35.007024],[126.481986,35.00879],[126.481507,35.010549],[126.480982,35.012299],[126.480412,35.014039],[126.479796,35.015768],[126.479135,35.017486],[126.478428,35.019192],[126.477677,35.020885],[126.476882,35.022564],[126.476042,35.024229],[126.47516,35.025878],[126.474234,35.027512],[126.473265,35.029128],[126.472255,35.030727],[126.471202,35.032308],[126.470108,35.033869],[126.468974,35.035411],[126.467799,35.036932],[126.466584,35.038432],[126.46533,35.03991],[126.464038,35.041366],[126.462708,35.042798],[126.46134,35.044206],[126.459936,35.045589],[126.458496,35.046948],[126.45702,35.04828],[126.45551,35.049586],[126.453966,35.050864],[126.452388,35.052115],[126.450778,35.053338],[126.449136,35.054532],[126.447463,35.055696],[126.44576,35.05683],[126.444027,35.057934],[126.442267,35.059007],[126.440477,35.060048],[126.438661,35.061057],[126.436819,35.062034],[126.434952,35.062977],[126.43306,35.063888],[126.431145,35.064764],[126.429208,35.065606],[126.427248,35.066414],[126.425268,35.067187],[126.423268,35.067924],[126.421248,35.068625],[126.418992,35.069358],[126.418873,35.071173],[126.418858,35.072901],[126.418842,35.074629],[126.418827,35.076358],[126.418811,35.078086],[126.418796,35.079815],[126.418781,35.081543],[126.418765,35.083271],[126.41875,35.085],[126.418734,35.086728],[126.418719,35.088457],[126.418704,35.090185],[126.418688,35.091913],[126.418673,35.093642],[126.418657,35.09537],[126.418642,35.097099],[126.418627,35.098827],[126.418611,35.100555],[126.416462,35.100548],[126.414313,35.10054],[126.412165,35.100533],[126.410016,35.100525],[126.407867,35.100517],[126.405719,35.100509],[126.40357,35.100502],[126.401421,35.100494],[126.399273,35.100486],[126.397124,35.100478],[126.394976,35.10047],[126.392826,35.100462],[126.390678,35.100454],[126.388529,35.100446],[126.386381,35.100438],[126.384232,35.10043],[126.382083,35.100422],[126.379935,35.100414],[126.377786,35.100406],[126.375637,35.100397],[126.373488,35.100389],[126.37134,35.100381],[126.369191,35.100372],[126.367042,35.100364],[126.364893,35.100355],[126.362745,35.100347],[126.360596,35.100338],[126.358447,35.10033],[126.356299,35.100321],[126.35415,35.100312],[126.352001,35.100304],[126.349853,35.100295],[126.347704,35.100286],[126.345555,35.100278],[126.345571,35.098549],[126.345586,35.096821],[126.345602,35.095092],[126.345617,35.093364],[126.345632,35.091636],[126.345648,35.089907],[126.345663,35.088179],[126.345679,35.08645],[126.345694,35.084722],[126.34571,35.082994],[126.345726,35.081265],[126.345741,35.079537],[126.345756,35.077808],[126.345771,35.07608],[126.345787,35.074352],[126.345803,35.072623],[126.345818,35.070895],[126.345855,35.069131],[126.344307,35.068625],[126.342288,35.067924],[126.340288,35.067187],[126.338308,35.066414],[126.336348,35.065606],[126.334411,35.064764],[126.332495,35.063888],[126.330603,35.062977],[126.328737,35.062034],[126.326894,35.061057],[126.325078,35.060048],[126.32329,35.059007],[126.321528,35.057934],[126.319795,35.05683],[126.318092,35.055696],[126.31642,35.054532],[126.314778,35.053338],[126.313168,35.052115],[126.31159,35.050864],[126.310046,35.049586],[126.308535,35.04828],[126.30706,35.046948],[126.305619,35.045589],[126.304215,35.044206],[126.302848,35.042798],[126.301517,35.041366],[126.300225,35.03991],[126.298971,35.038432],[126.297757,35.036932],[126.296582,35.035411],[126.295447,35.033869],[126.294354,35.032308],[126.293301,35.030727],[126.29229,35.029128],[126.291322,35.027512],[126.290396,35.025878],[126.289513,35.024229],[126.288674,35.022564],[126.287879,35.020885],[126.287128,35.019192],[126.286422,35.017486],[126.28576,35.015768],[126.285144,35.014039],[126.284573,35.012299],[126.284048,35.010549],[126.28357,35.00879],[126.283137,35.007024],[126.282751,35.00525],[126.282412,35.003469],[126.282119,35.001683],[126.281874,34.999892],[126.281675,34.998098],[126.281524,34.9963],[126.28142,34.9945],[126.281363,34.992698],[126.281353,34.990896],[126.281391,34.989094],[126.281476,34.987293],[126.281608,34.985494],[126.281788,34.983698],[126.282014,34.981906],[126.282287,34.980117],[126.282607,34.978335],[126.282974,34.976558],[126.283388,34.974788],[126.283847,34.973026],[126.284353,34.971273],[126.284905,34.969529],[126.285502,34.967795],[126.286145,34.966072],[126.286832,34.964361],[126.287564,34.962662],[126.28834,34.960977],[126.289161,34.959307],[126.290025,34.957651],[126.290932,34.956011],[126.291882,34.954387],[126.292875,34.952781],[126.293909,34.951192],[126.294984,34.949623],[126.296101,34.948073],[126.297258,34.946543],[126.298454,34.945034],[126.29969,34.943546],[126.300965,34.942081],[126.302277,34.940639],[126.303627,34.939221],[126.305014,34.937826],[126.306437,34.936457],[126.307896,34.935114],[126.309389,34.933796],[126.310917,34.932506],[126.312478,34.931243],[126.314071,34.930008],[126.315697,34.928801],[126.317354,34.927624],[126.319041,34.926476],[126.320758,34.925359],[126.322504,34.924272],[126.324277,34.923217],[126.326078,34.922194],[126.327906,34.921202],[126.329758,34.920244],[126.331636,34.919318],[126.333537,34.918426],[126.335461,34.917569],[126.337408,34.916745],[126.339375,34.915956],[126.341362,34.915203],[126.343369,34.914485],[126.345394,34.913802],[126.346962,34.913306],[126.34696,34.911574],[126.346975,34.909815],[126.346991,34.908055],[126.347006,34.906296],[126.347021,34.904537],[126.347037,34.902778],[126.347052,34.901018],[126.347068,34.899259],[126.347083,34.8975],[126.347099,34.895741],[126.347114,34.893981],[126.347129,34.892222],[126.347145,34.890463],[126.347161,34.888703],[126.347176,34.886944],[126.347191,34.885185],[126.347207,34.883426],[126.347222,34.881666],[126.349362,34.881675],[126.351503,34.881684],[126.353644,34.881693],[126.355784,34.881701],[126.357925,34.88171],[126.360065,34.881719],[126.362206,34.881727],[126.364346,34.881736],[126.366487,34.881744],[126.368627,34.881753],[126.370768,34.881761],[126.372908,34.881769],[126.375049,34.881778],[126.37719,34.881786],[126.37933,34.881794],[126.381471,34.881803],[126.383611,34.881811],[126.385751,34.881819],[126.387892,34.881827],[126.390033,34.881835],[126.392173,34.881843],[126.394313,34.881851],[126.396454,34.881859],[126.398594,34.881867],[126.400735,34.881875],[126.402876,34.881883],[126.405017,34.881891],[126.407157,34.881898],[126.409297,34.881906],[126.411438,34.881914],[126.413578,34.881921],[126.415719,34.881929],[126.41786,34.881937],[126.42,34.881944],[126.419984,34.883703]]]]}},{"type":"Feature","properties":{"ident":null,"name":"POHANG","type":"Control Zone","airspaceClass":"C","upper":"3 000 AGL","upperFt":3000,"upperRef":"AGL","lower":"SFC","lowerFt":0,"lowerRef":"SFC","remarks":null,"ctr_lbl_1":"POHANG","category":"관제권","source":"국토교통부 공역정보 KMZ","cycle":"AIP 2026년 10차"},"geometry":{"type":"MultiPolygon","coordinates":[[[[129.421803,36.071196],[129.419584,36.071233],[129.417364,36.071231],[129.415145,36.071189],[129.412928,36.071109],[129.410713,36.07099],[129.408502,36.070832],[129.406296,36.070635],[129.404095,36.0704],[129.401901,36.070126],[129.399715,36.069813],[129.397538,36.069462],[129.395371,36.069074],[129.393215,36.068647],[129.39107,36.068182],[129.388939,36.06768],[129.386821,36.067141],[129.384718,36.066565],[129.382631,36.065952],[129.380561,36.065302],[129.378508,36.064616],[129.376475,36.063895],[129.374461,36.063138],[129.372467,36.062345],[129.370495,36.061518],[129.368546,36.060657],[129.36662,36.059761],[129.364719,36.058832],[129.362842,36.05787],[129.360992,36.056875],[129.359169,36.055848],[129.357373,36.054789],[129.355606,36.053699],[129.353869,36.052578],[129.352162,36.051427],[129.350485,36.050246],[129.348841,36.049036],[129.347229,36.047798],[129.345651,36.046531],[129.344107,36.045237],[129.342597,36.043916],[129.341123,36.04257],[129.339685,36.041197],[129.338285,36.0398],[129.336921,36.038378],[129.335596,36.036933],[129.334309,36.035465],[129.333062,36.033975],[129.331855,36.032463],[129.330689,36.03093],[129.329563,36.029377],[129.328479,36.027805],[129.327437,36.026214],[129.326438,36.024605],[129.325482,36.02298],[129.324569,36.021337],[129.3237,36.019679],[129.322875,36.018007],[129.322096,36.01632],[129.321361,36.014619],[129.320671,36.012907],[129.320027,36.011182],[129.31943,36.009447],[129.318878,36.007702],[129.318373,36.005947],[129.317915,36.004184],[129.317504,36.002414],[129.31714,36.000636],[129.316823,35.998853],[129.316553,35.997064],[129.316332,35.995271],[129.316158,35.993475],[129.316032,35.991676],[129.315953,35.989875],[129.315923,35.988073],[129.31594,35.986271],[129.316005,35.98447],[129.316118,35.98267],[129.316279,35.980873],[129.316487,35.979079],[129.316744,35.97729],[129.317047,35.975505],[129.317398,35.973725],[129.317796,35.971953],[129.318241,35.970187],[129.318733,35.96843],[129.319271,35.966682],[129.319856,35.964944],[129.320486,35.963217],[129.321162,35.961501],[129.321884,35.959797],[129.322651,35.958106],[129.323462,35.95643],[129.324318,35.954767],[129.325217,35.953121],[129.32616,35.95149],[129.327146,35.949876],[129.328175,35.94828],[129.329246,35.946703],[129.330358,35.945144],[129.331512,35.943606],[129.332706,35.942088],[129.33394,35.940591],[129.335213,35.939116],[129.336525,35.937664],[129.337875,35.936236],[129.339263,35.934831],[129.340688,35.933451],[129.342149,35.932097],[129.343646,35.930768],[129.345177,35.929466],[129.346743,35.928191],[129.348342,35.926944],[129.349974,35.925725],[129.351637,35.924535],[129.353332,35.923375],[129.355057,35.922244],[129.356812,35.921145],[129.358595,35.920076],[129.360407,35.919039],[129.362245,35.918033],[129.36411,35.917061],[129.366,35.916121],[129.367914,35.915214],[129.369852,35.914342],[129.371813,35.913503],[129.373795,35.912699],[129.375799,35.911931],[129.377822,35.911197],[129.379864,35.910499],[129.381924,35.909837],[129.384001,35.909212],[129.386094,35.908623],[129.388203,35.908071],[129.390325,35.907556],[129.392461,35.907078],[129.394608,35.906638],[129.396767,35.906236],[129.398937,35.905871],[129.401115,35.905545],[129.403301,35.905257],[129.405495,35.905008],[129.407694,35.904797],[129.409899,35.904625],[129.412107,35.904491],[129.414319,35.904397],[129.416533,35.904341],[129.418748,35.904324],[129.420962,35.904346],[129.423176,35.904406],[129.425387,35.904506],[129.427595,35.904644],[129.429799,35.904821],[129.431998,35.905037],[129.434191,35.905291],[129.436376,35.905583],[129.438553,35.905914],[129.440721,35.906283],[129.442879,35.90669],[129.445025,35.907135],[129.447159,35.907617],[129.44928,35.908137],[129.451387,35.908693],[129.453478,35.909287],[129.455553,35.909917],[129.457611,35.910583],[129.459651,35.911286],[129.461672,35.912023],[129.463672,35.912797],[129.465652,35.913605],[129.46761,35.914447],[129.469545,35.915324],[129.471457,35.916235],[129.473343,35.917179],[129.475205,35.918156],[129.47704,35.919165],[129.478848,35.920206],[129.480628,35.921279],[129.482379,35.922382],[129.484101,35.923516],[129.485792,35.92468],[129.487451,35.925874],[129.489079,35.927096],[129.490674,35.928347],[129.492236,35.929625],[129.493763,35.93093],[129.495255,35.932262],[129.496712,35.93362],[129.498132,35.935003],[129.499515,35.936411],[129.500861,35.937842],[129.502168,35.939297],[129.503437,35.940774],[129.504666,35.942274],[129.505855,35.943794],[129.507003,35.945335],[129.50811,35.946896],[129.509176,35.948476],[129.510199,35.950074],[129.51118,35.95169],[129.512118,35.953323],[129.513012,35.954972],[129.513862,35.956636],[129.514668,35.958314],[129.515429,35.960007],[129.516145,35.961712],[129.516816,35.963429],[129.517441,35.965158],[129.51802,35.966898],[129.518552,35.968647],[129.519038,35.970405],[129.519478,35.972171],[129.51987,35.973944],[129.520215,35.975724],[129.520513,35.97751],[129.520763,35.9793],[129.520965,35.981095],[129.52112,35.982892],[129.521227,35.984692],[129.521287,35.986493],[129.521298,35.988295],[129.521262,35.990097],[129.521177,35.991898],[129.521045,35.993696],[129.520865,35.995492],[129.520638,35.997285],[129.520363,35.999073],[129.52004,36.000856],[129.51967,36.002632],[129.519253,36.004402],[129.518789,36.006164],[129.518278,36.007918],[129.517721,36.009662],[129.517118,36.011396],[129.516468,36.013119],[129.515773,36.01483],[129.515033,36.016528],[129.514247,36.018214],[129.513417,36.019885],[129.512543,36.021541],[129.511625,36.023181],[129.510663,36.024805],[129.509658,36.026411],[129.508611,36.028],[129.507522,36.02957],[129.506392,36.03112],[129.50522,36.03265],[129.504008,36.03416],[129.502756,36.035647],[129.501465,36.037113],[129.500135,36.038555],[129.498767,36.039974],[129.497361,36.041368],[129.495919,36.042737],[129.494441,36.044081],[129.492927,36.045398],[129.491378,36.046689],[129.489796,36.047952],[129.48818,36.049187],[129.486532,36.050393],[129.484851,36.051571],[129.48314,36.052718],[129.481399,36.053835],[129.479629,36.054921],[129.47783,36.055976],[129.476003,36.057],[129.474149,36.057991],[129.47227,36.058949],[129.470365,36.059874],[129.468437,36.060765],[129.466484,36.061622],[129.46451,36.062445],[129.462514,36.063233],[129.460498,36.063986],[129.458462,36.064703],[129.456407,36.065384],[129.454335,36.066029],[129.452246,36.066638],[129.450141,36.06721],[129.448021,36.067744],[129.445888,36.068242],[129.443742,36.068702],[129.441584,36.069124],[129.439416,36.069508],[129.437237,36.069854],[129.43505,36.070161],[129.432856,36.070431],[129.430654,36.070661],[129.428447,36.070853],[129.426236,36.071007],[129.424021,36.071121],[129.421803,36.071196]]]]}},{"type":"Feature","properties":{"ident":null,"name":"SACHEON","type":"Control Zone","airspaceClass":"C","upper":"4 000 AGL","upperFt":4000,"upperRef":"AGL","lower":"SFC","lowerFt":0,"lowerRef":"SFC","remarks":null,"ctr_lbl_1":"SACHEON","category":"관제권","source":"국토교통부 공역정보 KMZ","cycle":"AIP 2026년 10차"},"geometry":{"type":"MultiPolygon","coordinates":[[[[128.072005,35.172046],[128.069811,35.172057],[128.067617,35.172029],[128.065424,35.171963],[128.063234,35.171857],[128.061047,35.171713],[128.058864,35.171529],[128.056686,35.171307],[128.054515,35.171047],[128.052351,35.170748],[128.050196,35.170411],[128.04805,35.170035],[128.045914,35.169622],[128.04379,35.16917],[128.041678,35.168682],[128.039579,35.168155],[128.037495,35.167592],[128.035427,35.166992],[128.033374,35.166355],[128.031339,35.165682],[128.029322,35.164973],[128.027324,35.164228],[128.025346,35.163448],[128.023389,35.162633],[128.021454,35.161784],[128.019542,35.160901],[128.017654,35.159983],[128.01579,35.159033],[128.013952,35.158049],[128.01214,35.157034],[128.010355,35.155986],[128.008598,35.154907],[128.00687,35.153797],[128.005172,35.152656],[128.003504,35.151486],[128.001868,35.150286],[128.000263,35.149058],[127.998691,35.147801],[127.997152,35.146517],[127.995648,35.145206],[127.994179,35.143868],[127.992745,35.142505],[127.991347,35.141116],[127.989986,35.139703],[127.988663,35.138266],[127.987377,35.136806],[127.986131,35.135324],[127.984924,35.13382],[127.983756,35.132295],[127.982629,35.130749],[127.981543,35.129184],[127.980499,35.127599],[127.979496,35.125997],[127.978536,35.124377],[127.977618,35.122741],[127.976744,35.121089],[127.975914,35.119421],[127.975127,35.117739],[127.974385,35.116044],[127.973688,35.114336],[127.973035,35.112616],[127.972428,35.110885],[127.971867,35.109143],[127.971352,35.107392],[127.970883,35.105632],[127.97046,35.103864],[127.970084,35.102089],[127.969754,35.100308],[127.969471,35.098521],[127.969236,35.09673],[127.969047,35.094935],[127.968906,35.093137],[127.968812,35.091337],[127.968765,35.089536],[127.968766,35.087734],[127.968814,35.085933],[127.968909,35.084133],[127.969051,35.082335],[127.969241,35.08054],[127.969478,35.078749],[127.969761,35.076963],[127.970092,35.075182],[127.970469,35.073407],[127.970893,35.071639],[127.971363,35.06988],[127.971879,35.068129],[127.972441,35.066387],[127.973048,35.064656],[127.973701,35.062936],[127.974399,35.061229],[127.975141,35.059534],[127.975928,35.057852],[127.976759,35.056185],[127.977633,35.054533],[127.97855,35.052897],[127.97951,35.051277],[127.980513,35.049675],[127.981557,35.048092],[127.982642,35.046527],[127.983768,35.044981],[127.984935,35.043456],[127.986141,35.041952],[127.987386,35.04047],[127.98867,35.03901],[127.989992,35.037574],[127.991351,35.036161],[127.992747,35.034773],[127.994179,35.033409],[127.995646,35.032072],[127.997148,35.030761],[127.998684,35.029476],[128.000253,35.02822],[128.001855,35.026991],[128.003489,35.025791],[128.005154,35.024621],[128.006849,35.02348],[128.008574,35.02237],[128.010327,35.02129],[128.012108,35.020242],[128.013917,35.019226],[128.015751,35.018242],[128.017611,35.01729],[128.019495,35.016372],[128.021403,35.015488],[128.023333,35.014638],[128.025286,35.013822],[128.027259,35.013041],[128.029253,35.012295],[128.031265,35.011585],[128.033295,35.010911],[128.035343,35.010273],[128.037407,35.009671],[128.039486,35.009106],[128.04158,35.008578],[128.043687,35.008087],[128.045806,35.007634],[128.047937,35.007219],[128.050078,35.006841],[128.052228,35.006502],[128.054387,35.006201],[128.056553,35.005938],[128.058725,35.005714],[128.060903,35.005528],[128.063086,35.005381],[128.065271,35.005273],[128.067459,35.005203],[128.069648,35.005173],[128.071838,35.005181],[128.074027,35.005228],[128.076214,35.005314],[128.078398,35.005439],[128.080578,35.005602],[128.082754,35.005804],[128.084924,35.006045],[128.087087,35.006324],[128.089243,35.006642],[128.091389,35.006997],[128.093526,35.007391],[128.095652,35.007822],[128.097766,35.008291],[128.099867,35.008798],[128.101955,35.009342],[128.104028,35.009922],[128.106085,35.010539],[128.108125,35.011193],[128.110148,35.011883],[128.112153,35.012608],[128.114138,35.013369],[128.116102,35.014165],[128.118045,35.014995],[128.119966,35.01586],[128.121864,35.016759],[128.123738,35.017691],[128.125587,35.018656],[128.127411,35.019654],[128.129208,35.020684],[128.130977,35.021745],[128.132718,35.022838],[128.13443,35.023961],[128.136113,35.025115],[128.137764,35.026298],[128.139385,35.02751],[128.140973,35.028751],[128.142528,35.030019],[128.14405,35.031315],[128.145537,35.032637],[128.14699,35.033986],[128.148407,35.03536],[128.149787,35.036759],[128.15113,35.038182],[128.152436,35.039628],[128.153704,35.041098],[128.154932,35.042589],[128.156122,35.044102],[128.157271,35.045636],[128.15838,35.04719],[128.159448,35.048763],[128.160474,35.050354],[128.161458,35.051964],[128.1624,35.05359],[128.163299,35.055233],[128.164155,35.056892],[128.164967,35.058565],[128.165735,35.060253],[128.166458,35.061953],[128.167137,35.063666],[128.167771,35.065391],[128.168359,35.067126],[128.168901,35.068872],[128.169398,35.070627],[128.169848,35.07239],[128.170252,35.074161],[128.17061,35.075938],[128.17092,35.077722],[128.171184,35.07951],[128.171401,35.081303],[128.17157,35.083099],[128.171693,35.084898],[128.171768,35.086699],[128.171796,35.0885],[128.171776,35.090302],[128.171709,35.092103],[128.171595,35.093902],[128.171434,35.095699],[128.171225,35.097492],[128.170969,35.099281],[128.170667,35.101066],[128.170317,35.102844],[128.169921,35.104616],[128.169479,35.106381],[128.16899,35.108137],[128.168455,35.109885],[128.167874,35.111622],[128.167248,35.113349],[128.166577,35.115064],[128.16586,35.116766],[128.165099,35.118456],[128.164294,35.120132],[128.163445,35.121793],[128.162552,35.123439],[128.161616,35.125068],[128.160638,35.126681],[128.159617,35.128275],[128.158555,35.129851],[128.157452,35.131408],[128.156308,35.132946],[128.155123,35.134462],[128.153899,35.135957],[128.152636,35.13743],[128.151335,35.13888],[128.149995,35.140307],[128.148619,35.14171],[128.147205,35.143087],[128.145756,35.14444],[128.144272,35.145766],[128.142753,35.147066],[128.1412,35.148339],[128.139614,35.149584],[128.137996,35.1508],[128.136346,35.151987],[128.134665,35.153145],[128.132954,35.154272],[128.131213,35.155369],[128.129445,35.156435],[128.127648,35.157469],[128.125825,35.158471],[128.123976,35.159441],[128.122101,35.160377],[128.120203,35.16128],[128.118281,35.162149],[128.116337,35.162984],[128.114371,35.163784],[128.112384,35.164549],[128.110378,35.165279],[128.108353,35.165973],[128.106311,35.16663],[128.104251,35.167251],[128.102176,35.167836],[128.100085,35.168384],[128.097981,35.168894],[128.095864,35.169367],[128.093734,35.169802],[128.091594,35.170199],[128.089444,35.170559],[128.087285,35.17088],[128.085118,35.171162],[128.082944,35.171407],[128.080764,35.171612],[128.078579,35.171779],[128.07639,35.171907],[128.074199,35.171996],[128.072005,35.172046]]]]}},{"type":"Feature","properties":{"ident":null,"name":"SEOUL","type":"Control Zone","airspaceClass":"D","upper":"4 000 AGL","upperFt":4000,"upperRef":"AGL","lower":"SFC","lowerFt":0,"lowerRef":"SFC","remarks":null,"ctr_lbl_1":"SEOUL","category":"관제권","source":"국토교통부 공역정보 KMZ","cycle":"AIP 2026년 10차"},"geometry":{"type":"MultiPolygon","coordinates":[[[[127.114906,37.529266],[127.112644,37.529259],[127.110383,37.529214],[127.108123,37.529129],[127.105866,37.529006],[127.103614,37.528843],[127.101366,37.528642],[127.099124,37.528403],[127.096889,37.528124],[127.094663,37.527808],[127.092445,37.527453],[127.090238,37.52706],[127.088041,37.526629],[127.085857,37.52616],[127.083687,37.525654],[127.08153,37.525111],[127.079389,37.524531],[127.077264,37.523914],[127.075156,37.52326],[127.073067,37.522571],[127.070996,37.521845],[127.068946,37.521084],[127.066917,37.520288],[127.064911,37.519458],[127.062927,37.518593],[127.060967,37.517693],[127.059032,37.516761],[127.057123,37.515795],[127.05524,37.514797],[127.053385,37.513767],[127.051559,37.512704],[127.049761,37.511611],[127.047994,37.510487],[127.046258,37.509333],[127.044553,37.508149],[127.042881,37.506936],[127.041243,37.505695],[127.039638,37.504426],[127.038068,37.503129],[127.036534,37.501806],[127.035036,37.500456],[127.033575,37.499081],[127.032152,37.497682],[127.030767,37.496258],[127.029421,37.49481],[127.028114,37.49334],[127.026848,37.491848],[127.025623,37.490334],[127.024439,37.4888],[127.023296,37.487245],[127.022196,37.485671],[127.02114,37.484079],[127.020126,37.482468],[127.019157,37.480841],[127.018232,37.479197],[127.017351,37.477538],[127.016516,37.475864],[127.015726,37.474176],[127.014983,37.472475],[127.014285,37.470762],[127.013635,37.469036],[127.013031,37.4673],[127.012474,37.465554],[127.011965,37.463799],[127.011503,37.462036],[127.01109,37.460265],[127.010724,37.458487],[127.010407,37.456704],[127.010138,37.454915],[127.009917,37.453122],[127.009746,37.451326],[127.009622,37.449527],[127.009548,37.447727],[127.009522,37.445925],[127.009546,37.444124],[127.009618,37.442323],[127.009738,37.440524],[127.009908,37.438728],[127.010126,37.436935],[127.010392,37.435146],[127.010707,37.433362],[127.01107,37.431584],[127.011481,37.429813],[127.01194,37.428049],[127.012446,37.426293],[127.013,37.424547],[127.013601,37.42281],[127.014249,37.421085],[127.014944,37.41937],[127.015684,37.417668],[127.016471,37.41598],[127.017303,37.414305],[127.01818,37.412645],[127.019101,37.411],[127.020067,37.409372],[127.021077,37.407761],[127.02213,37.406167],[127.023226,37.404592],[127.024365,37.403036],[127.025545,37.4015],[127.026766,37.399985],[127.028028,37.398491],[127.02933,37.397019],[127.030672,37.39557],[127.032052,37.394145],[127.033471,37.392743],[127.034927,37.391367],[127.03642,37.390015],[127.037949,37.38869],[127.039514,37.387391],[127.041113,37.38612],[127.042746,37.384876],[127.044413,37.383661],[127.046112,37.382474],[127.047842,37.381318],[127.049604,37.380191],[127.051395,37.379095],[127.053216,37.37803],[127.055065,37.376996],[127.056941,37.375995],[127.058845,37.375026],[127.060773,37.37409],[127.062727,37.373188],[127.064705,37.372319],[127.066705,37.371485],[127.068728,37.370685],[127.070771,37.369921],[127.072835,37.369191],[127.074918,37.368498],[127.07702,37.36784],[127.079138,37.367219],[127.081273,37.366634],[127.083423,37.366086],[127.085588,37.365575],[127.087766,37.365102],[127.089956,37.364666],[127.092157,37.364269],[127.094368,37.363909],[127.096589,37.363587],[127.098818,37.363303],[127.101054,37.363058],[127.103296,37.362852],[127.105543,37.362684],[127.107794,37.362555],[127.110048,37.362465],[127.112304,37.362413],[127.114561,37.3624],[127.116818,37.362427],[127.119073,37.362492],[127.121326,37.362595],[127.123576,37.362738],[127.125822,37.362919],[127.128062,37.363139],[127.130295,37.363398],[127.132522,37.363694],[127.134739,37.36403],[127.136947,37.364403],[127.139145,37.364814],[127.141331,37.365263],[127.143504,37.365749],[127.145663,37.366273],[127.147808,37.366833],[127.149938,37.367431],[127.15205,37.368065],[127.154145,37.368735],[127.156222,37.369441],[127.158279,37.370183],[127.160315,37.37096],[127.16233,37.371771],[127.164323,37.372618],[127.166292,37.373498],[127.168237,37.374412],[127.170157,37.37536],[127.172051,37.37634],[127.173918,37.377352],[127.175758,37.378397],[127.177568,37.379473],[127.179349,37.38058],[127.1811,37.381717],[127.18282,37.382884],[127.184508,37.38408],[127.186163,37.385306],[127.187784,37.386559],[127.189372,37.38784],[127.190924,37.389148],[127.192441,37.390483],[127.193921,37.391843],[127.195364,37.393228],[127.196769,37.394638],[127.198136,37.396072],[127.199464,37.397529],[127.200753,37.399009],[127.202,37.40051],[127.203207,37.402032],[127.204373,37.403575],[127.205497,37.405138],[127.206578,37.40672],[127.207616,37.408319],[127.208611,37.409937],[127.209561,37.411571],[127.210467,37.413221],[127.211329,37.414886],[127.212145,37.416566],[127.212916,37.418259],[127.21364,37.419966],[127.214318,37.421684],[127.21495,37.423413],[127.215535,37.425154],[127.216072,37.426903],[127.216562,37.428662],[127.217004,37.430428],[127.217399,37.432202],[127.217745,37.433982],[127.218043,37.435768],[127.218292,37.437559],[127.218493,37.439353],[127.218646,37.44115],[127.21875,37.44295],[127.218805,37.444751],[127.218811,37.446552],[127.218768,37.448353],[127.218677,37.450153],[127.218537,37.451951],[127.218348,37.453746],[127.218111,37.455538],[127.217825,37.457325],[127.217491,37.459107],[127.217109,37.460882],[127.216678,37.46265],[127.2162,37.464411],[127.215674,37.466163],[127.215101,37.467906],[127.214481,37.469638],[127.213814,37.471359],[127.2131,37.473069],[127.212341,37.474765],[127.211535,37.476448],[127.210684,37.478117],[127.209788,37.479771],[127.208848,37.481409],[127.207863,37.483031],[127.206834,37.484635],[127.205762,37.486221],[127.204648,37.487788],[127.203491,37.489336],[127.202292,37.490863],[127.201052,37.49237],[127.199772,37.493854],[127.198452,37.495317],[127.197092,37.496756],[127.195694,37.498172],[127.194257,37.499563],[127.192783,37.500929],[127.191273,37.502269],[127.189726,37.503583],[127.188144,37.504871],[127.186527,37.50613],[127.184877,37.507362],[127.183194,37.508564],[127.181478,37.509738],[127.179731,37.510882],[127.177953,37.511995],[127.176146,37.513078],[127.174309,37.514129],[127.172444,37.515148],[127.170552,37.516135],[127.168634,37.517089],[127.16669,37.51801],[127.164722,37.518897],[127.16273,37.519751],[127.160716,37.520569],[127.158679,37.521353],[127.156622,37.522102],[127.154545,37.522815],[127.152449,37.523492],[127.150335,37.524133],[127.148204,37.524737],[127.146058,37.525304],[127.143896,37.525835],[127.141721,37.526328],[127.139532,37.526783],[127.137332,37.527201],[127.135121,37.527581],[127.1329,37.527922],[127.13067,37.528226],[127.128433,37.52849],[127.126189,37.528717],[127.123939,37.528904],[127.121685,37.529053],[127.119428,37.529163],[127.117167,37.529234],[127.114906,37.529266]]]]}},{"type":"Feature","properties":{"ident":null,"name":"ULJIN","type":"Control Zone","airspaceClass":"D","upper":"2 500 AGL","upperFt":2500,"upperRef":"AGL","lower":"SFC","lowerFt":0,"lowerRef":"SFC","remarks":null,"ctr_lbl_1":"ULJIN","category":"관제권","source":"국토교통부 공역정보 KMZ","cycle":"AIP 2026년 10차"},"geometry":{"type":"MultiPolygon","coordinates":[[[[129.458333,36.898611],[129.378889,36.87861],[129.393798,36.840071],[129.392119,36.838878],[129.390472,36.837656],[129.388859,36.836405],[129.387279,36.835127],[129.385735,36.833821],[129.384226,36.832489],[129.382753,36.831131],[129.381316,36.829748],[129.379918,36.82834],[129.378558,36.826908],[129.377236,36.825453],[129.375954,36.823976],[129.374712,36.822476],[129.37351,36.820955],[129.37235,36.819414],[129.371231,36.817853],[129.370155,36.816273],[129.369121,36.814674],[129.368131,36.813058],[129.367184,36.811425],[129.366281,36.809776],[129.365423,36.808112],[129.36461,36.806433],[129.363842,36.804741],[129.36312,36.803035],[129.362444,36.801318],[129.361814,36.799589],[129.36123,36.797849],[129.360694,36.7961],[129.360204,36.794342],[129.359762,36.792576],[129.359368,36.790802],[129.359021,36.789022],[129.358722,36.787237],[129.358471,36.785447],[129.358268,36.783652],[129.358113,36.781855],[129.358007,36.780055],[129.357949,36.778254],[129.357939,36.776453],[129.357978,36.774651],[129.358065,36.772851],[129.3582,36.771053],[129.358384,36.769257],[129.358615,36.767465],[129.358895,36.765678],[129.359223,36.763895],[129.359598,36.762119],[129.360021,36.76035],[129.360491,36.758588],[129.361009,36.756836],[129.361573,36.755092],[129.362184,36.753359],[129.362841,36.751636],[129.363544,36.749926],[129.364293,36.748228],[129.365087,36.746544],[129.365927,36.744873],[129.36681,36.743218],[129.367738,36.741578],[129.36871,36.739955],[129.369725,36.73835],[129.370783,36.736762],[129.371883,36.735193],[129.373025,36.733643],[129.374208,36.732114],[129.375432,36.730605],[129.376696,36.729118],[129.377999,36.727654],[129.379341,36.726212],[129.380722,36.724794],[129.382141,36.7234],[129.383596,36.722032],[129.385088,36.720688],[129.386615,36.719372],[129.388177,36.718081],[129.389774,36.716819],[129.391403,36.715584],[129.393066,36.714378],[129.39476,36.713201],[129.396486,36.712054],[129.398242,36.710937],[129.400027,36.709851],[129.401841,36.708796],[129.403683,36.707773],[129.405552,36.706782],[129.407446,36.705824],[129.409366,36.704899],[129.411311,36.704007],[129.413279,36.703149],[129.415269,36.702326],[129.417281,36.701538],[129.419313,36.700784],[129.421365,36.700067],[129.423436,36.699385],[129.425525,36.698739],[129.42763,36.698129],[129.429752,36.697556],[129.431888,36.697021],[129.434038,36.696522],[129.4362,36.696061],[129.438375,36.695637],[129.44056,36.695252],[129.442756,36.694904],[129.44496,36.694595],[129.447172,36.694324],[129.44939,36.694091],[129.450502,36.693995],[129.465278,36.655278],[129.544444,36.675278],[129.52947,36.713821],[129.530267,36.714378],[129.531929,36.715584],[129.533559,36.716819],[129.535155,36.718081],[129.536717,36.719372],[129.538245,36.720688],[129.539736,36.722032],[129.541192,36.7234],[129.54261,36.724794],[129.543991,36.726212],[129.545333,36.727654],[129.546637,36.729118],[129.547901,36.730605],[129.549125,36.732114],[129.550308,36.733643],[129.55145,36.735193],[129.55255,36.736762],[129.553607,36.73835],[129.554622,36.739955],[129.555594,36.741578],[129.556522,36.743218],[129.557406,36.744873],[129.558245,36.746544],[129.559039,36.748228],[129.559788,36.749926],[129.560492,36.751636],[129.561149,36.753359],[129.56176,36.755092],[129.562324,36.756836],[129.562841,36.758588],[129.563311,36.76035],[129.563734,36.762119],[129.56411,36.763895],[129.564437,36.765678],[129.564717,36.767465],[129.564949,36.769257],[129.565132,36.771053],[129.565267,36.772851],[129.565354,36.774651],[129.565393,36.776453],[129.565383,36.778254],[129.565325,36.780055],[129.565219,36.781855],[129.565064,36.783652],[129.564862,36.785447],[129.564611,36.787237],[129.564312,36.789022],[129.563965,36.790802],[129.56357,36.792576],[129.563128,36.794342],[129.562639,36.7961],[129.562102,36.797849],[129.561519,36.799589],[129.560889,36.801318],[129.560212,36.803035],[129.55949,36.804741],[129.558722,36.806433],[129.557909,36.808112],[129.557051,36.809776],[129.556148,36.811425],[129.555201,36.813058],[129.554211,36.814674],[129.553177,36.816273],[129.552101,36.817853],[129.550982,36.819414],[129.549822,36.820955],[129.548621,36.822476],[129.547378,36.823976],[129.546096,36.825453],[129.544775,36.826908],[129.543414,36.82834],[129.542016,36.829748],[129.54058,36.831131],[129.539107,36.832489],[129.537598,36.833821],[129.536053,36.835127],[129.534474,36.836405],[129.53286,36.837656],[129.531214,36.838878],[129.529534,36.840071],[129.527824,36.841235],[129.526082,36.842369],[129.52431,36.843473],[129.522509,36.844545],[129.520679,36.845586],[129.518822,36.846595],[129.516938,36.847572],[129.515028,36.848515],[129.513094,36.849425],[129.511135,36.850301],[129.509153,36.851143],[129.507149,36.851951],[129.505123,36.852723],[129.503078,36.85346],[129.501013,36.854162],[129.498929,36.854827],[129.496829,36.855456],[129.494711,36.856048],[129.492578,36.856604],[129.490431,36.857122],[129.488271,36.857603],[129.486098,36.858046],[129.483913,36.858452],[129.481718,36.858819],[129.479514,36.859148],[129.477301,36.859439],[129.475081,36.859691],[129.472855,36.859905],[129.458333,36.898611]]]]}},{"type":"Feature","properties":{"ident":null,"name":"ULSAN","type":"Control Zone","airspaceClass":"D","upper":"3 000 AGL","upperFt":3000,"upperRef":"AGL","lower":"SFC","lowerFt":0,"lowerRef":"SFC","remarks":null,"ctr_lbl_1":"ULSAN","category":"관제권","source":"국토교통부 공역정보 KMZ","cycle":"AIP 2026년 10차"},"geometry":{"type":"MultiPolygon","coordinates":[[[[129.355327,35.676751],[129.353119,35.676786],[129.350911,35.676783],[129.348703,35.67674],[129.346497,35.676658],[129.344293,35.676538],[129.342094,35.676379],[129.339899,35.676181],[129.337709,35.675944],[129.335527,35.675669],[129.333352,35.675355],[129.331186,35.675003],[129.32903,35.674613],[129.326885,35.674185],[129.324752,35.67372],[129.322631,35.673217],[129.320525,35.672676],[129.318433,35.672099],[129.316357,35.671484],[129.314298,35.670834],[129.312256,35.670147],[129.310233,35.669424],[129.30823,35.668666],[129.306248,35.667872],[129.304286,35.667044],[129.302348,35.666182],[129.300432,35.665285],[129.298541,35.664355],[129.296675,35.663392],[129.294835,35.662396],[129.293022,35.661368],[129.291236,35.660308],[129.289479,35.659217],[129.287751,35.658095],[129.286053,35.656943],[129.284387,35.655761],[129.282752,35.65455],[129.281149,35.653311],[129.27958,35.652044],[129.278044,35.650749],[129.276544,35.649427],[129.275078,35.64808],[129.273649,35.646707],[129.272256,35.645308],[129.270901,35.643886],[129.269584,35.64244],[129.268305,35.640971],[129.267065,35.63948],[129.265866,35.637968],[129.264706,35.636435],[129.263588,35.634881],[129.26251,35.633309],[129.261475,35.631717],[129.260482,35.630108],[129.259532,35.628482],[129.258625,35.626839],[129.257762,35.62518],[129.256943,35.623507],[129.256168,35.62182],[129.255439,35.62012],[129.254754,35.618407],[129.254115,35.616682],[129.253522,35.614946],[129.252974,35.613201],[129.252474,35.611446],[129.252019,35.609683],[129.251611,35.607912],[129.251251,35.606134],[129.250937,35.604351],[129.250671,35.602562],[129.250451,35.600769],[129.25028,35.598973],[129.250156,35.597174],[129.250079,35.595373],[129.25005,35.593571],[129.250069,35.591769],[129.250136,35.589968],[129.25025,35.588169],[129.250411,35.586372],[129.25062,35.584578],[129.250876,35.582788],[129.25118,35.581004],[129.25153,35.579225],[129.251928,35.577452],[129.252372,35.575688],[129.252863,35.573931],[129.2534,35.572183],[129.253983,35.570445],[129.254612,35.568718],[129.255286,35.567003],[129.256006,35.5653],[129.25677,35.563609],[129.257579,35.561933],[129.258431,35.560272],[129.259328,35.558625],[129.260267,35.556995],[129.26125,35.555382],[129.262275,35.553787],[129.263341,35.55221],[129.264449,35.550652],[129.265598,35.549114],[129.266788,35.547597],[129.268017,35.546101],[129.269285,35.544627],[129.270591,35.543176],[129.271936,35.541748],[129.273318,35.540344],[129.274737,35.538965],[129.276192,35.537612],[129.277682,35.536284],[129.279207,35.534983],[129.280766,35.533709],[129.282358,35.532463],[129.283983,35.531245],[129.285639,35.530056],[129.287326,35.528897],[129.289044,35.527767],[129.29079,35.526668],[129.292566,35.525601],[129.294369,35.524564],[129.296199,35.52356],[129.298055,35.522589],[129.299936,35.52165],[129.301842,35.520745],[129.303771,35.519873],[129.305722,35.519036],[129.307695,35.518233],[129.309689,35.517465],[129.311703,35.516733],[129.313735,35.516036],[129.315785,35.515376],[129.317853,35.514751],[129.319936,35.514164],[129.322034,35.513613],[129.324146,35.513099],[129.326272,35.512622],[129.328409,35.512184],[129.330557,35.511783],[129.332716,35.51142],[129.334883,35.511095],[129.337059,35.510808],[129.339242,35.51056],[129.34143,35.51035],[129.343624,35.510179],[129.345822,35.510047],[129.348022,35.509954],[129.350225,35.509899],[129.352429,35.509883],[129.354632,35.509906],[129.356834,35.509968],[129.359035,35.510069],[129.361232,35.510208],[129.363424,35.510387],[129.365612,35.510603],[129.367793,35.510859],[129.369968,35.511153],[129.372134,35.511485],[129.37429,35.511855],[129.376437,35.512263],[129.378572,35.512709],[129.380695,35.513192],[129.382804,35.513713],[129.3849,35.514271],[129.38698,35.514866],[129.389044,35.515497],[129.391091,35.516164],[129.39312,35.516868],[129.39513,35.517607],[129.39712,35.518381],[129.399089,35.51919],[129.401037,35.520034],[129.402961,35.520912],[129.404863,35.521823],[129.406739,35.522768],[129.40859,35.523746],[129.410415,35.524756],[129.412213,35.525798],[129.413983,35.526872],[129.415725,35.527977],[129.417437,35.529112],[129.419118,35.530277],[129.420769,35.531471],[129.422387,35.532694],[129.423973,35.533946],[129.425526,35.535225],[129.427044,35.536531],[129.428528,35.537863],[129.429976,35.539222],[129.431388,35.540606],[129.432763,35.542014],[129.434101,35.543446],[129.4354,35.544902],[129.436661,35.54638],[129.437883,35.54788],[129.439064,35.549401],[129.440206,35.550943],[129.441306,35.552504],[129.442365,35.554084],[129.443382,35.555683],[129.444356,35.557299],[129.445288,35.558933],[129.446176,35.560582],[129.447021,35.562246],[129.447821,35.563925],[129.448577,35.565618],[129.449288,35.567324],[129.449954,35.569041],[129.450574,35.57077],[129.451148,35.57251],[129.451677,35.574259],[129.452159,35.576018],[129.452594,35.577784],[129.452983,35.579558],[129.453325,35.581338],[129.45362,35.583124],[129.453867,35.584914],[129.454067,35.586708],[129.45422,35.588506],[129.454325,35.590306],[129.454382,35.592107],[129.454392,35.593909],[129.454354,35.59571],[129.454269,35.597511],[129.454136,35.59931],[129.453955,35.601105],[129.453727,35.602898],[129.453452,35.604685],[129.45313,35.606468],[129.45276,35.608244],[129.452344,35.610014],[129.45188,35.611776],[129.451371,35.613529],[129.450815,35.615272],[129.450213,35.617006],[129.449565,35.618729],[129.448872,35.620439],[129.448134,35.622137],[129.447351,35.623822],[129.446524,35.625493],[129.445652,35.627148],[129.444737,35.628788],[129.443779,35.630411],[129.442778,35.632017],[129.441735,35.633605],[129.44065,35.635174],[129.439524,35.636724],[129.438357,35.638253],[129.43715,35.639762],[129.435903,35.641249],[129.434617,35.642713],[129.433292,35.644155],[129.43193,35.645572],[129.43053,35.646966],[129.429094,35.648334],[129.427622,35.649677],[129.426115,35.650994],[129.424573,35.652283],[129.422997,35.653545],[129.421388,35.65478],[129.419747,35.655985],[129.418075,35.657161],[129.416371,35.658308],[129.414638,35.659424],[129.412876,35.660509],[129.411085,35.661563],[129.409266,35.662585],[129.407421,35.663575],[129.40555,35.664532],[129.403655,35.665456],[129.401735,35.666346],[129.399792,35.667202],[129.397827,35.668024],[129.39584,35.668811],[129.393833,35.669562],[129.391807,35.670278],[129.389762,35.670958],[129.387699,35.671602],[129.38562,35.67221],[129.383526,35.67278],[129.381416,35.673314],[129.379293,35.67381],[129.377158,35.674269],[129.37501,35.674689],[129.372853,35.675072],[129.370685,35.675417],[129.368509,35.675723],[129.366325,35.675991],[129.364134,35.676221],[129.361938,35.676412],[129.359738,35.676564],[129.357534,35.676677],[129.355327,35.676751]]]]}},{"type":"Feature","properties":{"ident":null,"name":"WONJU","type":"Control Zone","airspaceClass":"C","upper":"5 000 AGL","upperFt":5000,"upperRef":"AGL","lower":"SFC","lowerFt":0,"lowerRef":"SFC","remarks":null,"ctr_lbl_1":"WONJU","category":"관제권","source":"국토교통부 공역정보 KMZ","cycle":"AIP 2026년 10차"},"geometry":{"type":"MultiPolygon","coordinates":[[[[127.962237,37.521803],[127.959975,37.521813],[127.957713,37.521783],[127.955453,37.521714],[127.953196,37.521606],[127.950941,37.52146],[127.948692,37.521275],[127.946447,37.521051],[127.94421,37.520788],[127.94198,37.520487],[127.939759,37.520148],[127.937547,37.519771],[127.935347,37.519355],[127.933158,37.518902],[127.930982,37.518411],[127.928819,37.517883],[127.926672,37.517318],[127.92454,37.516716],[127.922426,37.516077],[127.920329,37.515402],[127.918251,37.514691],[127.916193,37.513945],[127.914155,37.513163],[127.912139,37.512347],[127.910146,37.511495],[127.908177,37.51061],[127.906232,37.509691],[127.904312,37.508739],[127.902419,37.507754],[127.900553,37.506737],[127.898714,37.505687],[127.896905,37.504607],[127.895126,37.503495],[127.893377,37.502353],[127.89166,37.501182],[127.889974,37.499981],[127.888322,37.498751],[127.886704,37.497493],[127.88512,37.496207],[127.883571,37.494895],[127.882058,37.493556],[127.880582,37.492191],[127.879144,37.490802],[127.877743,37.489388],[127.876381,37.48795],[127.875059,37.486489],[127.873776,37.485005],[127.872534,37.4835],[127.871333,37.481974],[127.870174,37.480427],[127.869057,37.478861],[127.867982,37.477276],[127.866951,37.475673],[127.865964,37.474053],[127.86502,37.472416],[127.864122,37.470763],[127.863268,37.469095],[127.86246,37.467412],[127.861698,37.465717],[127.860981,37.464008],[127.860312,37.462287],[127.859689,37.460556],[127.859113,37.458814],[127.858584,37.457062],[127.858103,37.455302],[127.85767,37.453534],[127.857285,37.451759],[127.856948,37.449978],[127.856659,37.448191],[127.856419,37.4464],[127.856227,37.444605],[127.856084,37.442807],[127.85599,37.441007],[127.855944,37.439206],[127.855948,37.437405],[127.856,37.435604],[127.856101,37.433804],[127.85625,37.432006],[127.856448,37.430212],[127.856695,37.428421],[127.85699,37.426635],[127.857333,37.424855],[127.857725,37.42308],[127.858164,37.421313],[127.858651,37.419554],[127.859185,37.417804],[127.859767,37.416063],[127.860396,37.414333],[127.861071,37.412614],[127.861793,37.410907],[127.862561,37.409213],[127.863374,37.407532],[127.864233,37.405866],[127.865136,37.404215],[127.866084,37.40258],[127.867076,37.400962],[127.868111,37.399361],[127.86919,37.397778],[127.870311,37.396214],[127.871474,37.39467],[127.872678,37.393146],[127.873923,37.391644],[127.875209,37.390163],[127.876535,37.388704],[127.877899,37.387269],[127.879302,37.385858],[127.880743,37.384471],[127.882221,37.383109],[127.883735,37.381773],[127.885285,37.380463],[127.88687,37.37918],[127.88849,37.377925],[127.890142,37.376698],[127.891828,37.3755],[127.893546,37.374331],[127.895295,37.373192],[127.897074,37.372084],[127.898882,37.371006],[127.90072,37.369959],[127.902585,37.368945],[127.904477,37.367963],[127.906395,37.367013],[127.908339,37.366097],[127.910306,37.365215],[127.912297,37.364366],[127.914311,37.363552],[127.916346,37.362773],[127.918402,37.36203],[127.920477,37.361321],[127.922571,37.360649],[127.924682,37.360013],[127.92681,37.359413],[127.928954,37.35885],[127.931112,37.358324],[127.933285,37.357836],[127.93547,37.357385],[127.937666,37.356971],[127.939873,37.356596],[127.94209,37.356258],[127.944316,37.355959],[127.946549,37.355699],[127.948788,37.355476],[127.951033,37.355293],[127.953283,37.355148],[127.955535,37.355042],[127.95779,37.354974],[127.960047,37.354946],[127.962304,37.354956],[127.964559,37.355005],[127.966813,37.355093],[127.969065,37.35522],[127.971312,37.355385],[127.973554,37.35559],[127.97579,37.355832],[127.978019,37.356113],[127.98024,37.356433],[127.982452,37.356791],[127.984654,37.357186],[127.986844,37.35762],[127.989023,37.358091],[127.991188,37.358599],[127.993339,37.359145],[127.995474,37.359727],[127.997594,37.360346],[127.999696,37.361002],[128.00178,37.361693],[128.003845,37.36242],[128.005889,37.363183],[128.007913,37.363981],[128.009915,37.364813],[128.011894,37.365679],[128.013848,37.36658],[128.015779,37.367514],[128.017683,37.36848],[128.019561,37.36948],[128.021412,37.370511],[128.023234,37.371575],[128.025027,37.372669],[128.02679,37.373794],[128.028522,37.374949],[128.030223,37.376133],[128.031891,37.377347],[128.033527,37.378589],[128.035128,37.379859],[128.036694,37.381156],[128.038226,37.382479],[128.039721,37.383829],[128.041179,37.385204],[128.0426,37.386604],[128.043982,37.388029],[128.045326,37.389476],[128.046631,37.390947],[128.047895,37.392439],[128.049119,37.393953],[128.050301,37.395488],[128.051442,37.397043],[128.05254,37.398617],[128.053596,37.400209],[128.054608,37.401819],[128.055577,37.403447],[128.056501,37.40509],[128.057381,37.406749],[128.058215,37.408423],[128.059004,37.410111],[128.059748,37.411812],[128.060445,37.413526],[128.061095,37.415251],[128.061699,37.416987],[128.062256,37.418733],[128.062765,37.420488],[128.063227,37.422251],[128.063641,37.424022],[128.064007,37.4258],[128.064324,37.427583],[128.064594,37.429372],[128.064815,37.431165],[128.064987,37.432961],[128.065111,37.43476],[128.065185,37.43656],[128.065212,37.438362],[128.065189,37.440163],[128.065118,37.441964],[128.064997,37.443763],[128.064829,37.445559],[128.064611,37.447352],[128.064345,37.449141],[128.064031,37.450925],[128.063668,37.452703],[128.063257,37.454475],[128.062799,37.456238],[128.062292,37.457994],[128.061739,37.459741],[128.061138,37.461477],[128.06049,37.463203],[128.059795,37.464917],[128.059055,37.466619],[128.058268,37.468308],[128.057435,37.469983],[128.056558,37.471643],[128.055635,37.473288],[128.054669,37.474916],[128.053658,37.476527],[128.052604,37.478121],[128.051507,37.479696],[128.050367,37.481252],[128.049186,37.482788],[128.047963,37.484303],[128.046699,37.485796],[128.045395,37.487268],[128.044051,37.488717],[128.042669,37.490142],[128.041248,37.491543],[128.039789,37.49292],[128.038294,37.494271],[128.036762,37.495596],[128.035194,37.496894],[128.033592,37.498165],[128.031956,37.499408],[128.030286,37.500622],[128.028583,37.501808],[128.026849,37.502964],[128.025084,37.50409],[128.023289,37.505185],[128.021464,37.506249],[128.019611,37.507281],[128.01773,37.508282],[128.015823,37.509249],[128.013889,37.510184],[128.011931,37.511085],[128.009949,37.511952],[128.007944,37.512785],[128.005916,37.513583],[128.003868,37.514346],[128.001799,37.515073],[127.999711,37.515765],[127.997604,37.516421],[127.99548,37.51704],[127.99334,37.517623],[127.991185,37.518168],[127.989015,37.518677],[127.986832,37.519147],[127.984637,37.519581],[127.98243,37.519976],[127.980214,37.520333],[127.977988,37.520652],[127.975754,37.520933],[127.973512,37.521175],[127.971265,37.521378],[127.969013,37.521543],[127.966757,37.521668],[127.964497,37.521755],[127.962237,37.521803]]]]}},{"type":"Feature","properties":{"ident":null,"name":"YANGYANG","type":"Control Zone","airspaceClass":"D","upper":"3 000 AGL","upperFt":3000,"upperRef":"AGL","lower":"SFC","lowerFt":0,"lowerRef":"SFC","remarks":null,"ctr_lbl_1":"YANGYANG","category":"관제권","source":"국토교통부 공역정보 KMZ","cycle":"AIP 2026년 10차"},"geometry":{"type":"MultiPolygon","coordinates":[[[[128.671621,38.144775],[128.669341,38.144798],[128.667061,38.144781],[128.664782,38.144726],[128.662504,38.144631],[128.66023,38.144498],[128.65796,38.144326],[128.655696,38.144116],[128.653437,38.143866],[128.651186,38.143579],[128.648944,38.143253],[128.646711,38.142888],[128.644488,38.142486],[128.642277,38.142046],[128.640078,38.141568],[128.637894,38.141053],[128.635723,38.1405],[128.633569,38.139911],[128.631431,38.139285],[128.62931,38.138623],[128.627209,38.137924],[128.625126,38.13719],[128.623065,38.136421],[128.621025,38.135617],[128.619008,38.134777],[128.617014,38.133904],[128.615044,38.132997],[128.6131,38.132056],[128.611182,38.131083],[128.609291,38.130077],[128.607428,38.129039],[128.605594,38.127969],[128.603789,38.126869],[128.602015,38.125737],[128.600273,38.124576],[128.598563,38.123385],[128.596886,38.122166],[128.595242,38.120918],[128.593633,38.119642],[128.592059,38.118339],[128.590522,38.11701],[128.589021,38.115654],[128.587558,38.114274],[128.586132,38.112868],[128.584746,38.111439],[128.583399,38.109986],[128.582092,38.108511],[128.580825,38.107013],[128.5796,38.105495],[128.578417,38.103956],[128.577276,38.102397],[128.576178,38.100819],[128.575124,38.099222],[128.574113,38.097608],[128.573147,38.095977],[128.572225,38.09433],[128.571349,38.092668],[128.570519,38.090991],[128.569734,38.0893],[128.568996,38.087596],[128.568305,38.08588],[128.56766,38.084153],[128.567064,38.082415],[128.566514,38.080667],[128.566013,38.07891],[128.56556,38.077145],[128.565155,38.075373],[128.564798,38.073594],[128.564491,38.07181],[128.564232,38.070021],[128.564022,38.068227],[128.563861,38.066431],[128.563749,38.064632],[128.563686,38.062832],[128.563673,38.061031],[128.563709,38.059231],[128.563793,38.057431],[128.563927,38.055633],[128.56411,38.053838],[128.564342,38.052047],[128.564623,38.050259],[128.564953,38.048477],[128.565331,38.046702],[128.565757,38.044932],[128.566232,38.043171],[128.566754,38.041418],[128.567325,38.039675],[128.567942,38.037941],[128.568607,38.036219],[128.569319,38.034508],[128.570077,38.03281],[128.570881,38.031125],[128.571731,38.029455],[128.572627,38.027799],[128.573567,38.026159],[128.574552,38.024535],[128.575581,38.022929],[128.576654,38.02134],[128.577769,38.01977],[128.578927,38.01822],[128.580127,38.016689],[128.581369,38.01518],[128.582651,38.013692],[128.583974,38.012226],[128.585336,38.010783],[128.586738,38.009364],[128.588177,38.007969],[128.589654,38.006599],[128.591169,38.005255],[128.592719,38.003936],[128.594305,38.002645],[128.595926,38.00138],[128.597581,38.000144],[128.59927,37.998937],[128.60099,37.997758],[128.602743,37.996609],[128.604526,37.99549],[128.60634,37.994402],[128.608182,37.993345],[128.610053,37.99232],[128.611952,37.991327],[128.613877,37.990367],[128.615828,37.989439],[128.617803,37.988546],[128.619803,37.987686],[128.621825,37.98686],[128.62387,37.98607],[128.625935,37.985314],[128.62802,37.984594],[128.630125,37.983909],[128.632248,37.983261],[128.634388,37.982649],[128.636544,37.982073],[128.638715,37.981535],[128.640901,37.981034],[128.643099,37.98057],[128.64531,37.980144],[128.647532,37.979755],[128.649764,37.979405],[128.652004,37.979093],[128.654253,37.978819],[128.656509,37.978584],[128.658771,37.978387],[128.661037,37.978229],[128.663307,37.978109],[128.66558,37.978029],[128.667855,37.977987],[128.67013,37.977984],[128.672405,37.97802],[128.674678,37.978095],[128.676949,37.978208],[128.679216,37.97836],[128.681478,37.978551],[128.683735,37.978781],[128.685985,37.979049],[128.688227,37.979355],[128.69046,37.979699],[128.692684,37.980082],[128.694896,37.980502],[128.697097,37.98096],[128.699284,37.981456],[128.701458,37.981988],[128.703616,37.982558],[128.705759,37.983165],[128.707884,37.983807],[128.709992,37.984486],[128.71208,37.985201],[128.714149,37.985952],[128.716196,37.986737],[128.718222,37.987557],[128.720225,37.988412],[128.722205,37.9893],[128.724159,37.990223],[128.726088,37.991178],[128.727991,37.992166],[128.729866,37.993186],[128.731713,37.994238],[128.733531,37.995322],[128.735319,37.996436],[128.737076,37.99758],[128.738802,37.998754],[128.740495,37.999957],[128.742156,38.001189],[128.743782,38.002449],[128.745373,38.003737],[128.746929,38.005051],[128.748449,38.006392],[128.749932,38.007758],[128.751378,38.009149],[128.752785,38.010565],[128.754153,38.012004],[128.755482,38.013466],[128.75677,38.014951],[128.758018,38.016457],[128.759225,38.017984],[128.760389,38.019532],[128.761511,38.021098],[128.762591,38.022684],[128.763626,38.024288],[128.764618,38.025909],[128.765565,38.027547],[128.766468,38.0292],[128.767325,38.030869],[128.768136,38.032551],[128.768901,38.034247],[128.76962,38.035956],[128.770292,38.037677],[128.770917,38.039409],[128.771495,38.041151],[128.772025,38.042902],[128.772507,38.044662],[128.77294,38.04643],[128.773326,38.048205],[128.773663,38.049986],[128.773951,38.051773],[128.774191,38.053564],[128.774381,38.055358],[128.774522,38.057156],[128.774615,38.058955],[128.774658,38.060756],[128.774652,38.062556],[128.774597,38.064357],[128.774493,38.066156],[128.774339,38.067953],[128.774137,38.069746],[128.773885,38.071536],[128.773585,38.073322],[128.773236,38.075101],[128.772839,38.076874],[128.772393,38.07864],[128.771899,38.080399],[128.771357,38.082148],[128.770767,38.083887],[128.77013,38.085616],[128.769446,38.087334],[128.768715,38.08904],[128.767938,38.090733],[128.767114,38.092412],[128.766245,38.094077],[128.76533,38.095726],[128.764371,38.097359],[128.763367,38.098976],[128.762319,38.100575],[128.761228,38.102156],[128.760093,38.103718],[128.758917,38.105261],[128.757698,38.106782],[128.756438,38.108283],[128.755137,38.109762],[128.753796,38.111218],[128.752416,38.112651],[128.750996,38.11406],[128.749539,38.115445],[128.748043,38.116804],[128.746511,38.118137],[128.744943,38.119444],[128.74334,38.120724],[128.741701,38.121977],[128.740029,38.123201],[128.738324,38.124396],[128.736586,38.125562],[128.734817,38.126697],[128.733017,38.127803],[128.731188,38.128877],[128.729329,38.12992],[128.727443,38.130931],[128.725529,38.13191],[128.723588,38.132855],[128.721622,38.133768],[128.719632,38.134646],[128.717618,38.13549],[128.715582,38.1363],[128.713523,38.137075],[128.711444,38.137814],[128.709346,38.138518],[128.707228,38.139186],[128.705093,38.139818],[128.702941,38.140413],[128.700773,38.140971],[128.69859,38.141492],[128.696393,38.141975],[128.694184,38.142421],[128.691963,38.142829],[128.689732,38.143199],[128.68749,38.143531],[128.685241,38.143825],[128.682983,38.14408],[128.68072,38.144297],[128.67845,38.144474],[128.676177,38.144614],[128.6739,38.144714],[128.671621,38.144775]]]]}},{"type":"Feature","properties":{"ident":null,"name":"YECHEON","type":"Control Zone","airspaceClass":"C","upper":"5 000 AGL","upperFt":5000,"upperRef":"AGL","lower":null,"lowerFt":null,"lowerRef":null,"remarks":null,"ctr_lbl_1":"YECHEON","category":"관제권","source":"국토교통부 공역정보 KMZ","cycle":"AIP 2026년 10차"},"geometry":{"type":"MultiPolygon","coordinates":[[[[128.455729,36.651691],[128.449444,36.666111],[128.44274,36.675808],[128.434255,36.685232],[128.424222,36.693613],[128.412836,36.700786],[128.400319,36.706612],[128.386915,36.710978],[128.372886,36.713797],[128.358506,36.715015],[128.344054,36.714609],[128.329815,36.712585],[128.316065,36.708984],[128.303073,36.703875],[128.291092,36.69736],[128.280356,36.689564],[128.271074,36.680639],[128.263426,36.670761],[128.257562,36.660121],[128.253594,36.648927],[128.251598,36.637397],[128.251614,36.625755],[128.253639,36.614228],[128.257634,36.603041],[128.263519,36.59241],[128.27118,36.582543],[128.280467,36.573631],[128.2912,36.565847],[128.303169,36.559343],[128.316143,36.554244],[128.329868,36.550651],[128.344077,36.548631],[128.358498,36.548225],[128.372848,36.549441],[128.386849,36.552254],[128.400231,36.556611],[128.412732,36.562427],[128.424111,36.569588],[128.434145,36.577956],[128.44264,36.587369],[128.44943,36.597643],[128.450556,36.599167],[128.454559,36.607508],[128.456977,36.616115],[128.458395,36.625916],[128.4583,36.639109],[128.455729,36.651691]]]]}},{"type":"Feature","properties":{"ident":null,"name":"YEOSU","type":"Control Zone","airspaceClass":"D","upper":"3 000 AGL","upperFt":3000,"upperRef":"AGL","lower":"SFC","lowerFt":0,"lowerRef":"SFC","remarks":null,"ctr_lbl_1":"YEOSU","category":"관제권","source":"국토교통부 공역정보 KMZ","cycle":"AIP 2026년 10차"},"geometry":{"type":"MultiPolygon","coordinates":[[[[127.618466,34.925656],[127.616279,34.925658],[127.614092,34.925622],[127.611906,34.925547],[127.609723,34.925433],[127.607544,34.92528],[127.605369,34.925088],[127.603199,34.924858],[127.601036,34.924589],[127.598881,34.924282],[127.596734,34.923936],[127.594597,34.923552],[127.59247,34.923131],[127.590355,34.922671],[127.588253,34.922174],[127.586164,34.92164],[127.58409,34.921068],[127.582031,34.92046],[127.579988,34.919816],[127.577963,34.919135],[127.575957,34.918418],[127.573969,34.917666],[127.572002,34.916878],[127.570056,34.916056],[127.568132,34.915199],[127.566231,34.914308],[127.564354,34.913383],[127.562501,34.912426],[127.560675,34.911435],[127.558874,34.910413],[127.557101,34.909358],[127.555356,34.908272],[127.55364,34.907156],[127.551953,34.906009],[127.550297,34.904832],[127.548673,34.903626],[127.54708,34.902391],[127.54552,34.901129],[127.543994,34.899839],[127.542502,34.898522],[127.541044,34.897179],[127.539623,34.89581],[127.538237,34.894416],[127.536889,34.892998],[127.535578,34.891556],[127.534305,34.890091],[127.533071,34.888604],[127.531876,34.887095],[127.530721,34.885566],[127.529607,34.884016],[127.528533,34.882447],[127.527501,34.880858],[127.52651,34.879252],[127.525562,34.877629],[127.524657,34.875989],[127.523795,34.874334],[127.522977,34.872663],[127.522202,34.870979],[127.521472,34.86928],[127.520787,34.86757],[127.520147,34.865847],[127.519551,34.864114],[127.519002,34.86237],[127.518498,34.860617],[127.518041,34.858856],[127.517629,34.857086],[127.517264,34.85531],[127.516946,34.853528],[127.516675,34.85174],[127.51645,34.849948],[127.516272,34.848153],[127.516142,34.846354],[127.516058,34.844554],[127.516022,34.842753],[127.516033,34.840952],[127.516091,34.839151],[127.516196,34.837351],[127.516348,34.835554],[127.516548,34.83376],[127.516794,34.83197],[127.517087,34.830185],[127.517427,34.828405],[127.517813,34.826632],[127.518245,34.824866],[127.518724,34.823109],[127.519249,34.82136],[127.519819,34.819621],[127.520434,34.817892],[127.521095,34.816175],[127.5218,34.81447],[127.52255,34.812778],[127.523344,34.8111],[127.524181,34.809436],[127.525062,34.807788],[127.525986,34.806156],[127.526952,34.80454],[127.527961,34.802942],[127.52901,34.801362],[127.530101,34.799802],[127.531233,34.798261],[127.532404,34.796741],[127.533615,34.795242],[127.534865,34.793764],[127.536153,34.79231],[127.537479,34.790878],[127.538842,34.789471],[127.540242,34.788088],[127.541677,34.786731],[127.543147,34.785399],[127.544652,34.784094],[127.546191,34.782815],[127.547762,34.781565],[127.549366,34.780343],[127.551002,34.779149],[127.552668,34.777985],[127.554365,34.776851],[127.55609,34.775748],[127.557844,34.774675],[127.559626,34.773634],[127.561434,34.772625],[127.563268,34.771648],[127.565128,34.770704],[127.567011,34.769794],[127.568918,34.768917],[127.570848,34.768074],[127.572799,34.767266],[127.57477,34.766493],[127.576762,34.765755],[127.578772,34.765052],[127.5808,34.764386],[127.582845,34.763756],[127.584906,34.763162],[127.586982,34.762605],[127.589072,34.762086],[127.591175,34.761603],[127.59329,34.761158],[127.595417,34.760751],[127.597553,34.760382],[127.599699,34.760051],[127.601852,34.759758],[127.604013,34.759504],[127.60618,34.759288],[127.608352,34.759111],[127.610529,34.758972],[127.612708,34.758873],[127.61489,34.758812],[127.617072,34.75879],[127.619255,34.758806],[127.621436,34.758862],[127.623616,34.758956],[127.625793,34.75909],[127.627966,34.759262],[127.630133,34.759472],[127.632295,34.759721],[127.63445,34.760009],[127.636597,34.760334],[127.638735,34.760698],[127.640862,34.7611],[127.642979,34.76154],[127.645084,34.762017],[127.647176,34.762532],[127.649254,34.763084],[127.651317,34.763672],[127.653364,34.764297],[127.655395,34.764959],[127.657407,34.765656],[127.659401,34.766389],[127.661376,34.767158],[127.663329,34.767961],[127.665262,34.768799],[127.667172,34.769671],[127.669059,34.770577],[127.670922,34.771516],[127.672759,34.772489],[127.674571,34.773493],[127.676357,34.77453],[127.678115,34.775599],[127.679844,34.776698],[127.681545,34.777828],[127.683215,34.778988],[127.684855,34.780177],[127.686463,34.781395],[127.688039,34.782642],[127.689583,34.783916],[127.691092,34.785218],[127.692567,34.786546],[127.694007,34.7879],[127.695412,34.78928],[127.69678,34.790684],[127.698111,34.792112],[127.699404,34.793563],[127.700659,34.795037],[127.701876,34.796533],[127.703053,34.798051],[127.70419,34.799589],[127.705286,34.801147],[127.706342,34.802724],[127.707356,34.804319],[127.708328,34.805933],[127.709258,34.807563],[127.710144,34.809209],[127.710988,34.810871],[127.711788,34.812547],[127.712544,34.814237],[127.713255,34.81594],[127.713922,34.817656],[127.714544,34.819383],[127.71512,34.82112],[127.715651,34.822868],[127.716136,34.824624],[127.716575,34.826389],[127.716967,34.828161],[127.717313,34.82994],[127.717613,34.831725],[127.717865,34.833514],[127.718071,34.835307],[127.71823,34.837104],[127.718342,34.838903],[127.718406,34.840704],[127.718423,34.842505],[127.718394,34.844307],[127.718317,34.846107],[127.718193,34.847906],[127.718021,34.849702],[127.717803,34.851494],[127.717538,34.853282],[127.717226,34.855066],[127.716868,34.856843],[127.716463,34.858613],[127.716012,34.860376],[127.715514,34.86213],[127.714971,34.863875],[127.714382,34.86561],[127.713748,34.867334],[127.713069,34.869046],[127.712345,34.870746],[127.711576,34.872433],[127.710764,34.874105],[127.709908,34.875763],[127.709009,34.877405],[127.708066,34.87903],[127.707082,34.880639],[127.706055,34.882229],[127.704987,34.883801],[127.703878,34.885354],[127.702729,34.886886],[127.70154,34.888398],[127.700311,34.889888],[127.699043,34.891356],[127.697738,34.892801],[127.696394,34.894223],[127.695014,34.89562],[127.693597,34.896992],[127.692145,34.898339],[127.690657,34.899659],[127.689136,34.900953],[127.68758,34.90222],[127.685992,34.903458],[127.684372,34.904668],[127.68272,34.905849],[127.681038,34.907],[127.679326,34.908121],[127.677585,34.909211],[127.675815,34.91027],[127.674019,34.911297],[127.672195,34.912292],[127.670346,34.913254],[127.668472,34.914183],[127.666575,34.915078],[127.664654,34.91594],[127.662711,34.916767],[127.660746,34.917559],[127.658762,34.918317],[127.656758,34.919038],[127.654735,34.919724],[127.652695,34.920374],[127.650638,34.920987],[127.648566,34.921564],[127.646479,34.922103],[127.644378,34.922605],[127.642265,34.92307],[127.64014,34.923497],[127.638004,34.923886],[127.635859,34.924237],[127.633705,34.924549],[127.631543,34.924823],[127.629374,34.925059],[127.6272,34.925256],[127.625021,34.925414],[127.622838,34.925534],[127.620653,34.925614],[127.618466,34.925656]]]]}}]}
