{"type":"FeatureCollection","_attribution":"FIR boundaries © VATSIM VAT-Spy (CC-BY-SA-4.0)","_source":"https://raw.githubusercontent.com/vatsimnetwork/vatspy-data-project/master/Boundaries.geojson","features":[{"type":"Feature","properties":{"id":"RJJJ","role":"overseas-fir","fir_lbl_1":"FUKUOKA FIR","source":"국토교통부 공역정보 KMZ","cycle":"AIP 2026년 10차"},"geometry":{"type":"MultiPolygon","coordinates":[[[[142,45.75],[140,45.75],[135.933333,40.5],[133.65,38.633333],[133,38],[133,37.5],[129.166666,34.666666],[127.5,32.5],[126.833333,32.5],[125.416666,30],[124,30],[124,23.5],[121.5,21],[155,21],[155,27],[165,27],[165,43],[162.916666,45.7],[159,50.083333],[150,45],[146.833334,43],[145.833334,43.333333],[145.183333,43.75],[145.666666,44.5],[142,45.75]]]]}},{"type":"Feature","properties":{"id":"RCAA","role":"overseas-fir","fir_lbl_1":"TAIPEI FIR","alignedTo":"AIP 2026년 10차"},"geometry":{"type":"Polygon","coordinates":[[[117.5,21],[121.5,21],[124,23.5],[124,29],[121.448889,26.485555],[120,25],[117.5,23],[117.5,21]]]}},{"type":"Feature","properties":{"role":"external-label","code":"RCAA","label":"TAIPEI FIR"},"geometry":{"type":"Point","coordinates":[121.39,23.67]}},{"type":"Feature","properties":{"id":"RPHI","role":"overseas-fir","fir_lbl_1":"MANILA FIR","alignedTo":"AIP 2026년 10차"},"geometry":{"type":"Polygon","coordinates":[[[113.996608,15.734407],[114,12.5],[114,10.5],[116.194461,8.670099],[116.5,8.416667],[117.5,7.5],[117.9,7],[120,4],[132.533333,4],[130,7],[130,21],[117.5,21],[116.123518,19.32391],[115.537683,18.598851],[114,16.666667],[113.996608,15.734407]]]}},{"type":"Feature","properties":{"role":"external-label","code":"RPHI","label":"MANILA FIR"},"geometry":{"type":"Point","coordinates":[123.501372,12.248708]}},{"type":"Feature","properties":{"id":"UHHH","role":"overseas-fir","fir_lbl_1":"KHABAROVSK FIR","alignedTo":"AIP 2026년 10차"},"geometry":{"type":"MultiPolygon","coordinates":[[[[121.983333,53.966666],[122.333333,53.5],[122.25,53.466667],[122.15,53.466667],[122.1499986666,53.466666],[122.25,53.466666],[122.33589733643484,53.497435663565156],[122.343056,53.5],[122.4,53.433333],[122.48333,53.466667],[122.85,53.45],[123.03333,53.508333],[123.03333245002905,53.50833282500992],[123.033333,53.508333],[123.15,53.5],[123.26666,53.55],[123.26666486488669,53.549999513520085],[123.266666,53.55],[123.433333,53.533333],[123.48332920040316,53.50000319963524],[123.475,53.533333],[123.5,53.55],[123.533333,53.533333],[123.533333,53.5],[123.56666,53.5],[123.6,53.55],[123.716667,53.483333],[123.883333,53.483333],[124.13333228570204,53.35000038095796],[124.23333,53.366667],[124.23333181816199,53.366665636378514],[124.233334,53.366666],[124.43333185715021,53.21666685714163],[124.65,53.2],[124.733334,53.15],[124.816666,53.15],[124.88333,53.10000224998875],[124.88333,53.166667],[125.16666,53.2],[125.16666162860905,53.19999948570782],[125.166666,53.2],[125.483334,53.1],[125.5,53.05],[125.6,53.083333],[125.75,52.983333],[125.666666,52.916666],[125.68333284210227,52.850000631571966],[125.83333,52.883333],[125.83333060758075,52.88333246835659],[125.833333,52.883333],[125.96666372734958,52.76666886356298],[126.03333,52.8],[126.03333166672888,52.799999333344445],[126.033333,52.8],[126.07179358581061,52.78461539645265],[126.116667,52.766667],[126.11666484618331,52.76666646153775],[126.116666,52.766666],[126.05,52.75],[126.066666,52.683333],[125.983334,52.666666],[126,52.583333],[126.05,52.6],[126.2,52.533333],[126.18333325000376,52.466667],[126.25,52.466667],[126.35,52.4],[126.316666,52.316666],[126.433333,52.283333],[126.283333,52.216666],[126.566666,52.116666],[126.5,52.033333],[126.45,52.033333],[126.666666,51.733333],[126.716667,51.716666],[126.666666,51.6],[126.833333,51.533333],[126.783333,51.45],[126.883333,51.4],[126.916666,51.35],[126.833333,51.333333],[126.816666,51.3],[126.86666,51.250006],[126.86666,51.3],[126.98333,51.316667],[126.98332956434282,51.316665366367275],[126.983334,51.316666],[126.916666,51.066666],[127.1,50.933333],[127.366666,50.566666],[127.30000046153242,50.46666669230556],[127.35,50.433333],[127.35,50.316667],[127.6,50.233333],[127.483334,50],[127.533333,49.8],[127.666666,49.716666],[127.8395042716,49.605556],[127.9,49.566667],[127.96666,49.583333],[127.96666321629016,49.58333205405835],[127.966667,49.583333],[128.25,49.5],[128.36666,49.583333],[128.36666654207883,49.58333267291569],[128.366667,49.583333],[128.45308282580967,49.57901211797281],[128.7,49.566667],[128.75333327999712,49.57999972000288],[128.766666,49.583333],[128.7666659565256,49.58333273914314],[128.766667,49.583333],[128.75,49.483333],[128.866667,49.483333],[129,49.45],[129.1,49.35],[129.21666,49.4],[129.21666373341546,49.3999986000392],[129.216667,49.4],[129.35,49.35],[129.4,49.433333],[129.51666,49.416667],[129.51666005659482,49.41666684907972],[129.516666,49.416666],[129.566666,49.283333],[129.716667,49.283333],[129.75,49.183333],[129.866667,49.116666],[129.916666,49.033333],[130.166665,48.9083335],[130.25,48.866667],[130.43333,48.9],[130.4333305853997,48.899999560972184],[130.433333,48.9],[130.5,48.85],[130.65,48.866667],[130.64999974280587,48.86666597142402],[130.65,48.866666],[130.633333,48.8],[130.516666,48.616666],[130.6,48.583333],[130.61666685714425,48.483333857117316],[130.75,48.5],[130.733333,48.433333],[130.766666,48.35],[130.8,48.333333],[130.816666,48.3],[130.783333,48.266666],[130.75,48.183333],[130.65000021421116,48.116666142808164],[130.65066638080748,48.114000396801245],[130.666666,48.05],[130.75,48],[130.866667,47.916666],[130.94007861111427,47.828571714285715],[130.95,47.816667],[130.95,47.7],[131.15,47.7],[131.25,47.733333],[131.466667,47.733333],[131.57036906173647,47.68148158024807],[131.6,47.666667],[131.68333,47.716667],[131.8,47.683333],[131.883333,47.683333],[131.9666602353452,47.666667352947194],[132,47.716667],[132.02666447996543,47.71000007999424],[132.066664399984,47.700000399992],[132.25,47.716667],[132.28333,47.75],[132.366667,47.75],[132.566660000006,47.716667000024],[132.58333,47.783333],[132.66666,47.9],[132.66666,47.95],[132.666666,47.9499992500225],[132.666666,47.95],[132.8,47.933333],[132.86666,48],[133,48.016667],[133,48.05],[133.15,48.1],[133.26666218189553,48.08333354545752],[133.33333,48.1],[133.33333186670507,48.099999466676266],[133.333334,48.1],[133.39555474668202,48.082222186670506],[133.45,48.066667],[133.55,48.116667],[133.65,48.15],[133.78333,48.2],[133.7833319564826,48.19999960868],[133.783333,48.2],[133.86666,48.1833344000168],[133.866667,48.183333],[133.866667,48.216666],[133.883333,48.25],[134,48.283333],[134.033333,48.333333],[134.1,48.333333],[134.38333,48.383333],[134.38333124136926,48.38333268965303],[134.383333,48.383333],[134.51666200022999,48.350000999935006],[134.55,48.366667],[134.55128150297236,48.36410291716206],[134.566666,48.333333],[134.56668199816022,48.33332700071991],[134.7,48.283333],[134.66666999960006,48.250003999480064],[134.666666,48.25],[134.666666,48.15],[134.55,48.05],[134.55,47.983333],[134.583334,47.95],[134.583334,47.91666600003],[134.65,47.9],[134.666666,47.833333],[134.766666,47.75],[134.683333,47.633333],[134.666666,47.6],[134.583334,47.533333],[134.566666,47.5],[134.483333,47.45],[134.333334,47.45],[134.266666,47.4],[134.233333,47.35],[134.2,47.333333],[134.15,47.25],[134.216667,47.2],[134.216667,47.116666],[134.133333,47.1],[134.05000027771183,46.96666644434295],[134.05128150297236,46.96410291716206],[134.066666,46.933333],[134.033333,46.866666],[134.016666,46.816666],[134.033333,46.75],[134.016666,46.666666],[133.916666,46.583333],[133.83333400001817,46.466666000025455],[133.9,46.45],[133.933333,46.383333],[133.866667,46.35],[133.85,46.2],[133.81666250030872,46.23333050021623],[133.7,46.15],[133.733333,46.05],[133.666666,45.933333],[133.633333,45.933333],[133.583334,45.866666],[133.5833308333389,45.86666811110741],[133.58333,45.866667],[133.5333318000072,45.8999988000072],[133.483333,45.85],[133.483333,45.783333],[133.416666,45.616666],[133.316666,45.5],[133.31666087801966,45.50000102435919],[133.31666,45.5],[133.25416390621837,45.512499968739455],[133.233333,45.516666],[133.15,45.466666],[133.083334,45.25],[133.15,45.15],[133.133333,45.116666],[132.933333,45.016666],[132.9333305000375,45.01666725001875],[132.93333,45.016667],[132.86666,45.05],[132.10110881396434,45.23777770349109],[131.983333,45.266666],[131.9833325508129,45.266666374325595],[131.98333,45.266667],[131.88333173494425,45.34999855421891],[131.766666,45.216666],[131.76666014896102,45.21666717023588],[131.76666,45.216667],[131.68333272727645,45.23333245454471],[131.6500002856996,45.16666657140775],[131.6574065926,45.155556],[131.683333,45.116666],[131.483333,45],[131.5,44.983333],[131.333334,44.983333],[131.283333,44.916666],[131.15,44.933333],[131.083334,44.916666],[130.966667,44.833333],[131.083334,44.7],[131.296666,44.051666],[131.25,44.016666],[131.25,43.883333],[131.2,43.833333],[131.21666233182063,43.616726685211454],[131.21666233182063,43.61672668521163],[131.216667,43.616666],[131.183333,43.566666],[131.183333,43.533333],[131.25701637396264,43.491228124654214],[131.3,43.466667],[131.29999961105685,43.4666662222537],[131.3,43.466666],[131.283333,43.433333],[131.316666,43.4],[131.266666,43.366666],[131.25,43.266666],[131.2,43.216666],[131.2,43.15],[131.10000035292165,43.016666470564566],[131.1074065926,43.005556],[131.133333,42.966666],[131.1,42.9],[131.01666607140407,42.916665785792034],[131.033333,42.866666],[130.933333,42.866666],[130.866667,42.85],[130.86666399994857,42.850000999957146],[130.86666,42.85],[130.81666524997374,42.86666524997375],[130.783333,42.833333],[130.7,42.833333],[130.40000194592045,42.716666756749],[130.49696826445063,42.704545421483544],[130.533333,42.7],[130.633333,42.6],[130.616667,42.55],[130.566666,42.55],[130.633333,42.433333],[130.65,42.4],[130.61666742856653,42.41666628571674],[130.61666742856653,42.41666628571673],[130.60047,42.424765],[130.58620318518953,42.43273052376394],[130.58619367382337,42.432735403505916],[130.640911,42.402186],[130.6666643444187,42.33333742600424],[130.6666643444187,42.333337426004235],[130.666666,42.333333],[130.6954147631921,42.29639405113566],[130.69541476319208,42.296394051135685],[130.697278,42.294],[130.85233733071638,42.173989553502146],[130.85233733071544,42.173989553502864],[130.883333,42.15],[131.516666,41.666666],[135.9287122346478,40.5012205787374],[135.933333,40.5],[140,45.75],[142,45.75],[145.666666,44.5],[145.47400779182118,44.20104740182418],[145.26576291017057,43.877908569511945],[145.183333,43.75],[145.43157441559646,43.59087100494872],[145.7010755067645,43.418114022799884],[145.833334,43.333333],[146.1000008000084,43.2444441555528],[146.83333334545435,43.00000021818167],[150,45],[150,54.866667],[146,56],[143.416667,56.416667],[145.75,58],[146,61],[145,62],[142,62],[139.95,60.85],[138.16667,59.75],[135.33333,59.16667],[132,58],[131.66667,57.26667],[131.4,56.91667],[131,56.16667],[129.38333,54.85],[128.16667,54.66667],[127.270245,54.806112],[126.367778,54.938889],[125.961162,55.161801],[124.916667,55.716667],[123.621439,55.615135],[122.333333,55.5],[121.983333,53.966666]],[[131.2,43.833333],[131.220556,43.716389],[131.2205559968036,43.71638891818456],[131.2,43.833333]],[[135.930278,40.5025],[138,43.283333],[137.151782,42.143685],[135.930278,40.5025]]],[[[150,45],[159,50.083333],[158.988687,50.097242],[150,45]]]]}},{"type":"Feature","properties":{"role":"external-label","code":"UHHH","label":"KHABAROVSK FIR"},"geometry":{"type":"Point","coordinates":[139,51]}},{"type":"Feature","properties":{"id":"VDPF","role":"overseas-fir","fir_lbl_1":"PHNOM PENH FIR","alignedTo":"AIP 2026년 10차"},"geometry":{"type":"Polygon","coordinates":[[[102.2535,9.998],[102.538837,8.855689],[103.787709,10.46304],[103.923045,10.661691],[104.050087,10.548278],[104.291138,10.478167],[104.353638,10.49475],[104.50264,10.409833],[104.593025,10.52975],[104.875862,10.525056],[104.95047,10.628445],[105.09333,10.710834],[105.034363,10.87925],[105.109726,10.955944],[105.112083,10.916833],[105.356918,10.849667],[105.429581,10.966473],[105.544777,10.950222],[105.777527,11.026472],[105.863831,10.905861],[105.860138,10.859555],[105.93367,10.83725],[105.954193,10.903028],[106.07283,10.812306],[106.19239,10.789861],[106.14592,10.912139],[106.14975,10.975944],[106.207001,10.978027],[106.176781,11.07675],[106.14933,11.098389],[106.109528,11.071083],[105.903496,11.264114],[105.871559,11.294],[105.882668,11.534528],[105.811302,11.598084],[105.850586,11.657945],[105.958809,11.641723],[106.03672,11.77525],[106.192642,11.753139],[106.30661,11.672305],[106.387665,11.699555],[106.448753,11.66725],[106.418861,11.768528],[106.467224,11.867473],[106.417969,11.972362],[106.722031,11.968583],[106.794693,12.075139],[106.918724,12.059972],[106.999443,12.089194],[107.157471,12.271139],[107.350334,12.3255],[107.433746,12.245528],[107.546028,12.345472],[107.588669,12.5875],[107.56472,12.788778],[107.489281,12.9535],[107.608553,13.305607],[107.626114,13.357361],[107.618469,13.516084],[107.536003,13.736861],[107.456055,13.788083],[107.457802,13.979222],[107.367722,14.011306],[107.37397,14.081473],[107.339226,14.111],[107.407417,14.235473],[107.395248,14.317972],[107.449753,14.415444],[107.493385,14.410334],[107.556694,14.6175],[107.544062,14.689135],[107.552102,14.736488],[107.091304,14.526771],[106.758949,14.325036],[106.612365,14.531125],[106.019495,14.347168],[106.147212,13.964017],[105.602237,14.154141],[105.280767,14.165752],[105.2628,14.343358],[105.079492,14.168367],[104.912842,14.36835],[104.679536,14.376678],[104.546219,14.335014],[104.146267,14.368339],[103.962956,14.318339],[103.646325,14.401661],[103.229711,14.334992],[102.963078,14.185],[102.913089,14.018344],[102.729781,13.751697],[102.596464,13.668367],[102.629803,13.618364],[102.538156,13.551711],[102.379817,13.551706],[102.363164,13.285061],[102.529817,13.018414],[102.546478,12.685083],[102.796458,12.451792],[102.7369,12.181453],[102.936881,11.748156],[102.920211,11.648147],[102.887658,11.431436],[102.2535,9.998]]]}},{"type":"Feature","properties":{"role":"external-label","code":"VDPF","label":"PHNOM PENH FIR"},"geometry":{"type":"Point","coordinates":[104.948148,12.732899]}},{"type":"Feature","properties":{"id":"VHHK","role":"overseas-fir","fir_lbl_1":"HONG KONG FIR","alignedTo":"AIP 2026년 10차"},"geometry":{"type":"Polygon","coordinates":[[[111.5,19.5],[114,16.666667],[117.5,21],[117.5,23],[116.501389,22.6825],[116.094722,22.819722],[116.07501611111,22.794039722222],[115.87972222222,22.539583333333],[114.7785,22.502902777778],[114.75,22.491633888889],[114.69929722222,22.471388888889],[114.5132975,22.397393333333],[114.50229583333,22.449156388889],[114.48443,22.462039444444],[114.46683277778,22.541030277778],[114.39805555556,22.609065277778],[114.30387555556,22.579993888889],[114.26805555556,22.580555555556],[114.21885333333,22.540969444444],[114.21139333333,22.546479444444],[114.11584,22.51252],[113.82888888889,22.409444444444],[113.76011833333,22.333292222222],[113.66583333333,22.228888888889],[113.69809388889,22.159491388889],[113.6804,22.13803],[113.65388888889,22.105555555556],[113.58811,22.02861],[113.44833333333,21.863333333333],[113.26802277778,21.682646666667],[112.95092305556,21.579644722222],[112.62804027778,21.474808055556],[111.5,21.108348333333],[111.5,19.5]]]}},{"type":"Feature","properties":{"role":"external-label","code":"VHHK","label":"HONG KONG FIR"},"geometry":{"type":"Point","coordinates":[114.5,20.166667]}},{"type":"Feature","properties":{"id":"VLVT","role":"overseas-fir","fir_lbl_1":"VIENTIANE FIR","alignedTo":"AIP 2026년 10차"},"geometry":{"type":"Polygon","coordinates":[[[100.075325,20.257628],[100.133319,20.266628],[100.291628,20.416619],[100.366619,20.399956],[100.513272,20.184478],[100.613258,20.209478],[100.513278,19.867836],[100.421625,19.751178],[100.563281,19.517867],[100.638281,19.584528],[100.763253,19.517872],[100.888236,19.634531],[101.013219,19.634533],[101.179906,19.601194],[101.279853,19.617872],[101.279856,19.48455],[101.229864,19.434553],[101.279864,19.151244],[101.363189,19.051256],[101.263203,18.876267],[101.279872,18.667953],[101.079903,18.434633],[101.188225,18.334644],[101.196561,18.051333],[101.046586,17.868014],[101.004928,17.584703],[101.129914,17.501378],[101.613181,17.909686],[101.713167,17.918022],[101.779822,18.101342],[101.896475,18.051347],[102.079783,18.234669],[102.163106,18.218006],[102.421411,17.993028],[102.629719,17.968033],[102.613056,17.851375],[102.946344,18.0347],[103.029669,17.984708],[103.079658,18.134697],[103.179644,18.268019],[103.262967,18.301353],[103.212972,18.368014],[103.429608,18.468008],[103.879558,18.334694],[103.979544,18.351361],[104.479497,17.651428],[104.696139,17.551439],[104.829461,17.351458],[104.796139,17.101475],[104.746144,17.034814],[104.779483,16.551517],[105.029461,16.234881],[105.062792,16.134889],[105.446081,16.001572],[105.362761,15.851581],[105.662728,15.684933],[105.596075,15.401619],[105.496089,15.368286],[105.629406,15.318292],[105.479428,15.134969],[105.629411,14.968317],[105.546092,14.735],[105.546097,14.560014],[105.429447,14.385025],[105.2628,14.343358],[105.280767,14.165752],[105.602237,14.154141],[106.147212,13.964017],[106.019495,14.347168],[106.612365,14.531125],[106.758949,14.325036],[107.091304,14.526771],[107.552102,14.736488],[107.566616,14.88017],[107.496952,14.949834],[107.60435,14.993374],[107.69143,15.263322],[107.227004,15.837324],[107.392456,15.912793],[107.427288,16.127591],[107.293765,16.069537],[106.694365,16.504211],[106.421514,17.04701],[105.523139,18.23166],[105.308342,18.24327],[105.108058,18.480563],[105.209652,18.672139],[104.662499,18.860087],[103.957152,19.301292],[104.128409,19.439894],[104.148728,19.509558],[104.055842,19.648886],[104.598641,19.585027],[104.830854,19.791117],[104.836659,19.933347],[104.975987,20.003011],[104.93535,20.211277],[104.708942,20.263525],[104.546393,20.510252],[104.633473,20.640872],[104.145825,21.002979],[103.797505,20.843333],[103.678496,20.654659],[103.48692,20.799793],[103.173432,20.828819],[102.884617,21.231564],[103.026848,21.632132],[102.890422,21.736628],[102.852688,21.855637],[102.7569,21.681477],[102.684333,21.669866],[102.668369,21.83169],[102.215553,22.325143],[102.15,22.4],[102.041667,22.45],[101.916667,22.45],[101.9,22.4],[101.866667,22.4],[101.8,22.491667],[101.75,22.5],[101.65,22.416667],[101.633333,22.283333],[101.566667,22.283333],[101.55,22.233333],[101.6,22.141667],[101.583333,22.116667],[101.616667,21.983333],[101.733333,21.85],[101.770684,21.657948],[101.783333,21.65],[101.85,21.633333],[101.85,21.583333],[101.766667,21.583333],[101.75,21.3],[101.85,21.233333],[101.783333,21.216667],[101.783333,21.15],[101.716667,21.15],[101.683333,21.2],[101.616667,21.183333],[101.6,21.233333],[101.558333,21.25],[101.383333,21.233333],[101.283333,21.183333],[101.241667,21.25],[101.258333,21.383333],[101.184,21.465003],[100.824997,21.25],[100.816667,21.258331],[100.583331,20.925],[100.666667,20.916667],[100.666667,20.816667],[100.333333,20.783333],[100.075325,20.257628]]]}},{"type":"Feature","properties":{"role":"external-label","code":"VLVT","label":"VIENTIANE FIR"},"geometry":{"type":"Point","coordinates":[102.660161,19.870834]}},{"type":"Feature","properties":{"id":"VTBB","role":"overseas-fir","fir_lbl_1":"BANGKOK FIR","alignedTo":"AIP 2026년 10차"},"geometry":{"type":"Polygon","coordinates":[[[96.503308,10.000467],[97.997094,7.252125],[99.496911,6.502189],[99.513581,6.435525],[99.880203,6.543853],[99.996433,6.435561],[100.113508,6.435531],[100.146836,6.568853],[100.1635,6.735508],[100.280153,6.710511],[100.330147,6.668847],[100.330147,6.593853],[100.646775,6.468864],[100.7301,6.518861],[100.830086,6.4522],[100.863417,6.268878],[100.966667,6.283333],[101.113389,6.268881],[101.130053,6.102225],[101.113389,5.952236],[101.015294,5.816278],[101.148611,5.666289],[101.231933,5.716286],[101.231933,5.799614],[101.381914,5.882942],[101.581886,5.949603],[101.665211,5.882942],[101.698539,5.799614],[101.765197,5.799614],[101.798525,5.766283],[101.915178,5.882942],[101.898511,5.949603],[102.065156,6.149589],[102.065156,6.249581],[102.083333,6.25],[102.25,6.25],[102.666667,6.75],[103,7],[102.538837,8.855689],[102.2535,9.998],[102.887658,11.431436],[102.920211,11.648147],[102.936881,11.748156],[102.7369,12.181453],[102.796458,12.451792],[102.546478,12.685083],[102.529817,13.018414],[102.363164,13.285061],[102.379817,13.551706],[102.538156,13.551711],[102.629803,13.618364],[102.596464,13.668367],[102.729781,13.751697],[102.913089,14.018344],[102.963078,14.185],[103.229711,14.334992],[103.646325,14.401661],[103.962956,14.318339],[104.146267,14.368339],[104.546219,14.335014],[104.679536,14.376678],[104.912842,14.36835],[105.079492,14.168367],[105.2628,14.343358],[105.429447,14.385025],[105.546097,14.560014],[105.546092,14.735],[105.629411,14.968317],[105.479428,15.134969],[105.629406,15.318292],[105.496089,15.368286],[105.596075,15.401619],[105.662728,15.684933],[105.362761,15.851581],[105.446081,16.001572],[105.062792,16.134889],[105.029461,16.234881],[104.779483,16.551517],[104.746144,17.034814],[104.796139,17.101475],[104.829461,17.351458],[104.696139,17.551439],[104.479497,17.651428],[103.979544,18.351361],[103.879558,18.334694],[103.429608,18.468008],[103.328333,18.422222],[103.212972,18.368014],[103.262967,18.301353],[103.179644,18.268019],[103.079658,18.134697],[103.029669,17.984708],[102.946344,18.0347],[102.613056,17.851375],[102.629719,17.968033],[102.421411,17.993028],[102.163106,18.218006],[102.079783,18.234669],[101.896475,18.051347],[101.779822,18.101342],[101.713167,17.918022],[101.613181,17.909686],[101.129914,17.501378],[101.004928,17.584703],[101.046586,17.868014],[101.196561,18.051333],[101.188225,18.334644],[101.079903,18.434633],[101.279872,18.667953],[101.263203,18.876267],[101.363189,19.051256],[101.279864,19.151244],[101.229864,19.434553],[101.279856,19.48455],[101.279853,19.617872],[101.179906,19.601194],[101.013219,19.634533],[100.888236,19.634531],[100.763253,19.517872],[100.638281,19.584528],[100.563281,19.517867],[100.421625,19.751178],[100.513278,19.867836],[100.613258,20.209478],[100.513272,20.184478],[100.366619,20.399956],[100.291628,20.416619],[100.133319,20.266628],[100.075325,20.257628],[99.929008,20.383283],[99.826858,20.303286],[99.583389,20.309783],[99.508231,20.358608],[99.604219,20.126131],[99.299931,20.0333],[99.224936,20.083294],[99.103622,20.055631],[99.016642,19.674992],[98.221078,19.62615],[98.016667,19.831667],[97.985,19.665],[97.848331,19.583333],[97.764997,19.353333],[97.783333,19.116667],[97.634997,18.931667],[97.673036,18.870672],[97.771336,18.83555],[97.793319,18.558569],[97.460697,18.459572],[97.404706,18.520564],[97.500028,18.325083],[97.666672,18.395914],[97.671175,18.225261],[97.708339,18.183264],[97.713169,18.099608],[97.7545,18.042778],[97.716675,17.841628],[98.566583,16.900053],[98.541589,16.750064],[98.737733,16.359433],[98.933375,16.524922],[98.933378,16.266611],[98.850058,16.083289],[98.733408,16.083289],[98.622075,15.975086],[98.632431,15.382844],[98.249983,15.200019],[98.221158,14.893044],[98.716603,14.341594],[99.000069,14.133283],[99.000072,13.999958],[99.150053,13.833308],[99.281878,13.183361],[99.189056,13.182692],[99.183392,13.050036],[99.269781,12.789944],[99.470458,12.606697],[99.533361,12.2166],[99.612133,12.165003],[99.595461,12.064997],[99.686272,11.831647],[99.604211,11.614969],[99.516703,11.608317],[99.475042,11.466661],[98.808467,10.639719],[98.854461,10.526725],[98.57855,9.998369],[96.503308,10.000467]]]}},{"type":"Feature","properties":{"role":"external-label","code":"VTBB","label":"BANGKOK FIR"},"geometry":{"type":"Point","coordinates":[101.083018,13.042771]}},{"type":"Feature","properties":{"id":"VVHM","role":"overseas-fir","fir_lbl_1":"HO CHI MINH FIR","alignedTo":"AIP 2026년 10차"},"geometry":{"type":"Polygon","coordinates":[[[102.538837,8.855689],[103,7],[108,7],[114,10.5],[114,14.5],[112,14.5],[110.296388,16.012552],[108.631894,15.392491],[107.552102,14.736488],[107.544062,14.689135],[107.556694,14.6175],[107.493385,14.410334],[107.449753,14.415444],[107.395248,14.317972],[107.407417,14.235473],[107.339226,14.111],[107.37397,14.081473],[107.367722,14.011306],[107.457802,13.979222],[107.456055,13.788083],[107.536003,13.736861],[107.618469,13.516084],[107.626114,13.357361],[107.608553,13.305607],[107.489281,12.9535],[107.56472,12.788778],[107.588669,12.5875],[107.546028,12.345472],[107.433746,12.245528],[107.350334,12.3255],[107.157471,12.271139],[106.999443,12.089194],[106.918724,12.059972],[106.794693,12.075139],[106.722031,11.968583],[106.417969,11.972362],[106.467224,11.867473],[106.418861,11.768528],[106.448753,11.66725],[106.387665,11.699555],[106.30661,11.672305],[106.192642,11.753139],[106.03672,11.77525],[105.958809,11.641723],[105.850586,11.657945],[105.811302,11.598084],[105.882668,11.534528],[105.871559,11.294],[105.903496,11.264114],[106.109528,11.071083],[106.14933,11.098389],[106.176781,11.07675],[106.207001,10.978027],[106.14975,10.975944],[106.14592,10.912139],[106.19239,10.789861],[106.07283,10.812306],[105.954193,10.903028],[105.93367,10.83725],[105.860138,10.859555],[105.863831,10.905861],[105.777527,11.026472],[105.544777,10.950222],[105.429581,10.966473],[105.356918,10.849667],[105.112083,10.916833],[105.109726,10.955944],[105.034363,10.87925],[105.09333,10.710834],[104.95047,10.628445],[104.875862,10.525056],[104.593025,10.52975],[104.50264,10.409833],[104.353638,10.49475],[104.291138,10.478167],[104.050087,10.548278],[103.923045,10.661691],[103.787709,10.46304],[102.538837,8.855689]]]}},{"type":"Feature","properties":{"role":"external-label","code":"VVHM","label":"HO CHI MINH FIR"},"geometry":{"type":"Point","coordinates":[108.831833,10.958542]}},{"type":"Feature","properties":{"id":"VVHN","role":"overseas-fir","fir_lbl_1":"HANOI FIR","alignedTo":"AIP 2026년 10차"},"geometry":{"type":"Polygon","coordinates":[[[102.15,22.4],[102.215553,22.325143],[102.668369,21.83169],[102.684333,21.669866],[102.7569,21.681477],[102.852688,21.855637],[102.890422,21.736628],[103.026848,21.632132],[102.884617,21.231564],[103.173432,20.828819],[103.48692,20.799793],[103.678496,20.654659],[103.797505,20.843333],[104.145825,21.002979],[104.633473,20.640872],[104.546393,20.510252],[104.708942,20.263525],[104.93535,20.211277],[104.975987,20.003011],[104.836659,19.933347],[104.830854,19.791117],[104.598641,19.585027],[104.055842,19.648886],[104.148728,19.509558],[104.128409,19.439894],[103.957152,19.301292],[104.662499,18.860087],[105.209652,18.672139],[105.108058,18.480563],[105.308342,18.24327],[105.523139,18.23166],[106.421514,17.04701],[106.694365,16.504211],[107.293765,16.069537],[107.427288,16.127591],[107.392456,15.912793],[107.227004,15.837324],[107.69143,15.263322],[107.60435,14.993374],[107.496952,14.949834],[107.566616,14.88017],[107.552102,14.736488],[108.631894,15.392491],[110.296388,16.012552],[108.696057,17.433407],[108.433333,17.666667],[107.681389,18.341111],[107.189722,19.267778],[107.929722,19.959167],[108,20.5],[108.208611,21.209722],[108,21.533333],[107.966667,21.533333],[107.85,21.65],[107.5,21.616667],[107.466667,21.666667],[107.366667,21.6],[107.366667,21.666667],[107.283333,21.733333],[107.25,21.7],[107.083333,21.816667],[107.016667,21.816667],[107.016667,21.866667],[107.066667,21.9],[107,21.95],[106.966667,21.916667],[106.933333,21.933333],[106.916667,21.983333],[106.8,21.983333],[106.8,22.016667],[106.733333,22.016667],[106.683333,21.95],[106.7,22.283333],[106.566667,22.333333],[106.566667,22.466667],[106.583333,22.466667],[106.65,22.55],[106.566667,22.583333],[106.75,22.666667],[106.833333,22.816667],[106.716667,22.85],[106.716667,22.866667],[106.683333,22.866667],[106.683333,22.85],[106.633333,22.85],[106.6,22.933333],[106.566667,22.916667],[106.533333,22.95],[106.5,22.9],[106.35,22.85],[106.266667,22.866667],[106.266667,22.916667],[106.2,22.983333],[106.083333,23],[106,23],[106,22.916667],[105.916667,22.933333],[105.883333,22.916667],[105.816667,23],[105.75,23.05],[105.733333,23.066667],[105.65,23.083333],[105.583333,23.066667],[105.566667,23.166667],[105.541667,23.195833],[105.5,23.2],[105.433333,23.3],[105.416667,23.283333],[105.333333,23.4],[105.25,23.333333],[105.216667,23.283333],[105.183333,23.283333],[105.116667,23.25],[105.083333,23.266667],[105,23.2],[104.966667,23.216667],[104.95,23.166667],[104.9,23.183333],[104.883333,23.133333],[104.816667,23.133333],[104.866667,22.95],[104.733333,22.816667],[104.583333,22.85],[104.366667,22.7],[104.283333,22.733333],[104.283333,22.85],[104.133333,22.816667],[104.05,22.716667],[103.966667,22.516667],[103.65,22.8],[103.533333,22.6],[103.45,22.75],[103.333333,22.816667],[103.283333,22.683333],[103.2,22.65],[103.183333,22.566667],[103.083333,22.516667],[103.083333,22.45],[103.033333,22.45],[102.883333,22.75],[102.7,22.7],[102.616667,22.733333],[102.583333,22.7],[102.5,22.783333],[102.383333,22.683333],[102.416667,22.633333],[102.25,22.466667],[102.266667,22.416667],[102.166667,22.433333],[102.15,22.4]]]}},{"type":"Feature","properties":{"role":"external-label","code":"VVHN","label":"HANOI FIR"},"geometry":{"type":"Point","coordinates":[106.276211,19.578677]}},{"type":"Feature","properties":{"id":"WAAF","role":"overseas-fir","fir_lbl_1":"UJUNG PANDANG FIR","alignedTo":"AIP 2026년 10차"},"geometry":{"type":"Polygon","coordinates":[[[110.38333333333,-8.3333333333333],[114.5,-12],[123.333333,-12],[124.305278,-11.268056],[126.833333,-9.333333],[130.454444,-8.323333],[133.666667,-7.393889],[135,-7],[136,-7.615],[139.666667,-9.833333],[141,-9.833333],[141.033333,-9.616667],[141.01833333333,-6.8927777777778],[140.898333,-6.842222],[140.870278,-6.604167],[141,-6.316667],[141,3.5],[133,3.5],[132.57142857142858,4],[118,4],[117.916667,4.15],[117.5,4.133333],[117.25,4.333333],[116.85,4.3],[116.75,4.35],[116.616667,4.316667],[116.583333,4.35],[116.433333,4.283333],[116.366667,4.35],[116.183333,4.366667],[116.066667,4.266667],[115.9,4.366667],[115.85,4.233333],[115.7,4.183333],[115.633333,3.933333],[115.583333,3.916667],[115.633333,3.866667],[115.583333,3.666667],[115.666667,3.416667],[115.566667,3.4],[115.533333,3.2],[115.583333,3.166667],[115.5,3.016667],[115.333333,2.95],[115.3,3.016667],[115.116667,2.816667],[115.166667,2.8],[115.1,2.616667],[115.183333,2.616667],[115.266667,2.5],[115,2.333333],[114.966667,2.35],[114.966667,2.283333],[114.816667,2.2],[114.816667,2.05],[114.9,2.05],[114.883333,1.916667],[114.733333,1.8],[114.716667,1.633333],[114.566667,1.4],[114.416667,1.5],[114.2,1.4],[114.133333,1.45],[113.85,1.366667],[113.816667,1.283333],[113.633333,1.183333],[113.585,1.245556],[113.583333,1.216667],[111.35,-1.7166666666667],[110.38333333333,-3],[110.38333333333,-8.3333333333333]]]}},{"type":"Feature","properties":{"role":"external-label","code":"WAAF","label":"UJUNG PANDANG FIR"},"geometry":{"type":"Point","coordinates":[125.1,-2.916667]}},{"type":"Feature","properties":{"id":"WBFC","role":"overseas-fir","fir_lbl_1":"KOTA KINABALU FIR","alignedTo":"AIP 2026년 10차"},"geometry":{"type":"Polygon","coordinates":[[[108.5,1],[108.969746,1.004258],[108.95,1.133333],[109.05,1.333333],[109.066667,1.516667],[109.3,1.65],[109.35,1.933333],[109.583333,1.983333],[109.633333,2.066667],[109.616667,2],[109.533333,1.933333],[109.566667,1.8],[109.666667,1.783333],[109.65,1.616667],[109.833333,1.416667],[109.916667,1.416667],[109.983333,1.283333],[110.066667,1.2],[110.166667,1.183333],[110.266667,1],[110.55,0.833333],[110.816667,0.9],[110.916667,1],[111.25,1.066667],[111.533333,0.933333],[111.633333,1.016667],[111.85,0.966667],[111.95,1.116667],[112.15,1.133333],[112.25,1.433333],[112.5,1.55],[112.683333,1.516667],[113.033333,1.55],[112.95,1.4],[113.066667,1.4],[113.45,1.266667],[113.533333,1.3],[113.585,1.245556],[113.633333,1.183333],[113.816667,1.283333],[113.85,1.366667],[114.133333,1.45],[114.2,1.4],[114.416667,1.5],[114.566667,1.4],[114.716667,1.633333],[114.733333,1.8],[114.883333,1.916667],[114.9,2.05],[114.816667,2.05],[114.816667,2.2],[114.966667,2.283333],[114.966667,2.35],[115,2.333333],[115.266667,2.5],[115.183333,2.616667],[115.1,2.616667],[115.166667,2.8],[115.116667,2.816667],[115.3,3.016667],[115.333333,2.95],[115.5,3.016667],[115.583333,3.166667],[115.533333,3.2],[115.566667,3.4],[115.666667,3.416667],[115.583333,3.666667],[115.633333,3.866667],[115.583333,3.916667],[115.633333,3.933333],[115.7,4.183333],[115.85,4.233333],[115.9,4.366667],[116.066667,4.266667],[116.183333,4.366667],[116.366667,4.35],[116.433333,4.283333],[116.583333,4.35],[116.616667,4.316667],[116.75,4.35],[116.85,4.3],[117.25,4.333333],[117.5,4.133333],[117.916667,4.15],[118,4],[120,4],[117.5,7.5],[116.5,8.416667],[110.808451,4.0275],[108.5,2.25],[108.5,1]]]}},{"type":"Feature","properties":{"role":"external-label","code":"WBFC","label":"KOTA KINABALU FIR"},"geometry":{"type":"Point","coordinates":[114.25,4.625]}},{"type":"Feature","properties":{"id":"WIIF","role":"overseas-fir","fir_lbl_1":"JAKARTA FIR","alignedTo":"AIP 2026년 10차"},"geometry":{"type":"Polygon","coordinates":[[[92,-2],[102.340556,-9],[107,-12],[114.5,-12],[110.38333333333,-8.3333333333333],[110.38333333,-6.72305556],[110.38333333,-5.47916667],[110.38333333333,-4.8833333333333],[110.38333333,-3],[111.35,-1.7166666666667],[113.583333,1.216667],[113.585,1.245556],[113.533333,1.3],[113.45,1.266667],[113.066667,1.4],[112.95,1.4],[113.033333,1.55],[112.683333,1.516667],[112.5,1.55],[112.25,1.433333],[112.15,1.133333],[111.95,1.116667],[111.85,0.966667],[111.633333,1.016667],[111.533333,0.933333],[111.25,1.066667],[110.916667,1],[110.816667,0.9],[110.55,0.833333],[110.266667,1],[110.166667,1.183333],[110.066667,1.2],[109.983333,1.283333],[109.916667,1.416667],[109.833333,1.416667],[109.65,1.616667],[109.666667,1.783333],[109.566667,1.8],[109.533333,1.933333],[109.616667,2],[109.633333,2.066667],[109.583333,1.983333],[109.35,1.933333],[109.3,1.65],[109.066667,1.516667],[109.05,1.333333],[108.95,1.133333],[108.969746,1.004258],[108.5,1],[108.5,2.25],[109.271298,2.843897],[108.249917,4.934803],[108.004432,4.989558],[107.909523,4.968568],[107.570042,4.655552],[107.291247,4.213176],[106.524219,3.840385],[105.856207,3.508204],[105.443719,3.247205],[105.148041,2.732963],[105.372537,2.308155],[104.770231,1.329408],[104.582238,1.484547],[104.505581,1.300205],[103.990883,1.24545],[103.753611,1.137765],[103.645926,1.201646],[103.533652,1.239101],[103.5,1.216667],[102.166667,1.65],[101.563306,2.206694],[97.499094,5.999589],[94.416175,5.999586],[92,6],[92,-2]]]}},{"type":"Feature","properties":{"role":"external-label","code":"WIIF","label":"JAKARTA FIR"},"geometry":{"type":"Point","coordinates":[102.277836,-2.902256]}},{"type":"Feature","properties":{"id":"WMFC","role":"overseas-fir","fir_lbl_1":"KUALA LUMPUR FIR","alignedTo":"AIP 2026년 10차"},"geometry":{"type":"Polygon","coordinates":[[[94.416175,5.999586],[97.499094,5.999589],[101.563306,2.206694],[102.166667,1.65],[103.5,1.216667],[103.6,1.283333],[103.675,1.433333],[103.698283,1.433275],[103.748278,1.433275],[103.8316,1.458272],[103.889928,1.416608],[103.981581,1.416608],[104.048239,1.433275],[104.081569,1.416608],[104.073236,1.366611],[104.081569,1.333281],[104.333333,1.333333],[104.75,2.6],[103.666667,3.666667],[103.733333,4.833333],[102.666667,6.75],[102.25,6.25],[102.083333,6.25],[102.065156,6.249581],[102.065156,6.149589],[101.898511,5.949603],[101.915178,5.882942],[101.798525,5.766283],[101.765197,5.799614],[101.698539,5.799614],[101.665211,5.882942],[101.581886,5.949603],[101.381914,5.882942],[101.231933,5.799614],[101.231933,5.716286],[101.148611,5.666289],[101.015294,5.816278],[101.113389,5.952236],[101.130053,6.102225],[101.113389,6.268881],[100.966667,6.283333],[100.863417,6.268878],[100.830086,6.4522],[100.7301,6.518861],[100.646775,6.468864],[100.330147,6.593853],[100.330147,6.668847],[100.280153,6.710511],[100.1635,6.735508],[100.146836,6.568853],[100.113508,6.435531],[99.996433,6.435561],[99.880203,6.543853],[99.513581,6.435525],[99.496911,6.502189],[97.997094,7.252125],[96.503308,10.000467],[94.416667,10],[94.416175,5.999586]]]}},{"type":"Feature","properties":{"role":"external-label","code":"WMFC","label":"KUALA LUMPUR FIR"},"geometry":{"type":"Point","coordinates":[99.582158,5.607951]}},{"type":"Feature","properties":{"id":"WSJC","role":"overseas-fir","fir_lbl_1":"SINGAPORE FIR","alignedTo":"AIP 2026년 10차"},"geometry":{"type":"Polygon","coordinates":[[[102.666667,6.75],[103.733333,4.833333],[103.666667,3.666667],[104.75,2.6],[104.333333,1.333333],[104.081569,1.333281],[104.073236,1.366611],[104.081569,1.416608],[104.048239,1.433275],[103.981581,1.416608],[103.889928,1.416608],[103.8316,1.458272],[103.748278,1.433275],[103.698283,1.433275],[103.675,1.433333],[103.6,1.283333],[103.533652,1.239101],[103.645926,1.201646],[103.753611,1.137765],[103.990883,1.24545],[104.505581,1.300205],[104.582238,1.484547],[104.770231,1.329408],[105.372537,2.308155],[105.148041,2.732963],[105.443719,3.247205],[105.856207,3.508204],[106.524219,3.840385],[107.291247,4.213176],[107.570042,4.655552],[107.909523,4.968568],[108.004432,4.989558],[108.249917,4.934803],[109.271298,2.843897],[110.808451,4.0275],[116.5,8.416667],[114,10.5],[108,7],[103,7],[102.666667,6.75]]]}},{"type":"Feature","properties":{"role":"external-label","code":"WSJC","label":"SINGAPORE FIR"},"geometry":{"type":"Point","coordinates":[109.333334,4.833334]}},{"type":"Feature","properties":{"id":"ZBPE","role":"overseas-fir","fir_lbl_1":"BEIJING FIR","alignedTo":"AIP 2026년 10차"},"geometry":{"type":"Polygon","coordinates":[[[105.229167,41.7475],[107.971111,39.088889],[111.070833,39.0375],[112.421111,35.483889],[114.5,36.316667],[115.330556,36.641667],[115.42209659767218,36.675294195281516],[117.5,37.486666],[119.55,38.116666],[120,38.25],[119.866666,39.5],[119.343333,39.903333],[118.083333,42.25],[117.516666,43.245],[115.354166,45.388055],[115.35416764095791,45.388055364805226],[115.354167,45.388056],[114.763619,45.434694],[114.545264,45.389431],[114.456972,45.208319],[114.178628,45.042217],[114.084722,44.944414],[113.931914,44.922756],[113.780253,44.835267],[113.652253,44.753333],[113.511133,44.777225],[113.117797,44.799972],[113.039703,44.829192],[112.607522,44.926367],[112.551086,44.999706],[112.427211,45.08055],[112.320297,45.069433],[112.097247,45.075278],[111.996406,45.093325],[111.802231,45.007497],[111.574422,44.688589],[111.479425,44.488339],[111.422761,44.342808],[111.674975,44.051117],[111.879464,43.938872],[111.97555,43.776097],[111.918083,43.691642],[111.783894,43.672506],[111.590292,43.498611],[111.419436,43.481653],[111.005303,43.325006],[110.689431,43.055258],[110.599992,42.922503],[110.440539,42.777775],[110.107478,42.645536],[109.942236,42.640836],[109.544719,42.473878],[109.313586,42.429989],[109.013872,42.456917],[108.818036,42.403633],[108.541411,42.440017],[108.313892,42.436922],[108.239178,42.460528],[107.949806,42.415575],[107.571108,42.410278],[107.508886,42.457778],[107.278328,42.411081],[107.228308,42.3539],[106.781972,42.295572],[105.8,41.95],[105.229167,41.7475]]]}},{"type":"Feature","properties":{"role":"external-label","code":"ZBPE","label":"BEIJING FIR"},"geometry":{"type":"Point","coordinates":[113.29524,40.09172]}},{"type":"Feature","properties":{"id":"ZGZU","role":"overseas-fir","fir_lbl_1":"GUANGZHOU FIR","alignedTo":"AIP 2026년 10차"},"geometry":{"type":"Polygon","coordinates":[[[105.541667,23.195833],[105.566667,23.166667],[105.583333,23.066667],[105.65,23.083333],[105.733333,23.066667],[105.75,23.05],[105.816667,23],[105.883333,22.916667],[105.916667,22.933333],[106,22.916667],[106,23],[106.083333,23],[106.2,22.983333],[106.266667,22.916667],[106.266667,22.866667],[106.35,22.85],[106.5,22.9],[106.533333,22.95],[106.566667,22.916667],[106.6,22.933333],[106.633333,22.85],[106.683333,22.85],[106.683333,22.866667],[106.716667,22.866667],[106.716667,22.85],[106.833333,22.816667],[106.75,22.666667],[106.566667,22.583333],[106.65,22.55],[106.583333,22.466667],[106.566667,22.466667],[106.566667,22.333333],[106.7,22.283333],[106.683333,21.95],[106.733333,22.016667],[106.8,22.016667],[106.8,21.983333],[106.916667,21.983333],[106.933333,21.933333],[106.966667,21.916667],[107,21.95],[107.066667,21.9],[107.016667,21.866667],[107.016667,21.816667],[107.083333,21.816667],[107.25,21.7],[107.283333,21.733333],[107.366667,21.666667],[107.366667,21.6],[107.466667,21.666667],[107.5,21.616667],[107.85,21.65],[107.966667,21.533333],[108,21.533333],[108.208611,21.209722],[108,20.5],[111.5,20.5],[111.5,21.108348333333],[112.62804027778,21.474808055556],[112.95092305556,21.579644722222],[113.26802277778,21.682646666667],[113.44833333333,21.863333333333],[113.58811,22.02861],[113.65388888889,22.105555555556],[113.6804,22.13803],[113.69809388889,22.159491388889],[113.66583333333,22.228888888889],[113.76011833333,22.333292222222],[113.82888888889,22.409444444444],[114.11584,22.51252],[114.21139333333,22.546479444444],[114.21885333333,22.540969444444],[114.26805555556,22.580555555556],[114.30387555556,22.579993888889],[114.39805555556,22.609065277778],[114.46683277778,22.541030277778],[114.48443,22.462039444444],[114.50229583333,22.449156388889],[114.5132975,22.397393333333],[114.69929722222,22.471388888889],[114.75,22.491633888889],[114.7785,22.502902777778],[115.87972222222,22.539583333333],[116.07501611111,22.794039722222],[116.094722,22.819722],[116.501389,22.6825],[117.5,23],[117.5,23.5],[117.183333,23.7],[116.7,24.366666],[115.64366541357866,24.61746048388329],[115.408333,24.673333],[115.416666,25.091666],[114.873333,25.766666],[114.116666,26.05],[113.95,26.7],[114.1626441053207,27.504600072324816],[114.56650739841795,29.03273288534275],[114.566666,29.033333],[114.56666624281502,29.033333186552955],[112.535,29.533889],[109.144167,29.676389],[109.383333,28.783333],[109.45,27.516667],[109.316667,26.583333],[107.65,25.7],[105.8,24.65],[105.541667,23.195833]]]}},{"type":"Feature","properties":{"role":"external-label","code":"ZGZU","label":"GUANGZHOU FIR"},"geometry":{"type":"Point","coordinates":[111.341667,25.279167]}},{"type":"Feature","properties":{"id":"ZHWH","role":"overseas-fir","fir_lbl_1":"WUHAN FIR","alignedTo":"AIP 2026년 10차"},"geometry":{"type":"Polygon","coordinates":[[[109.144167,29.676389],[112.535,29.533889],[114.56666624281502,29.033333186552955],[115.933333,30.083333],[115.81634829572205,32.83734791321005],[115.813333,32.908333],[115.90499378865869,34.46013374953463],[115.908333,34.516666],[115.45,35.246666],[115.4,36.666666],[115.42209659767218,36.675294195281516],[115.330556,36.641667],[114.5,36.316667],[112.421111,35.483889],[110.848889,33.540833],[109.516667,31.9],[109.144167,29.676389]]]}},{"type":"Feature","properties":{"role":"external-label","code":"ZHWH","label":"WUHAN FIR"},"geometry":{"type":"Point","coordinates":[113.26801,32.46819]}},{"type":"Feature","properties":{"id":"ZJSA","role":"overseas-fir","fir_lbl_1":"SANYA FIR","alignedTo":"AIP 2026년 10차"},"geometry":{"type":"Polygon","coordinates":[[[107.189722,19.267778],[107.681389,18.341111],[108.433333,17.666667],[108.696057,17.433407],[110.296388,16.012552],[112,14.5],[114,14.5],[114,16.666667],[111.5,19.5],[111.5,20.5],[108,20.5],[107.929722,19.959167],[107.189722,19.267778]]]}},{"type":"Feature","properties":{"role":"external-label","code":"ZJSA","label":"SANYA FIR"},"geometry":{"type":"Point","coordinates":[110.40915,18.41011]}},{"type":"Feature","properties":{"id":"ZKKP","role":"overseas-fir","fir_lbl_1":"PYONGYANG FIR","source":"국토교통부 공역정보 KMZ","cycle":"AIP 2026년 10차"},"geometry":{"type":"MultiPolygon","coordinates":[[[[129.913439,43.00748],[129.874014,42.987844],[129.904839,42.970003],[129.850984,42.959939],[129.851375,42.927203],[129.830669,42.904689],[129.797316,42.830022],[129.751211,42.704672],[129.785522,42.673328],[129.770297,42.661914],[129.774641,42.646853],[129.742708,42.640855],[129.741289,42.617514],[129.760847,42.603308],[129.727214,42.568072],[129.729478,42.483528],[129.701322,42.438272],[129.587241,42.440303],[129.592333,42.417197],[129.554591,42.387375],[129.542475,42.364464],[129.514814,42.387016],[129.434041,42.435089],[129.341809,42.445447],[129.3443,42.414372],[129.313141,42.422847],[129.297561,42.386122],[129.215922,42.355989],[129.241475,42.332339],[129.234619,42.318794],[129.190372,42.311733],[129.224466,42.296361],[129.209539,42.286439],[129.209691,42.268414],[129.175808,42.240539],[129.212183,42.226039],[129.146125,42.166716],[129.102503,42.135641],[129.065275,42.147808],[129.063241,42.130933],[129.041097,42.120822],[129.021705,42.097203],[128.952167,42.069361],[128.924269,42.023583],[128.722761,42.045247],[128.671253,42.016991],[128.603241,42.025603],[128.570297,42.000272],[128.474325,41.996275],[128.422475,42.028633],[128.299831,42.037708],[128.049709,41.986405],[128.105314,41.792039],[128.172208,41.70193],[128.269439,41.636958],[128.302211,41.572214],[128.222514,41.441122],[128.150005,41.380086],[128.108528,41.380372],[128.108508,41.392672],[128.073758,41.385011],[128.041728,41.394291],[128.041161,41.419203],[128.019392,41.411503],[128.005683,41.446344],[127.975494,41.424344],[127.922797,41.447194],[127.895089,41.434266],[127.869958,41.43505],[127.861103,41.403972],[127.648205,41.420489],[127.649216,41.403028],[127.531433,41.459528],[127.42825,41.454183],[127.391872,41.4716],[127.344822,41.463533],[127.265928,41.480522],[127.290258,41.499078],[127.237908,41.501433],[127.210489,41.518853],[127.168111,41.526386],[127.137808,41.518641],[127.101811,41.540769],[127.178625,41.587525],[127.100961,41.621361],[127.039733,41.669519],[127.077905,41.682036],[127.049466,41.703025],[127.037466,41.731791],[126.933725,41.767839],[126.936108,41.794464],[126.913128,41.796108],[126.829094,41.727903],[126.794739,41.725011],[126.785472,41.694003],[126.751467,41.7193],[126.678903,41.724439],[126.720658,41.702478],[126.652353,41.661264],[126.609553,41.660836],[126.606341,41.642705],[126.562783,41.604658],[126.584422,41.568466],[126.556136,41.508494],[126.499953,41.425841],[126.508928,41.395433],[126.527258,41.357458],[126.498803,41.342291],[126.48578,41.367808],[126.456016,41.3571],[126.290389,41.184997],[126.279239,41.15273],[126.168505,41.092125],[126.116447,41.071711],[126.132791,41.056078],[126.124667,41.034733],[126.094808,41.015103],[126.098089,41.003294],[126.070811,40.986836],[126.076669,40.978055],[126.061647,40.968633],[126.026094,40.929053],[125.991161,40.924733],[125.977461,40.913383],[126.0196,40.905816],[126.012325,40.896464],[125.928803,40.87655],[125.906128,40.898819],[125.826378,40.862986],[125.787166,40.880453],[125.76185,40.883616],[125.688628,40.852278],[125.645028,40.80225],[125.684375,40.770044],[125.600189,40.75998],[125.580161,40.785036],[125.559564,40.775041],[125.544728,40.71865],[125.461811,40.709966],[125.459316,40.674183],[125.412453,40.658044],[125.419433,40.633691],[125.40323,40.62145],[125.375133,40.638414],[125.329686,40.633916],[125.322128,40.647622],[125.285844,40.647622],[125.251075,40.605364],[125.169441,40.593941],[125.104439,40.560822],[125.021292,40.533411],[125.007686,40.513991],[125.04053,40.459486],[124.938328,40.456661],[124.89595,40.476436],[124.83535,40.410058],[124.758253,40.379222],[124.700266,40.301286],[124.628241,40.284425],[124.552655,40.241025],[124.542075,40.21818],[124.37125,40.09483],[124.362178,39.992039],[124.309266,39.925797],[124.168333,39.828055],[124,39.5],[124,38],[124.85,38],[124.86475,37.769389],[125.045278,37.640222],[125.239694,37.586083],[125.326765,37.617308],[125.514667,37.684694],[125.593007,37.689046],[125.695833,37.694444],[125.747972,37.717472],[126.014639,37.661083],[126.109366,37.715392],[126.164166,37.703611],[126.165341,37.678356],[126.165829,37.678681],[126.166146,37.67875],[126.166869,37.678852],[126.167146,37.679279],[126.167822,37.679238],[126.168135,37.679056],[126.167995,37.678735],[126.167946,37.678448],[126.168433,37.677871],[126.169462,37.677253],[126.170003,37.677249],[126.170133,37.676889],[126.170582,37.676706],[126.171122,37.676666],[126.17225,37.676692],[126.174285,37.677034],[126.174917,37.6771],[126.175538,37.676342],[126.175581,37.676199],[126.177063,37.67572],[126.177562,37.675967],[126.179146,37.676312],[126.180092,37.676232],[126.180459,37.676659],[126.1824,37.676715],[126.183618,37.676776],[126.184348,37.677307],[126.18444,37.67745],[126.185443,37.67823],[126.185583,37.678551],[126.186128,37.678797],[126.185818,37.679194],[126.186274,37.679513],[126.186281,37.680014],[126.185387,37.680595],[126.185079,37.681099],[126.184319,37.681607],[126.1841,37.682039],[126.184782,37.682427],[126.184742,37.682786],[126.1852,37.683248],[126.185704,37.683781],[126.186116,37.684208],[126.186523,37.68424],[126.186708,37.684597],[126.186979,37.684595],[126.187288,37.684162],[126.187647,37.684051],[126.188237,37.684297],[126.189141,37.684433],[126.19028,37.685212],[126.191557,37.686168],[126.192467,37.686734],[126.192702,37.687341],[126.192797,37.687699],[126.19276,37.688236],[126.192898,37.688414],[126.193306,37.68859],[126.194965,37.691013],[126.200409,37.699423],[126.203273,37.704092],[126.204609,37.706052],[126.205717,37.707798],[126.20673,37.709259],[126.207792,37.71097],[126.209337,37.713236],[126.210698,37.715424],[126.214758,37.721696],[126.217481,37.725972],[126.220849,37.731175],[126.225001,37.737554],[126.228924,37.74372],[126.232706,37.749528],[126.232761,37.750208],[126.230484,37.750835],[126.225311,37.752739],[126.223236,37.756687],[126.214973,37.762603],[126.212387,37.764053],[126.209603,37.767109],[126.205566,37.767475],[126.204849,37.76857],[126.204887,37.772991],[126.208572,37.773659],[126.212341,37.775478],[126.216591,37.777504],[126.216774,37.777591],[126.216965,37.779602],[126.217797,37.781849],[126.218567,37.783462],[126.221619,37.786705],[126.224472,37.789085],[126.224106,37.789081],[126.224228,37.790806],[126.220459,37.792034],[126.218857,37.793052],[126.218468,37.794887],[126.220321,37.796394],[126.222481,37.797809],[126.222649,37.797973],[126.224808,37.800094],[126.225113,37.801986],[126.223396,37.803715],[126.223694,37.804577],[126.235756,37.811809],[126.236389,37.812793],[126.236442,37.814171],[126.237571,37.815616],[126.238929,37.816547],[126.2416,37.816917],[126.242103,37.816692],[126.245376,37.815342],[126.246392,37.815006],[126.248199,37.814621],[126.252105,37.814373],[126.258018,37.814769],[126.261826,37.816181],[126.264259,37.817467],[126.266433,37.817085],[126.267319,37.815597],[126.267334,37.814567],[126.267868,37.814762],[126.269012,37.814956],[126.27082,37.814201],[126.273049,37.813862],[126.274742,37.813015],[126.276253,37.811748],[126.278641,37.809917],[126.281967,37.808594],[126.286857,37.806682],[126.291435,37.805042],[126.29364,37.802326],[126.296806,37.802353],[126.301147,37.803714],[126.303146,37.802742],[126.305275,37.802166],[126.311318,37.801872],[126.313926,37.801994],[126.319748,37.803825],[126.322777,37.805729],[126.32283,37.805916],[126.323029,37.806671],[126.323448,37.807708],[126.324302,37.808288],[126.325913,37.807155],[126.328323,37.804935],[126.329201,37.803852],[126.330169,37.80162],[126.331703,37.800197],[126.333458,37.79895],[126.335053,37.798103],[126.33625,37.79806],[126.336882,37.797809],[126.336927,37.797665],[126.340498,37.796477],[126.353348,37.791782],[126.354973,37.792701],[126.362503,37.796207],[126.36293,37.796612],[126.366287,37.799396],[126.367935,37.80067],[126.369583,37.801315],[126.371742,37.801792],[126.376075,37.801941],[126.37902,37.802768],[126.379814,37.803234],[126.380378,37.803444],[126.383774,37.804699],[126.38633,37.805977],[126.389129,37.810333],[126.390839,37.813194],[126.392196,37.815647],[126.392235,37.816513],[126.393158,37.818092],[126.393112,37.819828],[126.393097,37.820335],[126.391052,37.82204],[126.391472,37.822963],[126.3927,37.822971],[126.395233,37.822761],[126.398124,37.822441],[126.40113,37.822792],[126.401306,37.822727],[126.403717,37.821827],[126.406387,37.821846],[126.411415,37.823459],[126.414704,37.821754],[126.417564,37.82288],[126.420113,37.824966],[126.420936,37.825725],[126.423614,37.828209],[126.424812,37.830456],[126.425949,37.831669],[126.428123,37.830997],[126.429146,37.830547],[126.43074,37.829925],[126.433342,37.829544],[126.436523,37.829109],[126.438278,37.8278],[126.439453,37.825916],[126.440185,37.824947],[126.441345,37.824383],[126.444336,37.822162],[126.445954,37.81982],[126.447563,37.818168],[126.449028,37.816341],[126.449707,37.815475],[126.450264,37.814766],[126.452537,37.811935],[126.45977,37.806373],[126.46479,37.804096],[126.485428,37.790855],[126.490089,37.788181],[126.495117,37.786419],[126.50061,37.786449],[126.500648,37.786426],[126.502258,37.786079],[126.507424,37.783111],[126.508629,37.781841],[126.509659,37.777008],[126.512077,37.774635],[126.513641,37.772617],[126.513993,37.771351],[126.513658,37.769979],[126.514694,37.769402],[126.515822,37.769004],[126.517311,37.768676],[126.518665,37.768385],[126.519161,37.768347],[126.519658,37.768274],[126.5202,37.768272],[126.520607,37.768235],[126.521104,37.768305],[126.521781,37.768267],[126.523139,37.768729],[126.524228,37.769622],[126.525362,37.770443],[126.527895,37.770901],[126.530426,37.771108],[126.532776,37.771172],[126.534585,37.771489],[126.535445,37.771845],[126.535987,37.771843],[126.536483,37.77159],[126.537429,37.771049],[126.538601,37.770543],[126.540451,37.770179],[126.543296,37.769847],[126.545328,37.769661],[126.547541,37.769618],[126.549344,37.768716],[126.550879,37.768495],[126.552551,37.768562],[126.554584,37.768591],[126.555894,37.768515],[126.557156,37.768081],[126.559456,37.767212],[126.560309,37.766277],[126.56148,37.765485],[126.56179,37.764408],[126.561964,37.763009],[126.561819,37.761396],[126.562086,37.760462],[126.562939,37.759455],[126.564466,37.757873],[126.566576,37.75532],[126.56761,37.754348],[126.568915,37.75334],[126.570089,37.753193],[126.572392,37.753078],[126.578086,37.75331],[126.58116,37.753551],[126.58315,37.753903],[126.585685,37.754899],[126.588175,37.755859],[126.590076,37.756463],[126.591255,37.75732],[126.592342,37.757818],[126.593201,37.757887],[126.594554,37.757452],[126.59645,37.757088],[126.597895,37.757184],[126.598573,37.757254],[126.599341,37.75711],[126.600468,37.756139],[126.603128,37.753947],[126.604436,37.753228],[126.605656,37.753082],[126.606424,37.753045],[126.607282,37.753223],[126.608548,37.753472],[126.60995,37.7539],[126.611895,37.754757],[126.614384,37.756259],[126.615606,37.757333],[126.617598,37.758764],[126.618459,37.75991],[126.618821,37.760089],[126.620449,37.760588],[126.621129,37.761412],[126.622168,37.761517],[126.625248,37.764632],[126.625792,37.765169],[126.627332,37.766781],[126.628012,37.767676],[126.628784,37.769217],[126.62924,37.770866],[126.629921,37.771869],[126.631866,37.772834],[126.635121,37.773796],[126.636658,37.774081],[126.638376,37.774365],[126.64127,37.77522],[126.642717,37.775935],[126.643215,37.776042],[126.643576,37.77597],[126.643891,37.77561],[126.645063,37.774712],[126.647183,37.773309],[126.649304,37.772266],[126.650116,37.771906],[126.651065,37.771832],[126.653278,37.771613],[126.655899,37.771788],[126.659063,37.772392],[126.661549,37.772854],[126.664443,37.77371],[126.666659,37.774495],[126.668921,37.775567],[126.671772,37.777356],[126.673764,37.779038],[126.67399,37.779002],[126.674576,37.77857],[126.674892,37.778606],[126.676114,37.779392],[126.677291,37.780395],[126.677473,37.780753],[126.677474,37.781219],[126.677341,37.781937],[126.677387,37.782439],[126.677478,37.78269],[126.677569,37.78294],[126.677661,37.783478],[126.677355,37.787352],[126.677401,37.787675],[126.677672,37.787889],[126.678079,37.788032],[126.678261,37.788247],[126.678171,37.788391],[126.678035,37.788355],[126.677719,37.788356],[126.677312,37.788428],[126.677042,37.788751],[126.676954,37.789576],[126.676911,37.790365],[126.676559,37.794239],[126.67751,37.794955],[126.678552,37.795886],[126.67899,37.796436],[126.679866,37.797497],[126.68159,37.800112],[126.682044,37.801008],[126.682408,37.802012],[126.682636,37.802908],[126.683091,37.80427],[126.68359,37.80495],[126.683999,37.805703],[126.684136,37.80642],[126.684413,37.808535],[126.684644,37.810507],[126.684513,37.812193],[126.683976,37.814238],[126.68366,37.814633],[126.683344,37.814455],[126.683388,37.813917],[126.68334,37.812948],[126.683158,37.812411],[126.682569,37.811946],[126.681755,37.811588],[126.680987,37.811554],[126.680535,37.811555],[126.679408,37.812561],[126.677246,37.815111],[126.674682,37.819275],[126.673334,37.822183],[126.672796,37.823977],[126.673026,37.825411],[126.673617,37.826629],[126.674794,37.827524],[126.681851,37.831206],[126.68479,37.832061],[126.686599,37.832775],[126.687639,37.833204],[126.689358,37.83399],[126.691439,37.834919],[126.692931,37.835311],[126.692302,37.836782],[126.691898,37.837895],[126.691405,37.839187],[126.690912,37.840694],[126.690463,37.841914],[126.690347,37.842885],[126.689894,37.844572],[126.689479,37.845736],[126.688772,37.847191],[126.687262,37.851306],[126.685377,37.856959],[126.684435,37.860285],[126.683992,37.862834],[126.683825,37.864885],[126.684103,37.866215],[126.684546,37.867213],[126.684934,37.867933],[126.684768,37.86882],[126.683909,37.870427],[126.681872,37.874044],[126.68129,37.875],[126.680999,37.875873],[126.681007,37.877904],[126.681007,37.88634],[126.681007,37.897505],[126.681007,37.901785],[126.683736,37.905879],[126.685494,37.908568],[126.686939,37.911218],[126.68824,37.913193],[126.689372,37.914879],[126.689902,37.915842],[126.690625,37.916998],[126.690788,37.917698],[126.690725,37.918368],[126.690336,37.919022],[126.689059,37.919937],[126.685956,37.921819],[126.684178,37.922572],[126.680324,37.924303],[126.678029,37.925419],[126.677098,37.925605],[126.67561,37.925667],[126.674493,37.925915],[126.673955,37.926274],[126.673656,37.926745],[126.673501,37.927528],[126.673439,37.928521],[126.673625,37.929327],[126.673687,37.930196],[126.673811,37.930878],[126.673687,37.933173],[126.673625,37.935158],[126.673377,37.937205],[126.673253,37.93857],[126.672943,37.939438],[126.67195,37.940182],[126.67071,37.940927],[126.670213,37.941671],[126.669531,37.942788],[126.669297,37.943453],[126.669115,37.944337],[126.668962,37.944997],[126.668971,37.94565],[126.6692,37.946144],[126.669483,37.946788],[126.669712,37.947565],[126.669814,37.948142],[126.669669,37.948528],[126.669624,37.949189],[126.669501,37.949925],[126.669573,37.950262],[126.669741,37.950551],[126.669986,37.951006],[126.670103,37.951394],[126.670247,37.952333],[126.670321,37.952674],[126.670206,37.952957],[126.670006,37.953201],[126.669766,37.953514],[126.669747,37.954271],[126.669669,37.954983],[126.669718,37.955344],[126.670031,37.955754],[126.670224,37.955995],[126.670259,37.956469],[126.670312,37.956839],[126.670344,37.957343],[126.670312,37.957775],[126.671331,37.957777],[126.672395,37.957713],[126.673354,37.957488],[126.674198,37.957127],[126.674872,37.956838],[126.676173,37.956211],[126.677209,37.955441],[126.677859,37.955055],[126.678732,37.954896],[126.679882,37.955103],[126.681103,37.955677],[126.682267,37.956428],[126.682609,37.957044],[126.683037,37.957416],[126.683697,37.957797],[126.684924,37.958243],[126.686151,37.958605],[126.687397,37.958789],[126.688529,37.958813],[126.690191,37.958813],[126.691082,37.958548],[126.691729,37.958215],[126.692551,37.957584],[126.693563,37.956717],[126.694743,37.95585],[126.695968,37.95498],[126.696936,37.954236],[126.698501,37.953201],[126.699465,37.952839],[126.700838,37.95255],[126.702283,37.952406],[126.703342,37.952357],[126.704642,37.952442],[126.70559,37.952609],[126.706427,37.952804],[126.70757,37.953139],[126.708881,37.953557],[126.710328,37.954044],[126.711917,37.954525],[126.712953,37.954757],[126.714236,37.955147],[126.715491,37.955482],[126.716579,37.955733],[126.717694,37.95604],[126.718419,37.956235],[126.719479,37.956597],[126.72079,37.956988],[126.722129,37.957323],[126.723069,37.957584],[126.724057,37.957921],[126.724834,37.958578],[126.725559,37.959386],[126.726898,37.960307],[126.728265,37.961227],[126.728739,37.961785],[126.729603,37.964128],[126.730217,37.965076],[126.730803,37.96608],[126.731388,37.966972],[126.732532,37.967363],[126.733424,37.967642],[126.734874,37.967921],[126.73599,37.968088],[126.737607,37.968144],[126.738723,37.968144],[126.7394,37.968158],[126.740313,37.96859],[126.741345,37.969622],[126.742181,37.970765],[126.743013,37.971651],[126.743952,37.972349],[126.745205,37.973168],[126.746144,37.973578],[126.74718,37.973891],[126.747854,37.973939],[126.749131,37.974084],[126.750639,37.974203],[126.751533,37.974292],[126.752338,37.974069],[126.753457,37.973309],[126.754351,37.97304],[126.755156,37.973219],[126.755603,37.974114],[126.755871,37.975366],[126.756185,37.976707],[126.757169,37.978586],[126.757884,37.979346],[126.758734,37.979883],[126.760254,37.980151],[126.761462,37.980151],[126.763519,37.980151],[126.764816,37.980196],[126.765934,37.980375],[126.767097,37.980688],[126.768349,37.981403],[126.769467,37.982387],[126.770988,37.983818],[126.772777,37.985071],[126.7747,37.986412],[126.775371,37.986904],[126.776086,37.987038],[126.776712,37.986949],[126.777338,37.986681],[126.778188,37.986189],[126.779172,37.985518],[126.780201,37.985071],[126.7819,37.984489],[126.783331,37.984176],[126.784315,37.984042],[126.784941,37.985473],[126.785657,37.987396],[126.786909,37.989453],[126.787311,37.990527],[126.787446,37.991734],[126.787446,37.992405],[126.787535,37.993031],[126.78843,37.993657],[126.78919,37.994149],[126.789906,37.994596],[126.790218,37.995133],[126.790487,37.995491],[126.791023,37.996028],[126.791247,37.996967],[126.791381,37.997817],[126.791829,37.998174],[126.792678,37.998264],[126.794073,37.998228],[126.794713,37.998313],[126.79674,37.998911],[126.798318,37.999316],[126.798958,37.999337],[126.799342,37.998825],[126.799769,37.998313],[126.800366,37.997737],[126.800835,37.997481],[126.801369,37.997545],[126.801902,37.997737],[126.802499,37.997908],[126.802969,37.997908],[126.803635,37.997593],[126.804355,37.997332],[126.805017,37.997375],[126.805614,37.997631],[126.806274,37.99804],[126.806721,37.998174],[126.80766,37.998174],[126.8086,37.998121],[126.80924,37.998185],[126.809852,37.998577],[126.81067,37.999103],[126.811462,37.999471],[126.81258,38.000053],[126.813027,38.000276],[126.81276,38.001172],[126.814062,38.001684],[126.815384,38.002217],[126.816382,38.002857],[126.81745,38.003791],[126.818651,38.004547],[126.820297,38.005659],[126.821631,38.006282],[126.823633,38.007127],[126.824478,38.007616],[126.824522,38.008328],[126.824122,38.008906],[126.823455,38.009662],[126.823144,38.01024],[126.822788,38.011263],[126.823188,38.01153],[126.823811,38.012108],[126.824745,38.013221],[126.82559,38.014688],[126.826168,38.016156],[126.827013,38.018336],[126.827814,38.019715],[126.829015,38.02096],[126.831372,38.023184],[126.833685,38.025853],[126.836799,38.029144],[126.837644,38.0299],[126.839245,38.031324],[126.840579,38.032302],[126.841425,38.032747],[126.842181,38.032925],[126.843293,38.032658],[126.844696,38.032245],[126.8454,38.032187],[126.845917,38.032391],[126.846584,38.032747],[126.847014,38.033023],[126.847352,38.03317],[126.848085,38.033228],[126.848819,38.033111],[126.849567,38.032847],[126.850676,38.032347],[126.850873,38.03248],[126.850988,38.032658],[126.85121,38.033726],[126.851299,38.03506],[126.851093,38.035649],[126.850902,38.03628],[126.850917,38.036603],[126.850961,38.036823],[126.851166,38.037062],[126.852144,38.037684],[126.853529,38.038408],[126.85391,38.03873],[126.854571,38.039024],[126.855025,38.0392],[126.855509,38.039317],[126.855836,38.039508],[126.855979,38.039831],[126.856038,38.0403],[126.85595,38.040961],[126.856067,38.041269],[126.856548,38.04191],[126.857388,38.042868],[126.858048,38.043513],[126.858385,38.043851],[126.858532,38.044159],[126.858591,38.045788],[126.858561,38.047049],[126.858693,38.047504],[126.859555,38.04924],[126.859712,38.050127],[126.859686,38.051927],[126.859686,38.057013],[126.859842,38.057691],[126.860573,38.058448],[126.861747,38.059804],[126.862581,38.060874],[126.862738,38.061395],[126.862894,38.0621],[126.863312,38.062804],[126.863807,38.063612],[126.863677,38.064056],[126.86292,38.065334],[126.862529,38.066038],[126.862286,38.06673],[126.862279,38.067169],[126.862498,38.067353],[126.862841,38.06752],[126.863149,38.067599],[126.863482,38.067582],[126.863816,38.067415],[126.864027,38.067213],[126.864256,38.067186],[126.864537,38.067213],[126.864862,38.067274],[126.865221,38.067486],[126.865398,38.067801],[126.865512,38.068337],[126.865679,38.068689],[126.866004,38.068952],[126.866556,38.069399],[126.866803,38.069611],[126.866956,38.069932],[126.86712,38.070235],[126.867137,38.070613],[126.867199,38.071131],[126.867312,38.071489],[126.867489,38.071842],[126.867673,38.072247],[126.867682,38.072651],[126.867621,38.073002],[126.867401,38.073491],[126.867427,38.073758],[126.867579,38.074024],[126.867866,38.074197],[126.868246,38.074291],[126.868604,38.07439],[126.869047,38.074603],[126.868968,38.075266],[126.868824,38.076115],[126.86871,38.076625],[126.868913,38.077049],[126.86912,38.077363],[126.869447,38.077538],[126.870268,38.077784],[126.870537,38.077984],[126.870619,38.078265],[126.870514,38.078487],[126.870326,38.078722],[126.869981,38.078962],[126.869635,38.07919],[126.868628,38.079588],[126.868323,38.079834],[126.868113,38.080296],[126.867972,38.080877],[126.867796,38.081299],[126.867668,38.082253],[126.86789,38.082622],[126.868265,38.082927],[126.868487,38.083196],[126.868897,38.083887],[126.869314,38.084433],[126.869447,38.084789],[126.869401,38.085082],[126.869073,38.085574],[126.869038,38.085832],[126.869237,38.08616],[126.869811,38.086734],[126.86994,38.08705],[126.869952,38.087425],[126.86994,38.087987],[126.870203,38.088302],[126.870737,38.088703],[126.871627,38.089326],[126.872071,38.089637],[126.872828,38.090437],[126.873272,38.091149],[126.873419,38.091525],[126.873495,38.091994],[126.873495,38.092484],[126.87336,38.093704],[126.873513,38.094301],[126.873665,38.094617],[126.87394,38.094974],[126.874614,38.095191],[126.875035,38.095414],[126.875096,38.096131],[126.875106,38.096749],[126.875363,38.097198],[126.875785,38.097417],[126.876164,38.097554],[126.876608,38.09791],[126.876699,38.098295],[126.876675,38.099139],[126.877009,38.099778],[126.877809,38.100846],[126.878832,38.10178],[126.8799,38.102447],[126.880585,38.102742],[126.88133,38.103174],[126.882219,38.103751],[126.882867,38.103943],[126.883612,38.104039],[126.884392,38.103959],[126.886447,38.103222],[126.88755,38.103248],[126.888345,38.103222],[126.888946,38.103126],[126.88957,38.102838],[126.890724,38.102381],[126.892646,38.101709],[126.895023,38.100979],[126.896713,38.100445],[126.897794,38.100095],[126.898488,38.100095],[126.899337,38.100442],[126.899955,38.100983],[126.900379,38.101986],[126.900572,38.1038],[126.900495,38.105729],[126.900534,38.107891],[126.90119,38.108585],[126.902425,38.109936],[126.903428,38.110939],[126.904393,38.111904],[126.905088,38.112792],[126.906052,38.112985],[126.906747,38.113371],[126.907056,38.11449],[126.907403,38.115764],[126.908792,38.116458],[126.911031,38.116883],[126.914697,38.117539],[126.917977,38.118079],[126.919212,38.118388],[126.920563,38.119276],[126.92284,38.120626],[126.924152,38.121784],[126.925426,38.122749],[126.926699,38.123328],[126.927433,38.123791],[126.927857,38.124486],[126.928282,38.125219],[126.928783,38.125991],[126.929401,38.126454],[126.930173,38.126917],[126.931485,38.127226],[126.932952,38.12738],[126.934688,38.127419],[126.936232,38.127419],[126.937235,38.127419],[126.93768,38.127703],[126.938125,38.128059],[126.938749,38.128906],[126.939105,38.129885],[126.939194,38.130776],[126.939372,38.131756],[126.93964,38.132914],[126.94013,38.133582],[126.940852,38.134035],[126.941778,38.134206],[126.942846,38.134206],[126.943515,38.134072],[126.944223,38.133968],[126.945167,38.134035],[126.947212,38.134507],[126.948503,38.134829],[126.949212,38.134822],[126.950223,38.134709],[126.951684,38.134552],[126.95292,38.13462],[126.953886,38.134462],[126.95545,38.134161],[126.957811,38.133716],[126.959571,38.133541],[126.960929,38.134206],[126.961841,38.134664],[126.963032,38.135002],[126.964021,38.135406],[126.96474,38.136058],[126.965338,38.136878],[126.966318,38.138259],[126.966852,38.139091],[126.96752,38.14004],[126.968144,38.141064],[126.968945,38.142178],[126.969658,38.143291],[126.969908,38.143878],[126.969908,38.144372],[126.969658,38.145295],[126.969257,38.146097],[126.968277,38.147567],[126.967369,38.148282],[126.96605,38.148947],[126.964605,38.149721],[126.963378,38.150284],[126.962443,38.150774],[126.96124,38.151397],[126.960483,38.151753],[126.95937,38.151932],[126.958434,38.152199],[126.957499,38.152778],[126.95643,38.153579],[126.95554,38.154381],[126.954293,38.155227],[126.952956,38.156073],[126.951531,38.156697],[126.951122,38.157002],[126.951032,38.157451],[126.95113,38.157855],[126.951442,38.158835],[126.951481,38.159316],[126.951353,38.159726],[126.951077,38.160327],[126.951099,38.160664],[126.951414,38.161249],[126.951843,38.162131],[126.95456,38.162309],[126.95505,38.162799],[126.955851,38.163422],[126.956697,38.164046],[126.957684,38.164642],[126.959144,38.165563],[126.96101,38.167069],[126.962021,38.167923],[126.96292,38.16862],[126.963549,38.169069],[126.964493,38.169788],[126.965391,38.17035],[126.965706,38.170709],[126.965841,38.171159],[126.965917,38.171884],[126.965908,38.173361],[126.965976,38.173945],[126.966362,38.175536],[126.966763,38.177095],[126.967965,38.178654],[126.968852,38.179361],[126.969863,38.180148],[126.969751,38.181047],[126.969684,38.181766],[126.969639,38.182485],[126.969908,38.183766],[126.970148,38.1848],[126.970448,38.1859],[126.967774,38.187653],[126.966095,38.188853],[126.96467,38.189833],[126.965204,38.190278],[126.96663,38.191392],[126.967032,38.191878],[126.967324,38.19244],[126.967654,38.19344],[126.968111,38.194148],[126.969414,38.195316],[126.970358,38.196148],[126.971167,38.196979],[126.972201,38.197608],[126.973488,38.198117],[126.974335,38.198552],[126.975347,38.199294],[126.976043,38.199743],[126.976695,38.20017],[126.977279,38.20071],[126.977594,38.201406],[126.977751,38.201856],[126.977965,38.202084],[126.978628,38.202372],[126.9791,38.202971],[126.979768,38.203996],[126.981639,38.206223],[126.98247,38.207204],[126.983286,38.208405],[126.984311,38.209607],[126.985023,38.210543],[126.985424,38.211523],[126.98587,38.212725],[126.986263,38.21348],[126.987125,38.214243],[126.988095,38.215022],[126.988631,38.215353],[126.98943,38.215752],[126.990384,38.216216],[126.99084,38.216382],[126.99166,38.216466],[126.992224,38.216465],[126.992722,38.216399],[126.99307,38.21644],[126.993534,38.216606],[126.994024,38.216747],[126.994554,38.216867],[126.994936,38.216905],[126.995401,38.216867],[126.996014,38.216764],[126.996603,38.2166],[126.997067,38.216449],[126.997648,38.216395],[126.999756,38.216292],[127.000626,38.216307],[127.000935,38.216248],[127.001502,38.21611],[127.002011,38.216911],[127.002883,38.218114],[127.003417,38.218916],[127.003641,38.21978],[127.003929,38.221484],[127.004191,38.222296],[127.004887,38.223325],[127.005911,38.224082],[127.006969,38.22489],[127.007826,38.225463],[127.00841,38.22607],[127.009118,38.22671],[127.009964,38.227378],[127.010722,38.228001],[127.012146,38.229026],[127.012891,38.229607],[127.013075,38.230315],[127.013037,38.231297],[127.013394,38.232366],[127.013661,38.233123],[127.013703,38.233984],[127.013756,38.234848],[127.014411,38.235975],[127.015131,38.236731],[127.016022,38.237265],[127.01709,38.237621],[127.01787,38.237967],[127.018872,38.238824],[127.020124,38.239172],[127.021513,38.239644],[127.022325,38.240089],[127.023014,38.24065],[127.023949,38.242253],[127.025241,38.24448],[127.026042,38.245995],[127.026832,38.245645],[127.027828,38.245226],[127.02916,38.245193],[127.030632,38.24554],[127.031654,38.246128],[127.032624,38.247112],[127.033043,38.248056],[127.033436,38.249497],[127.034326,38.249869],[127.03544,38.250359],[127.037043,38.251205],[127.037889,38.251784],[127.038468,38.252675],[127.038887,38.253611],[127.039856,38.254922],[127.04089,38.25643],[127.041524,38.257291],[127.042385,38.258378],[127.043155,38.259012],[127.04388,38.25951],[127.044604,38.259827],[127.045419,38.260053],[127.046552,38.260008],[127.04782,38.259872],[127.049315,38.259691],[127.050538,38.259555],[127.051349,38.259404],[127.052037,38.259254],[127.052575,38.259015],[127.053591,38.258746],[127.055026,38.258627],[127.055684,38.258746],[127.056192,38.259105],[127.056551,38.260301],[127.057,38.261048],[127.057478,38.261706],[127.057927,38.262184],[127.058614,38.262483],[127.059362,38.262603],[127.060199,38.262693],[127.061484,38.262663],[127.0628,38.262962],[127.063756,38.263261],[127.064773,38.26353],[127.065221,38.263709],[127.065969,38.264038],[127.066657,38.264576],[127.067045,38.265294],[127.067224,38.265981],[127.067404,38.266878],[127.067822,38.267237],[127.068241,38.267357],[127.068929,38.267297],[127.069586,38.267327],[127.070304,38.267566],[127.070932,38.268074],[127.071559,38.26933],[127.072098,38.270376],[127.072516,38.270765],[127.073503,38.271034],[127.07434,38.271333],[127.074938,38.271871],[127.075536,38.272439],[127.076193,38.272857],[127.076732,38.273396],[127.076851,38.274053],[127.076433,38.275219],[127.075984,38.276535],[127.075596,38.277402],[127.075446,38.27794],[127.076014,38.278209],[127.076672,38.278359],[127.077007,38.278319],[127.077204,38.278147],[127.0773,38.27794],[127.077599,38.277701],[127.077988,38.277571],[127.078319,38.277571],[127.078795,38.277671],[127.079214,38.277865],[127.079751,38.27797],[127.080648,38.278],[127.081426,38.278],[127.081751,38.277791],[127.082083,38.277559],[127.082831,38.277312],[127.083321,38.277326],[127.084296,38.277521],[127.085012,38.277657],[127.085641,38.27785],[127.08603,38.278239],[127.086358,38.278777],[127.087046,38.279255],[127.087844,38.279459],[127.088362,38.279345],[127.088661,38.279016],[127.089046,38.278833],[127.089318,38.278807],[127.090051,38.278883],[127.090553,38.278981],[127.091191,38.27914],[127.092158,38.279166],[127.093145,38.279285],[127.093741,38.279324],[127.094182,38.279446],[127.09449,38.279614],[127.095118,38.280511],[127.095447,38.281498],[127.096374,38.284099],[127.097043,38.285674],[127.097779,38.285504],[127.098348,38.285374],[127.098926,38.285225],[127.099268,38.285353],[127.099653,38.285589],[127.100103,38.286016],[127.100488,38.286295],[127.100918,38.28661],[127.101344,38.286915],[127.101695,38.287178],[127.102221,38.287514],[127.102692,38.288007],[127.103101,38.288613],[127.104267,38.289809],[127.104984,38.290407],[127.105702,38.290736],[127.10636,38.291453],[127.107316,38.292679],[127.108727,38.294212],[127.109559,38.294951],[127.110482,38.295689],[127.110995,38.295903],[127.111591,38.296147],[127.112399,38.296297],[127.113007,38.29631],[127.112997,38.296984],[127.113071,38.297401],[127.11367,38.297658],[127.114282,38.29809],[127.11494,38.298479],[127.115275,38.298599],[127.115681,38.298514],[127.115986,38.298001],[127.116195,38.29785],[127.11658,38.297807],[127.116944,38.298043],[127.117541,38.29821],[127.118169,38.29836],[127.118438,38.298718],[127.118976,38.299017],[127.120381,38.299406],[127.121697,38.299615],[127.123102,38.299675],[127.124836,38.299585],[127.126121,38.299316],[127.127048,38.299286],[127.127795,38.299496],[127.128154,38.299824],[127.128663,38.300901],[127.12932,38.302904],[127.129679,38.30407],[127.130396,38.306701],[127.130845,38.308883],[127.131294,38.310797],[127.131592,38.312262],[127.132041,38.313129],[127.132878,38.313667],[127.133775,38.314205],[127.135598,38.314623],[127.136824,38.314773],[127.13823,38.314803],[127.139455,38.314743],[127.140681,38.314384],[127.141399,38.313936],[127.142026,38.313188],[127.142804,38.312501],[127.144209,38.311813],[127.145285,38.311245],[127.146361,38.310348],[127.147527,38.308973],[127.148932,38.30694],[127.150158,38.305385],[127.151384,38.30392],[127.152221,38.303382],[127.152819,38.303143],[127.154195,38.303502],[127.160622,38.305625],[127.167977,38.307986],[127.179482,38.311118],[127.187167,38.313286],[127.192797,38.31496],[127.196183,38.316101],[127.197705,38.316672],[127.204096,38.318917],[127.209498,38.321047],[127.218018,38.324477],[127.220428,38.325547],[127.221639,38.32643],[127.222446,38.327505],[127.222767,38.328252],[127.223202,38.328588],[127.224035,38.328939],[127.227328,38.330294],[127.230652,38.3315],[127.233438,38.332376],[127.236412,38.333221],[127.238509,38.333754],[127.23926,38.333785],[127.2407,38.333973],[127.241922,38.334161],[127.242548,38.334317],[127.243174,38.333879],[127.24549,38.332032],[127.247682,38.330404],[127.249372,38.329277],[127.250937,38.328588],[127.252941,38.328338],[127.257416,38.327903],[127.263145,38.327646],[127.267164,38.327219],[127.273382,38.326334],[127.277045,38.325834],[127.280238,38.325333],[127.284245,38.324707],[127.288909,38.323861],[127.290913,38.323298],[127.291821,38.322954],[127.292415,38.322453],[127.293135,38.321576],[127.294075,38.320512],[127.295327,38.319479],[127.296235,38.318759],[127.296861,38.318446],[127.297612,38.317976],[127.298113,38.317444],[127.298489,38.316912],[127.298761,38.315974],[127.299061,38.315161],[127.299531,38.314306],[127.300044,38.313451],[127.300557,38.312639],[127.301463,38.313719],[127.302308,38.314376],[127.303028,38.314783],[127.303807,38.315119],[127.304362,38.315461],[127.305313,38.31591],[127.306127,38.316223],[127.306909,38.316442],[127.308036,38.316693],[127.309151,38.316957],[127.310562,38.317171],[127.311802,38.317599],[127.31292,38.317914],[127.314548,38.31854],[127.315736,38.318881],[127.316805,38.319223],[127.317959,38.319565],[127.319327,38.319865],[127.320525,38.320249],[127.321722,38.320677],[127.322748,38.320848],[127.323945,38.320805],[127.324629,38.320763],[127.325014,38.320421],[127.325185,38.319865],[127.325399,38.31901],[127.325997,38.318368],[127.32681,38.318154],[127.327665,38.318154],[127.328648,38.318411],[127.330187,38.31901],[127.332411,38.320121],[127.334292,38.321105],[127.336002,38.322259],[127.33767,38.323499],[127.338782,38.324311],[127.340321,38.324782],[127.341561,38.325466],[127.342715,38.32615],[127.34357,38.326791],[127.344554,38.327475],[127.345751,38.328245],[127.346606,38.328673],[127.34729,38.328801],[127.347835,38.328768],[127.348774,38.32849],[127.349608,38.328281],[127.350685,38.328177],[127.351693,38.328177],[127.352978,38.328316],[127.354368,38.32849],[127.355376,38.328455],[127.356453,38.328177],[127.357843,38.327552],[127.3584,38.326926],[127.359129,38.326301],[127.360102,38.325849],[127.361214,38.324702],[127.361874,38.323938],[127.3625,38.324494],[127.363091,38.324841],[127.36323,38.325293],[127.363195,38.325779],[127.363369,38.326266],[127.364805,38.326636],[127.377454,38.333216],[127.379168,38.334328],[127.380141,38.334837],[127.3813,38.33544],[127.382041,38.33581],[127.382829,38.336042],[127.384867,38.336042],[127.386026,38.336042],[127.387045,38.335718],[127.38774,38.335162],[127.388342,38.334513],[127.389084,38.333957],[127.390126,38.333424],[127.391898,38.333216],[127.393914,38.333111],[127.396451,38.333146],[127.398188,38.333251],[127.399265,38.333355],[127.400377,38.333668],[127.402115,38.333633],[127.403817,38.333459],[127.406181,38.333216],[127.4072,38.333077],[127.408196,38.33266],[127.409343,38.331965],[127.410976,38.331305],[127.413026,38.330714],[127.414868,38.330054],[127.416235,38.329602],[127.417764,38.329231],[127.419664,38.328803],[127.421783,38.32842],[127.424285,38.327899],[127.426058,38.327482],[127.426926,38.327169],[127.427517,38.326822],[127.428073,38.326266],[127.428652,38.325478],[127.42944,38.324598],[127.430506,38.323486],[127.431826,38.322131],[127.43273,38.321401],[127.433564,38.321158],[127.435266,38.32088],[127.436587,38.320636],[127.438429,38.320219],[127.440583,38.319455],[127.442355,38.318829],[127.443433,38.318517],[127.444996,38.317961],[127.446699,38.317474],[127.448263,38.317196],[127.449896,38.317161],[127.451912,38.317474],[127.453614,38.317891],[127.454518,38.318273],[127.455317,38.31876],[127.456047,38.318899],[127.456777,38.318795],[127.458306,38.318296],[127.460112,38.317648],[127.461642,38.317138],[127.462614,38.316906],[127.463588,38.316906],[127.464885,38.317231],[127.465904,38.317648],[127.466576,38.317891],[127.467387,38.317833],[127.46814,38.317752],[127.469148,38.317544],[127.469912,38.3173],[127.470642,38.317196],[127.471059,38.316883],[127.471557,38.316767],[127.472484,38.316721],[127.473688,38.316906],[127.474464,38.316779],[127.475333,38.316744],[127.476341,38.316501],[127.476515,38.316154],[127.476688,38.315459],[127.476758,38.314764],[127.476688,38.314242],[127.476723,38.313686],[127.477036,38.313165],[127.477905,38.312227],[127.479364,38.310177],[127.480441,38.308578],[127.481206,38.307466],[127.481588,38.306597],[127.481982,38.30625],[127.482735,38.306111],[127.483361,38.306041],[127.483881,38.306007],[127.484646,38.306041],[127.485411,38.30625],[127.48621,38.306493],[127.487183,38.306424],[127.488434,38.30618],[127.489164,38.305833],[127.49038,38.304929],[127.491457,38.303887],[127.492951,38.302636],[127.49462,38.301003],[127.495801,38.299995],[127.4966,38.300099],[127.497759,38.300221],[127.500794,38.300553],[127.502087,38.30079],[127.502486,38.30079],[127.503208,38.300641],[127.50374,38.300553],[127.50456,38.300619],[127.50671,38.301263],[127.509003,38.302023],[127.511607,38.303095],[127.512136,38.303366],[127.512716,38.303419],[127.513414,38.303344],[127.514186,38.303743],[127.514949,38.304164],[127.515694,38.30469],[127.515856,38.305014],[127.516093,38.305599],[127.516479,38.306247],[127.517139,38.30707],[127.517588,38.307718],[127.518136,38.307904],[127.518897,38.308066],[127.519582,38.308216],[127.520765,38.308303],[127.522061,38.308316],[127.522734,38.308341],[127.523212,38.308439],[127.523582,38.308652],[127.524297,38.309059],[127.525114,38.309499],[127.525782,38.309923],[127.526423,38.310334],[127.52762,38.311097],[127.528373,38.311341],[127.528905,38.311607],[127.5305,38.313113],[127.532006,38.314464],[127.533176,38.31553],[127.534377,38.316214],[127.536082,38.317145],[127.5375,38.317521],[127.538142,38.317765],[127.539715,38.318363],[127.540964,38.318969],[127.541836,38.319543],[127.54302,38.320452],[127.544689,38.321661],[127.546696,38.323804],[127.547892,38.324639],[127.548901,38.325299],[127.549711,38.326072],[127.550247,38.326633],[127.550835,38.326869],[127.552009,38.327135],[127.553611,38.327555],[127.55477,38.327866],[127.55715,38.328402],[127.558546,38.328714],[127.560751,38.329324],[127.562309,38.329922],[127.56419,38.330483],[127.565985,38.330794],[127.568372,38.331256],[127.570204,38.331728],[127.571149,38.332201],[127.571705,38.332595],[127.572323,38.333028],[127.572702,38.333461],[127.573082,38.334114],[127.573735,38.334707],[127.574411,38.335099],[127.575123,38.335491],[127.575882,38.335918],[127.582421,38.335882],[127.590361,38.335918],[127.598834,38.335918],[127.607699,38.335918],[127.611473,38.335918],[127.612684,38.335099],[127.613787,38.334102],[127.614428,38.333319],[127.614759,38.33234],[127.61518,38.331344],[127.615424,38.330657],[127.615933,38.32997],[127.616509,38.329416],[127.61662,38.329084],[127.616554,38.328641],[127.616332,38.328242],[127.616022,38.327644],[127.615845,38.327024],[127.615976,38.326608],[127.616325,38.326059],[127.616849,38.325499],[127.617384,38.325237],[127.617771,38.325038],[127.618206,38.324888],[127.618643,38.324813],[127.619016,38.324801],[127.619353,38.324813],[127.619789,38.324851],[127.620126,38.324888],[127.620437,38.324988],[127.620674,38.325063],[127.620923,38.325063],[127.621185,38.325],[127.621596,38.32495],[127.621982,38.324938],[127.622506,38.324975],[127.622892,38.325088],[127.623166,38.3252],[127.623452,38.325349],[127.623727,38.325399],[127.62415,38.325461],[127.624449,38.325511],[127.624699,38.325586],[127.624923,38.325698],[127.625122,38.325935],[127.625259,38.326159],[127.625384,38.326259],[127.625521,38.326271],[127.62572,38.326221],[127.626119,38.326047],[127.626294,38.325947],[127.626618,38.32581],[127.627029,38.325736],[127.627228,38.325661],[127.627627,38.325436],[127.627926,38.325312],[127.62815,38.325274],[127.628562,38.325237],[127.62886,38.325187],[127.629184,38.325175],[127.629433,38.325212],[127.629832,38.325399],[127.63043,38.325574],[127.631066,38.32576],[127.631801,38.325848],[127.632791,38.325717],[127.633483,38.325461],[127.633595,38.325088],[127.633571,38.324303],[127.633558,38.323667],[127.633882,38.323219],[127.634393,38.323044],[127.635028,38.323032],[127.635876,38.323106],[127.637022,38.323206],[127.638031,38.323368],[127.639016,38.323613],[127.639924,38.323901],[127.640655,38.324122],[127.641595,38.32444],[127.642542,38.324764],[127.643153,38.325112],[127.643775,38.325648],[127.64415,38.325972],[127.644511,38.32586],[127.64481,38.325623],[127.645159,38.325337],[127.645371,38.32525],[127.645657,38.325474],[127.645944,38.325598],[127.646492,38.325648],[127.646953,38.325723],[127.647352,38.325798],[127.647601,38.326084],[127.647791,38.326213],[127.648034,38.326269],[127.648277,38.3262],[127.64867,38.32591],[127.649055,38.325666],[127.649298,38.325585],[127.649561,38.325666],[127.649866,38.325687],[127.650036,38.325633],[127.650149,38.325464],[127.650656,38.325018],[127.650965,38.32486],[127.651152,38.324816],[127.651386,38.324937],[127.65169,38.325058],[127.651933,38.324998],[127.652118,38.324959],[127.65228,38.325022],[127.652824,38.325261],[127.65323,38.325443],[127.653453,38.325396],[127.653677,38.325246],[127.653908,38.32509],[127.654133,38.325028],[127.654351,38.325003],[127.654649,38.324896],[127.655236,38.324714],[127.655763,38.324592],[127.656473,38.324673],[127.65698,38.324694],[127.657385,38.32443],[127.65779,38.324248],[127.658205,38.32418],[127.658702,38.324248],[127.659271,38.324224],[127.659999,38.324329],[127.660648,38.324491],[127.661114,38.324775],[127.66156,38.324977],[127.662107,38.325079],[127.662654,38.325099],[127.66312,38.325241],[127.66379,38.325475],[127.664231,38.32565],[127.664681,38.325849],[127.665104,38.325492],[127.665744,38.325043],[127.666262,38.324714],[127.666627,38.324592],[127.66695,38.324369],[127.66764,38.323978],[127.668005,38.32368],[127.668349,38.323315],[127.668471,38.322971],[127.668816,38.322687],[127.669302,38.323072],[127.669687,38.323295],[127.670194,38.323498],[127.670802,38.323518],[127.671714,38.323579],[127.67238,38.323646],[127.673072,38.323761],[127.673923,38.323923],[127.674896,38.324207],[127.675463,38.324369],[127.676193,38.324471],[127.676781,38.324531],[127.677429,38.324572],[127.678139,38.324613],[127.678686,38.324653],[127.679132,38.324815],[127.679638,38.324876],[127.680348,38.324856],[127.681564,38.324775],[127.682881,38.324633],[127.684422,38.324369],[127.685658,38.324228],[127.686979,38.324134],[127.688852,38.324016],[127.6897,38.324272],[127.690502,38.324795],[127.69111,38.325443],[127.691495,38.326092],[127.6919,38.32672],[127.692285,38.327227],[127.69265,38.327713],[127.693035,38.32824],[127.693258,38.328767],[127.693441,38.329497],[127.693785,38.330227],[127.694213,38.331249],[127.694576,38.33203],[127.69494,38.332882],[127.695386,38.333591],[127.695954,38.334179],[127.696521,38.334787],[127.697008,38.335273],[127.697575,38.335638],[127.698163,38.335902],[127.69871,38.336064],[127.699197,38.336388],[127.699906,38.336651],[127.700737,38.336814],[127.701629,38.336814],[127.70246,38.336712],[127.703149,38.336429],[127.703615,38.336165],[127.704243,38.33582],[127.704952,38.335395],[127.705784,38.335273],[127.706493,38.335273],[127.706886,38.335112],[127.707339,38.335033],[127.707871,38.335131],[127.708662,38.335314],[127.709391,38.335415],[127.710161,38.335435],[127.710972,38.335435],[127.711641,38.335375],[127.71233,38.335395],[127.713019,38.335375],[127.713607,38.335172],[127.713931,38.334827],[127.714113,38.334422],[127.714255,38.333814],[127.714296,38.333429],[127.714215,38.332659],[127.714235,38.331787],[127.714113,38.331098],[127.713911,38.330206],[127.714032,38.329659],[127.714478,38.329396],[127.715046,38.329377],[127.715816,38.329416],[127.716642,38.329554],[127.717332,38.329929],[127.718167,38.330389],[127.719018,38.330733],[127.71993,38.331139],[127.720742,38.331525],[127.721471,38.33203],[127.722261,38.332456],[127.722788,38.332841],[127.723457,38.333186],[127.72443,38.333449],[127.7252,38.333814],[127.726112,38.334199],[127.726882,38.334341],[127.727835,38.334564],[127.72822,38.334726],[127.729172,38.335212],[127.730388,38.335861],[127.731604,38.33655],[127.732314,38.337057],[127.733206,38.337645],[127.733814,38.338232],[127.734462,38.338982],[127.735455,38.339692],[127.735982,38.340178],[127.736448,38.34034],[127.7373,38.340381],[127.737746,38.340441],[127.738455,38.340543],[127.739002,38.340563],[127.739549,38.340624],[127.740177,38.340583],[127.740887,38.340523],[127.741437,38.340651],[127.742008,38.340237],[127.742442,38.340059],[127.743053,38.339921],[127.743585,38.339842],[127.744069,38.339671],[127.744515,38.339286],[127.744961,38.338881],[127.745406,38.338475],[127.745771,38.337827],[127.746147,38.337221],[127.746837,38.336847],[127.747546,38.336374],[127.748295,38.335605],[127.749156,38.33501],[127.749946,38.334645],[127.75098,38.334361],[127.751973,38.33424],[127.752703,38.3343],[127.753331,38.334402],[127.753696,38.334604],[127.753838,38.335152],[127.754284,38.335679],[127.754454,38.335769],[127.754669,38.3358],[127.755277,38.335861],[127.755792,38.335872],[127.756273,38.335928],[127.756706,38.33597],[127.757089,38.33611],[127.757518,38.336287],[127.75776,38.336399],[127.757956,38.336571],[127.758195,38.336976],[127.758394,38.337383],[127.758763,38.337746],[127.759695,38.33807],[127.760567,38.338232],[127.76162,38.338192],[127.762506,38.338043],[127.762893,38.337634],[127.763262,38.337178],[127.763799,38.336639],[127.76433,38.336186],[127.765115,38.335821],[127.765391,38.3357],[127.765816,38.335699],[127.766323,38.33582],[127.767159,38.336009],[127.767336,38.336054],[127.767579,38.335983],[127.768045,38.335577],[127.768198,38.335457],[127.768532,38.335435],[127.768784,38.33549],[127.768937,38.335638],[127.769238,38.335821],[127.769849,38.336246],[127.770011,38.33655],[127.770214,38.336712],[127.770619,38.336753],[127.771167,38.336712],[127.771633,38.336651],[127.771869,38.336573],[127.772078,38.336584],[127.772189,38.336717],[127.772167,38.336916],[127.772018,38.337077],[127.771633,38.33734],[127.771227,38.337624],[127.771176,38.337834],[127.771128,38.338032],[127.771183,38.338253],[127.771329,38.338435],[127.771592,38.338557],[127.771795,38.338759],[127.772078,38.338942],[127.772241,38.339063],[127.77218,38.339266],[127.771856,38.33957],[127.771714,38.340219],[127.771653,38.340745],[127.772779,38.340681],[127.773801,38.340847],[127.774815,38.341313],[127.775544,38.34184],[127.776132,38.342732],[127.77676,38.343786],[127.777368,38.345022],[127.778179,38.346481],[127.778889,38.347576],[127.779659,38.348224],[127.780713,38.34865],[127.781645,38.348934],[127.782901,38.348913],[127.783976,38.34863],[127.784685,38.348042],[127.785354,38.347251],[127.78582,38.34636],[127.786144,38.345245],[127.786448,38.34413],[127.786813,38.342934],[127.787462,38.341455],[127.788536,38.339631],[127.789184,38.338273],[127.789549,38.336915],[127.789995,38.335598],[127.790664,38.33428],[127.791109,38.333402],[127.791535,38.332598],[127.792002,38.331281],[127.792448,38.330206],[127.793116,38.32897],[127.793846,38.327815],[127.794596,38.326477],[127.795487,38.324856],[127.796278,38.323579],[127.797089,38.322687],[127.797769,38.322185],[127.798204,38.321813],[127.799568,38.320841],[127.800766,38.31989],[127.802193,38.318795],[127.803743,38.317576],[127.804838,38.316831],[127.806244,38.316025],[127.808332,38.315136],[127.809262,38.314723],[127.810771,38.313648],[127.81166,38.31309],[127.812982,38.312201],[127.813851,38.311643],[127.815587,38.310548],[127.816662,38.309783],[127.817695,38.308811],[127.818501,38.30815],[127.819183,38.307592],[127.820093,38.306806],[127.820961,38.305959],[127.821312,38.30538],[127.821519,38.30474],[127.821622,38.304119],[127.822346,38.304078],[127.822987,38.304099],[127.823628,38.30414],[127.824247,38.304243],[127.824785,38.304285],[127.82557,38.304285],[127.826046,38.304347],[127.8265,38.304512],[127.826914,38.304657],[127.827369,38.304864],[127.827948,38.305153],[127.829022,38.305463],[127.830014,38.305442],[127.830655,38.305318],[127.831399,38.30536],[127.832081,38.305566],[127.832701,38.305918],[127.833342,38.30631],[127.8339,38.306724],[127.834644,38.307055],[127.835409,38.30722],[127.836153,38.307199],[127.837269,38.307447],[127.838117,38.307695],[127.839205,38.307974],[127.840184,38.308357],[127.841344,38.309013],[127.842351,38.309509],[127.843127,38.30999],[127.84446,38.310935],[127.845599,38.311809],[127.846832,38.312517],[127.847824,38.313059],[127.848661,38.313633],[127.848989,38.314103],[127.849421,38.314501],[127.849878,38.314764],[127.850415,38.314785],[127.850994,38.314806],[127.851531,38.314682],[127.852242,38.314516],[127.852785,38.314253],[127.853661,38.31371],[127.854239,38.313214],[127.854735,38.312842],[127.855219,38.312749],[127.855761,38.312641],[127.856307,38.31247],[127.857071,38.31216],[127.857526,38.311995],[127.857919,38.311747],[127.858208,38.311685],[127.858746,38.311829],[127.859345,38.31216],[127.859779,38.312367],[127.860213,38.312532],[127.860585,38.312697],[127.860936,38.312925],[127.861784,38.313235],[127.86261,38.313545],[127.863479,38.313834],[127.863931,38.313989],[127.864908,38.314191],[127.865667,38.314392],[127.866427,38.314656],[127.867094,38.314857],[127.867869,38.31509],[127.868398,38.315116],[127.869326,38.315446],[127.870178,38.315819],[127.871388,38.316253],[127.872612,38.316671],[127.873806,38.31709],[127.875,38.317911],[127.876191,38.319105],[127.877018,38.319849],[127.877617,38.320883],[127.878609,38.322371],[127.879353,38.323239],[127.879829,38.324024],[127.879945,38.324469],[127.87989,38.324893],[127.879415,38.32605],[127.878898,38.327373],[127.878705,38.328189],[127.878568,38.328944],[127.878503,38.329678],[127.878457,38.330236],[127.878658,38.330453],[127.878984,38.330623],[127.879294,38.330778],[127.879774,38.331011],[127.8801,38.331181],[127.880472,38.33129],[127.880906,38.331383],[127.8814,38.331486],[127.882123,38.331404],[127.88266,38.331486],[127.883094,38.331486],[127.883529,38.331362],[127.883983,38.331135],[127.884459,38.330949],[127.884914,38.331011],[127.885327,38.331156],[127.885658,38.331197],[127.885968,38.331052],[127.886298,38.330804],[127.886588,38.330659],[127.887105,38.330618],[127.887476,38.330515],[127.887828,38.330349],[127.888159,38.330163],[127.88851,38.330101],[127.888861,38.329957],[127.889192,38.329895],[127.889667,38.329915],[127.89004,38.329833],[127.890453,38.329957],[127.890928,38.330101],[127.891486,38.330143],[127.891962,38.33006],[127.892499,38.329936],[127.892995,38.329895],[127.893429,38.329874],[127.893987,38.329812],[127.894628,38.329895],[127.894951,38.330112],[127.895292,38.330282],[127.895556,38.330422],[127.895866,38.330391],[127.896098,38.330251],[127.896377,38.330096],[127.89661,38.33005],[127.896796,38.329957],[127.897013,38.329802],[127.897274,38.329564],[127.897543,38.329316],[127.897791,38.329109],[127.897915,38.328799],[127.897997,38.328468],[127.898287,38.328303],[127.898555,38.328055],[127.898721,38.327724],[127.899031,38.327621],[127.899734,38.327538],[127.900354,38.327621],[127.900788,38.327766],[127.90116,38.328014],[127.901615,38.328282],[127.901966,38.328468],[127.902297,38.32851],[127.902752,38.32851],[127.903185,38.328427],[127.903702,38.328282],[127.904302,38.328158],[127.904818,38.328096],[127.905211,38.327993],[127.905562,38.327848],[127.906038,38.327476],[127.906348,38.327063],[127.906741,38.326546],[127.907113,38.326091],[127.907795,38.325947],[127.908516,38.325864],[127.909221,38.325761],[127.910833,38.325575],[127.913831,38.324934],[127.91629,38.324727],[127.920259,38.324314],[127.923235,38.323983],[127.924785,38.323714],[127.926646,38.32328],[127.927865,38.323032],[127.928589,38.322846],[127.92923,38.32264],[127.929829,38.322578],[127.930366,38.32266],[127.930945,38.322846],[127.931317,38.322991],[127.931772,38.323198],[127.932185,38.323239],[127.932495,38.323177],[127.932785,38.322867],[127.933115,38.322598],[127.933591,38.322474],[127.934087,38.322433],[127.934728,38.322309],[127.9351,38.322205],[127.935286,38.32202],[127.935575,38.321834],[127.935947,38.321771],[127.936402,38.321792],[127.936815,38.321668],[127.937291,38.321503],[127.937642,38.321441],[127.938097,38.321461],[127.938572,38.321296],[127.939089,38.321089],[127.939626,38.320862],[127.940102,38.320635],[127.940722,38.320407],[127.94128,38.320139],[127.941693,38.319953],[127.942086,38.319746],[127.942417,38.319477],[127.942727,38.319146],[127.943058,38.318774],[127.94343,38.318547],[127.944071,38.31834],[127.94467,38.318175],[127.945228,38.31801],[127.945704,38.317844],[127.946282,38.31772],[127.94684,38.3177],[127.947336,38.317679],[127.947713,38.317507],[127.948308,38.316908],[127.94906,38.316467],[127.949711,38.316285],[127.950373,38.316161],[127.950975,38.31604],[127.951402,38.316051],[127.951737,38.315856],[127.952311,38.315811],[127.953153,38.315887],[127.954153,38.315778],[127.954598,38.315789],[127.955474,38.315471],[127.956667,38.31534],[127.957582,38.315428],[127.958013,38.315723],[127.958779,38.315942],[127.959491,38.316246],[127.960158,38.316456],[127.961056,38.31661],[127.962074,38.316741],[127.962982,38.316839],[127.96319,38.316949],[127.963894,38.31761],[127.964479,38.318],[127.965467,38.318317],[127.966076,38.318467],[127.966332,38.318558],[127.966474,38.318832],[127.966739,38.319207],[127.96701,38.319269],[127.967306,38.319226],[127.967667,38.319105],[127.967908,38.318896],[127.968159,38.318635],[127.968411,38.318558],[127.968641,38.318689],[127.968843,38.319052],[127.969038,38.31909],[127.969349,38.318974],[127.969549,38.318985],[127.969739,38.319207],[127.970168,38.319363],[127.970635,38.319324],[127.97118,38.319072],[127.971629,38.319007],[127.971843,38.319207],[127.971946,38.319401],[127.972133,38.319499],[127.972427,38.319558],[127.973168,38.319636],[127.974064,38.319636],[127.974387,38.319751],[127.974726,38.320026],[127.975467,38.320221],[127.976215,38.320342],[127.976467,38.32044],[127.976948,38.320727],[127.977454,38.321039],[127.977988,38.321163],[127.978779,38.321117],[127.97948,38.320961],[127.980337,38.320649],[127.981428,38.320376],[127.982191,38.320167],[127.982714,38.320143],[127.98322,38.320222],[127.98361,38.320493],[127.98392,38.32067],[127.984205,38.320747],[127.984764,38.32067],[127.985113,38.320539],[127.98552,38.320221],[127.985814,38.319806],[127.986044,38.319215],[127.986088,38.318689],[127.985949,38.317766],[127.985639,38.317387],[127.985409,38.317135],[127.985201,38.316829],[127.985672,38.316194],[127.986572,38.316246],[127.987351,38.316168],[127.987975,38.316051],[127.988715,38.316051],[127.989222,38.316012],[127.989884,38.315856],[127.990564,38.315603],[127.991024,38.315373],[127.991341,38.315066],[127.991598,38.31496],[127.992339,38.314921],[127.992983,38.315132],[127.993586,38.315194],[127.994053,38.31535],[127.994638,38.315389],[127.995336,38.315384],[127.995829,38.315603],[127.996004,38.316073],[127.996234,38.316128],[127.996387,38.316051],[127.996664,38.316012],[127.996964,38.316127],[127.997171,38.316207],[127.997482,38.316168],[127.997832,38.316139],[127.998495,38.316441],[127.998762,38.316544],[128.000098,38.316566],[128.00087,38.316605],[128.002531,38.316433],[128.00433,38.316225],[128.006232,38.316017],[128.008792,38.315948],[128.009933,38.315948],[128.011974,38.315775],[128.014915,38.315602],[128.016886,38.315533],[128.018339,38.316017],[128.02,38.315983],[128.02256,38.316087],[128.025777,38.316156],[128.027749,38.315879],[128.030135,38.315662],[128.032003,38.315498],[128.033058,38.315194],[128.032902,38.314843],[128.032395,38.314376],[128.03185,38.313947],[128.031733,38.313674],[128.031577,38.313051],[128.031187,38.312622],[128.030642,38.311999],[128.03033,38.311414],[128.030525,38.311181],[128.031109,38.310752],[128.031655,38.310557],[128.032395,38.310323],[128.033096,38.310167],[128.034071,38.310089],[128.035239,38.310012],[128.036759,38.310012],[128.037967,38.309817],[128.03898,38.309817],[128.039565,38.309466],[128.039925,38.308788],[128.040583,38.308511],[128.042174,38.308061],[128.044699,38.307681],[128.046394,38.307473],[128.051099,38.307854],[128.056288,38.309549],[128.061027,38.310448],[128.065282,38.311531],[128.069295,38.312622],[128.073446,38.313596],[128.076178,38.314322],[128.078219,38.314876],[128.08199,38.315879],[128.084297,38.316558],[128.087064,38.317727],[128.088856,38.318974],[128.090465,38.320549],[128.091434,38.321379],[128.092575,38.322452],[128.093532,38.323533],[128.094389,38.324779],[128.094623,38.325052],[128.095519,38.325364],[128.096571,38.325754],[128.097644,38.326075],[128.098036,38.326225],[128.098639,38.326617],[128.099182,38.326859],[128.099876,38.32713],[128.100238,38.327583],[128.10063,38.328065],[128.101022,38.328277],[128.102078,38.32888],[128.102923,38.329362],[128.103405,38.329664],[128.104582,38.330358],[128.106542,38.331866],[128.108262,38.333133],[128.109709,38.334068],[128.111761,38.335275],[128.113239,38.336119],[128.114686,38.336873],[128.11538,38.336783],[128.115953,38.33636],[128.116526,38.335727],[128.117431,38.334852],[128.11903,38.333977],[128.1209,38.333284],[128.12274,38.332892],[128.124942,38.332711],[128.127054,38.33268],[128.128773,38.332922],[128.129889,38.333163],[128.131126,38.333555],[128.132212,38.334008],[128.132815,38.333977],[128.134112,38.333706],[128.135439,38.333646],[128.136615,38.333947],[128.137792,38.334611],[128.13921,38.335606],[128.140658,38.336632],[128.141261,38.337145],[128.141683,38.337688],[128.142045,38.338291],[128.142316,38.338954],[128.142377,38.339256],[128.142467,38.339709],[128.142679,38.340402],[128.142829,38.340614],[128.143312,38.341247],[128.143764,38.341579],[128.144066,38.341941],[128.144398,38.342453],[128.14488,38.342936],[128.145212,38.343117],[128.145797,38.342861],[128.147154,38.34225],[128.148308,38.342024],[128.149529,38.342001],[128.150593,38.342205],[128.151004,38.342484],[128.151305,38.343117],[128.151498,38.343901],[128.151851,38.344252],[128.152275,38.344405],[128.152904,38.344505],[128.153568,38.344414],[128.154442,38.344173],[128.154895,38.343871],[128.155438,38.343238],[128.155951,38.342755],[128.156524,38.342665],[128.157026,38.342759],[128.157308,38.342996],[128.157549,38.343751],[128.15773,38.344565],[128.157881,38.345711],[128.158152,38.347038],[128.158364,38.347732],[128.158485,38.348019],[128.159147,38.348188],[128.159877,38.348375],[128.160165,38.348511],[128.163582,38.353101],[128.165543,38.355032],[128.168408,38.358018],[128.171093,38.360944],[128.174622,38.364413],[128.175497,38.36399],[128.177427,38.363055],[128.178573,38.362482],[128.180021,38.36197],[128.181529,38.361366],[128.182857,38.360763],[128.183885,38.360303],[128.18397,38.360642],[128.184244,38.361004],[128.184878,38.361728],[128.185209,38.362152],[128.185451,38.362633],[128.186175,38.363719],[128.187109,38.364765],[128.187855,38.365614],[128.18979,38.367412],[128.190265,38.367802],[128.190469,38.368939],[128.190689,38.370263],[128.19082,38.371803],[128.19082,38.372979],[128.191514,38.372979],[128.192895,38.373062],[128.194319,38.373341],[128.195616,38.373794],[128.198572,38.374668],[128.200503,38.37503],[128.20277,38.37537],[128.204575,38.375483],[128.205872,38.375483],[128.206324,38.375423],[128.206897,38.37494],[128.207018,38.374699],[128.207199,38.374307],[128.20732,38.373884],[128.207501,38.373402],[128.207802,38.372949],[128.208406,38.372346],[128.208647,38.371893],[128.209009,38.37126],[128.209733,38.370325],[128.210608,38.370297],[128.21161,38.37028],[128.212102,38.370331],[128.212327,38.370627],[128.212538,38.371049],[128.213111,38.371833],[128.213503,38.372436],[128.213654,38.37304],[128.213835,38.373522],[128.214076,38.374276],[128.214138,38.374657],[128.214494,38.374996],[128.215037,38.375319],[128.215783,38.375726],[128.215826,38.376539],[128.215782,38.377797],[128.215782,38.378705],[128.215782,38.379716],[128.215851,38.381321],[128.215991,38.38188],[128.216375,38.382333],[128.217631,38.383694],[128.218643,38.384811],[128.219585,38.385823],[128.219829,38.386381],[128.220283,38.386869],[128.220667,38.387358],[128.221016,38.387881],[128.221888,38.388056],[128.222795,38.3883],[128.224016,38.388579],[128.224749,38.389033],[128.225273,38.389765],[128.225377,38.390219],[128.225342,38.390742],[128.225273,38.391266],[128.225447,38.391824],[128.225935,38.392278],[128.226529,38.392382],[128.227191,38.392627],[128.227611,38.39308],[128.227785,38.393569],[128.228029,38.394092],[128.228552,38.394476],[128.228692,38.394895],[128.228867,38.395558],[128.229241,38.396458],[128.229459,38.397198],[128.229594,38.397557],[128.229614,38.398127],[128.229774,38.398384],[128.230506,38.398593],[128.231239,38.398838],[128.231762,38.399501],[128.232286,38.400233],[128.23267,38.400791],[128.233193,38.401175],[128.233821,38.401455],[128.234763,38.401524],[128.23588,38.401664],[128.236508,38.401734],[128.237555,38.401769],[128.238287,38.402013],[128.23923,38.401838],[128.239718,38.401838],[128.240276,38.401908],[128.241009,38.401803],[128.241393,38.402013],[128.241986,38.402431],[128.242391,38.402602],[128.242685,38.402798],[128.242842,38.403014],[128.243137,38.403622],[128.243277,38.404211],[128.243451,38.404761],[128.243745,38.405075],[128.244115,38.405328],[128.244743,38.405677],[128.245119,38.40584],[128.245301,38.40606],[128.245336,38.406479],[128.245056,38.407316],[128.244708,38.408119],[128.244324,38.408538],[128.243696,38.409201],[128.243103,38.409759],[128.24237,38.410317],[128.242214,38.410511],[128.242196,38.410771],[128.242475,38.41112],[128.242614,38.411538],[128.242893,38.412062],[128.243312,38.41269],[128.243741,38.413117],[128.243905,38.413423],[128.244289,38.41412],[128.24452,38.414699],[128.244638,38.415307],[128.245755,38.415691],[128.246662,38.415865],[128.247185,38.415726],[128.247463,38.415813],[128.247683,38.416015],[128.247848,38.416049],[128.248661,38.41624],[128.24927,38.416816],[128.249815,38.417137],[128.250776,38.417873],[128.252025,38.418963],[128.252987,38.420052],[128.253916,38.421045],[128.254524,38.421622],[128.255646,38.422071],[128.256767,38.422263],[128.257984,38.422647],[128.25917,38.423096],[128.26074,38.423705],[128.26263,38.42473],[128.264008,38.425787],[128.265033,38.426428],[128.266603,38.427165],[128.2675,38.427934],[128.268269,38.429151],[128.269166,38.430048],[128.27048,38.431138],[128.271249,38.432099],[128.271792,38.433255],[128.273075,38.434021],[128.27583,38.43495],[128.278105,38.435367],[128.279931,38.435879],[128.281129,38.436476],[128.282016,38.437176],[128.28243,38.438186],[128.283039,38.439243],[128.284128,38.441454],[128.284577,38.443312],[128.285089,38.445619],[128.285666,38.447285],[128.286114,38.448503],[128.286627,38.449688],[128.286499,38.451578],[128.286819,38.452732],[128.287525,38.453564],[128.288039,38.454731],[128.288879,38.455478],[128.290326,38.456691],[128.29182,38.457532],[128.293259,38.45805],[128.294124,38.458627],[128.294413,38.45978],[128.294637,38.460709],[128.294701,38.461446],[128.294605,38.462504],[128.294925,38.463657],[128.29547,38.465035],[128.296022,38.466122],[128.296623,38.467405],[128.2972,38.468815],[128.297552,38.470385],[128.297616,38.471699],[128.297905,38.473108],[128.298321,38.474614],[128.298962,38.475351],[128.299891,38.475832],[128.300917,38.476408],[128.302134,38.477081],[128.303212,38.477701],[128.304519,38.478308],[128.305313,38.478774],[128.305547,38.479335],[128.30537,38.479901],[128.304569,38.480285],[128.303608,38.480798],[128.302615,38.481182],[128.301812,38.481482],[128.301672,38.482836],[128.301429,38.483969],[128.301158,38.48531],[128.300878,38.486057],[128.300788,38.486853],[128.300853,38.487558],[128.300784,38.488298],[128.30082,38.489],[128.301672,38.489792],[128.302325,38.490586],[128.302711,38.49121],[128.303031,38.492107],[128.303166,38.49306],[128.30332,38.493837],[128.303512,38.494542],[128.303896,38.495247],[128.304216,38.495888],[128.304216,38.496625],[128.304216,38.497137],[128.304569,38.497842],[128.304761,38.498547],[128.304697,38.499188],[128.304248,38.500437],[128.303992,38.501719],[128.304088,38.502296],[128.304322,38.502838],[128.304772,38.503288],[128.305188,38.503704],[128.305846,38.504223],[128.306954,38.505227],[128.308096,38.506266],[128.309101,38.507201],[128.310452,38.508621],[128.311629,38.510006],[128.312287,38.510941],[128.312979,38.512327],[128.313256,38.514162],[128.313291,38.515616],[128.313326,38.517106],[128.313395,38.518456],[128.313637,38.519634],[128.31388,38.520776],[128.31388,38.521607],[128.313499,38.522508],[128.313083,38.5232],[128.312564,38.523824],[128.312321,38.524412],[128.312114,38.525313],[128.312495,38.526421],[128.312529,38.52694],[128.312252,38.527945],[128.311836,38.529295],[128.311594,38.530334],[128.311421,38.531477],[128.311525,38.532585],[128.31156,38.533589],[128.311421,38.53442],[128.311075,38.536533],[128.310728,38.538299],[128.310694,38.538784],[128.310763,38.53958],[128.311075,38.540446],[128.311421,38.54152],[128.311663,38.543251],[128.311836,38.545156],[128.311836,38.547164],[128.311802,38.549034],[128.311767,38.550212],[128.311802,38.551147],[128.312079,38.552012],[128.312356,38.552636],[128.31246,38.553224],[128.312391,38.553709],[128.312252,38.554714],[128.312217,38.555822],[128.312183,38.556826],[128.312287,38.56022],[128.312217,38.561778],[128.312217,38.563302],[128.312148,38.564825],[128.312148,38.566488],[128.312252,38.567596],[128.313118,38.569293],[128.313845,38.570539],[128.314434,38.572306],[128.314642,38.573968],[128.314538,38.575769],[128.314192,38.5775],[128.313534,38.579162],[128.31291,38.580236],[128.312044,38.581586],[128.312564,38.582037],[128.313429,38.583422],[128.314157,38.584357],[128.314399,38.585015],[128.314157,38.585604],[128.313153,38.586469],[128.312148,38.587266],[128.311248,38.587993],[128.310659,38.588789],[128.310313,38.589517],[128.31007,38.590729],[128.309863,38.592599],[128.309863,38.593464],[128.309482,38.593915],[128.30917,38.594296],[128.309482,38.594746],[128.309759,38.595196],[128.313603,38.593638],[128.314261,38.593534],[128.315542,38.593811],[128.316546,38.594226],[128.318035,38.595127],[128.319524,38.596304],[128.32091,38.596928],[128.322433,38.597482],[128.323715,38.598105],[128.324961,38.598798],[128.326208,38.598867],[128.327247,38.599144],[128.327905,38.599733],[128.329013,38.600356],[128.330087,38.600945],[128.331507,38.601603],[128.332268,38.602157],[128.332891,38.602815],[128.333376,38.603092],[128.333965,38.603126],[128.334796,38.602711],[128.33542,38.602364],[128.336043,38.60226],[128.33677,38.602122],[128.337428,38.601845],[128.337878,38.602018],[128.33767,38.602364],[128.337394,38.602849],[128.337394,38.603403],[128.337567,38.604269],[128.338086,38.604927],[128.338398,38.605377],[128.338709,38.606],[128.339263,38.606728],[128.339575,38.60749],[128.340025,38.608632],[128.340787,38.609221],[128.341826,38.610191],[128.342934,38.610814],[128.344146,38.611299],[128.345912,38.611714],[128.347436,38.612026],[128.349168,38.612165],[128.351142,38.612303],[128.352631,38.612407],[128.353358,38.612511],[128.35405,38.612857],[128.355851,38.614519],[128.357306,38.616182],[128.360413,38.618279],[128.366667,38.633333],[128.58703,38.633333],[128.818611,38.633333],[129.007306,38.633333],[129.221733,38.633333],[129.461891,38.633333],[129.663452,38.633333],[129.890745,38.633333],[130.246692,38.633333],[130.628372,38.633333],[130.919992,38.633333],[131.267363,38.633333],[131.571849,38.633333],[131.80343,38.633333],[132.000702,38.633333],[132.343785,38.633333],[132.643982,38.633333],[132.901294,38.633333],[133.150029,38.633333],[133.355879,38.633333],[133.65,38.633333],[135.933333,40.5],[131.516666,41.666666],[130.883333,42.15],[130.697278,42.294],[130.666666,42.333333],[130.640911,42.402186],[130.56778,42.443016],[130.494461,42.610528],[130.4561,42.583641],[130.469786,42.549972],[130.43115,42.545264],[130.4253,42.602061],[130.385541,42.604166],[130.243514,42.729836],[130.236403,42.89695],[130.095872,42.912511],[130.133614,42.966964],[130.0993,42.980547],[130.025839,42.958886],[129.913439,43.00748]]]]}},{"type":"Feature","properties":{"id":"ZLHW","role":"overseas-fir","fir_lbl_1":"LANZHOU FIR","alignedTo":"AIP 2026년 10차"},"geometry":{"type":"Polygon","coordinates":[[[87.119444,36.288889],[91.930833,32.87],[98.098611,32.967222],[105.816667,32.45],[109.516667,31.9],[110.848889,33.540833],[112.421111,35.483889],[111.070833,39.0375],[107.971111,39.088889],[105.229167,41.7475],[105.05,41.55],[104.95,41.633333],[104.533333,41.666667],[104.55,41.883333],[103.95,41.8],[103.316667,41.916667],[102.75,42.133333],[102.416667,42.15],[102.066667,42.2],[101.833333,42.466667],[100.85,42.65],[100,42.65],[99.483333,42.566667],[98.016667,42.783333],[97.166667,42.766667],[96.95,42.716667],[96.383333,42.716667],[96.337222,42.916667],[95.131944,41.791389],[92.179722,39.786389],[90.210278,38.336111],[87.119444,36.288889]]]}},{"type":"Feature","properties":{"role":"external-label","code":"ZLHW","label":"LANZHOU FIR"},"geometry":{"type":"Point","coordinates":[107.32085,36.65053]}},{"type":"Feature","properties":{"id":"ZMUB","role":"overseas-fir","fir_lbl_1":"ULAANBAATAR FIR","alignedTo":"AIP 2026년 10차"},"geometry":{"type":"Polygon","coordinates":[[[87.833333,48.833333],[88.1,48.7],[87.983333,48.583333],[88.35,48.466667],[88.6,48.283333],[89,48.05],[89.033333,47.95],[89.216667,47.95],[89.25,48.033333],[89.55,48.033333],[89.8,47.816667],[90.083333,47.866667],[90.483333,47.5],[90.483333,47.316667],[90.75,47],[90.9,46.966667],[91.066667,46.683333],[91.066667,46.583333],[90.933333,46.316667],[91.016667,46],[90.716667,45.716667],[90.683333,45.516667],[90.816667,45.366667],[90.883333,45.2],[91.15,45.2],[91.583333,45.1],[91.75,45.066667],[93.35,44.983333],[93.649722222222,44.916944444444],[93.733333,44.883333],[94.316667,44.583333],[94.333333,44.533333],[95,44.25],[95.433333,44.283333],[95.35,44.033333],[95.55,43.983333],[95.9,43.4],[95.9,43.433333],[96.166667,43],[96.337222,42.916667],[96.383333,42.716667],[96.95,42.716667],[97.166667,42.766667],[98.016667,42.783333],[99.483333,42.566667],[100,42.65],[100.85,42.65],[101.833333,42.466667],[102.066667,42.2],[102.416667,42.15],[102.75,42.133333],[103.316667,41.916667],[103.95,41.8],[104.55,41.883333],[104.533333,41.666667],[104.95,41.633333],[105.05,41.55],[105.229167,41.7475],[106.781972,42.295572],[107.228308,42.3539],[107.278328,42.411081],[107.508886,42.457778],[107.571108,42.410278],[107.949806,42.415575],[108.239178,42.460528],[108.313892,42.436922],[108.541411,42.440017],[108.818036,42.403633],[109.013872,42.456917],[109.313586,42.429989],[109.544719,42.473878],[109.942236,42.640836],[110.107478,42.645536],[110.440539,42.777775],[110.599992,42.922503],[110.689431,43.055258],[111.005303,43.325006],[111.419436,43.481653],[111.590292,43.498611],[111.783894,43.672506],[111.918083,43.691642],[111.97555,43.776097],[111.879464,43.938872],[111.674975,44.051117],[111.422761,44.342808],[111.479425,44.488339],[111.574422,44.688589],[111.802231,45.007497],[111.996406,45.093325],[112.097247,45.075278],[112.320297,45.069433],[112.427211,45.08055],[112.551086,44.999706],[112.607522,44.926367],[113.039703,44.829192],[113.117797,44.799972],[113.511133,44.777225],[113.652253,44.753333],[113.780253,44.835267],[113.931914,44.922756],[114.084722,44.944414],[114.178628,45.042217],[114.456972,45.208319],[114.545264,45.389431],[114.763619,45.434694],[115.354167,45.388056],[115.711636,45.467525],[116.031403,45.685536],[116.186389,45.70725],[116.281958,45.812217],[116.25760095597906,45.877772],[116.2432,45.91653],[116.24320026414227,45.916530289082566],[116.2432,45.916531],[116.40762118486732,46.09647581513268],[116.587566,46.293411],[116.84168,46.393597],[117.06387,46.363631],[117.37779,46.384142],[117.400828,46.486931],[117.438875,46.5397],[117.421111,46.578316],[117.42111142670203,46.578316072396305],[117.421111,46.578317],[117.48831,46.589719],[117.48831463620431,46.5897180899528],[117.48832,46.589719],[117.48834002447872,46.58971310645197],[117.73355529024957,46.51754204179904],[117.73360164006593,46.517528400251955],[117.85638,46.547492],[118.32833,46.733075],[118.32833176839789,46.73307451569329],[118.328333,46.733075],[118.47248597614309,46.69359782810166],[118.63085,46.715542],[118.63085348607378,46.71554079022267],[118.630855,46.715541],[118.70614064837953,46.689414122025184],[118.78165,46.703625],[118.84972,46.768597],[118.84972397156818,46.768596018330875],[118.849725,46.768597],[118.905816,46.754733],[118.91779094466104,46.72052515808227],[119.00751,46.735539],[119.00751081366376,46.7355381321521],[119.007516,46.735539],[119.061661,46.677783],[119.0616663646985,46.67778187199603],[119.36297369109222,46.61442773212437],[119.3630340062503,46.61441505000672],[119.45528,46.638592],[119.53152914882507,46.63490542558747],[119.535841,46.634697],[119.7075,46.5986],[119.7675,46.615278],[119.85469,46.656642],[119.93502,46.720011],[119.90889,46.769742],[119.9211,46.912753],[119.85274,46.963347],[119.78141,47.101372],[119.53085,47.297781],[119.3086,47.424461],[119.34447,47.478608],[119.14943,47.533897],[119.11082,47.6686],[118.75667,47.783878],[118.54221,47.996389],[118.30667,48.005269],[118.21803295999354,48.035576987878564],[117.964789,47.993141],[117.9647827058206,47.99314264836773],[117.96478,47.993142],[117.86750150904463,48.018618604791016],[117.787747,47.997478],[117.540286,47.787489],[117.363072,47.654161],[117.36307091366491,47.65416168741672],[117.36307,47.654161],[117.111086,47.813614],[116.82558,47.884433],[116.470289,47.839169],[116.47028471468096,47.839169600634165],[116.47028,47.839169],[116.24219306595036,47.87113857026422],[116.097236,47.804447],[115.959439,47.688308],[115.95943159961912,47.68830934817247],[115.95943,47.688308],[115.9166908,47.6960957],[115.911941,47.696961],[115.59223,47.919439],[115.548055,48.144728],[115.666658,48.19375131183958],[115.83499096597818,48.26333057259427],[115.819178,48.529466],[115.81917805583538,48.529466060338756],[115.819178,48.529467],[116.084172,48.815833],[116.0868,48.895403],[116.706816,49.828191],[117,49.7],[116.7,49.833333],[116.6,49.933333],[116.216667,50.033333],[116.033333,50],[115.75,49.883333],[115.383333,49.9],[115,50.183333],[114.633333,50.25],[114.5,50.233333],[114.35,50.283333],[113.85,50.083333],[113.766667,50.083333],[113.483333,49.966667],[113.183333,49.8],[113.083333,49.666667],[113.083333,49.6],[112.733333,49.483333],[112.5,49.55],[112.033333,49.433333],[111.883333,49.383333],[111.683333,49.416667],[111.516667,49.35],[111.366667,49.366667],[111.316667,49.333333],[111.116667,49.283333],[110.933333,49.183333],[110.583333,49.166667],[110.4,49.266667],[110.233333,49.166667],[109.883333,49.216667],[109.833333,49.2],[109.733333,49.233333],[109.516667,49.233333],[109.483333,49.283333],[109.2,49.366667],[109,49.333333],[108.95,49.366667],[108.766667,49.35],[108.533333,49.333333],[108.35,49.433333],[108.266667,49.533333],[108.016667,49.616667],[108,49.666667],[107.95,49.666667],[107.933333,49.7],[107.966667,49.75],[107.95,49.866667],[107.966667,49.916667],[107.85,49.916667],[107.733333,49.983333],[107.7,49.95],[107.383333,49.983333],[107.316667,50.033333],[107.25,49.983333],[107.116667,50.033333],[106.983333,50.2],[106.883333,50.25],[106.533333,50.35],[106.266667,50.3],[106.083333,50.35],[106.05,50.416667],[105.35,50.483333],[104.366667,50.3],[104.05,50.15],[103.783333,50.216667],[103.7,50.133333],[103.216667,50.316667],[102.316667,50.583333],[102.216667,51.333333],[101.55,51.5],[100.516667,51.75],[100,51.75],[99.733333,51.883333],[99.266667,52.033333],[99,52.1],[98.925,52.147222],[98.666667,51.816667],[98.316667,51.716667],[98.233333,51.466667],[97.833333,51.016667],[98.016667,50.866667],[97.966667,50.75],[98.316667,50.55],[97.85,49.95],[97.583333,49.95],[97.3,49.75],[96.816667,49.933333],[96.683333,49.9],[96.8,49.966667],[96.433333,49.9],[96.083333,50.016667],[95.85,50.033333],[95.733333,49.966667],[95.066667,49.966667],[94.983333,50.05],[94.633333,50.033333],[94.283333,50.566667],[93,50.616667],[93.016667,50.783333],[92.766667,50.766667],[92.75,50.7],[92.616667,50.7],[92.616667,50.766667],[92.45,50.783333],[92.366667,50.9],[92.25,50.7],[91.75,50.716667],[91.65,50.566667],[91.45,50.533333],[89.666667,49.916667],[89.633333,49.816667],[89.75,49.783333],[89.683333,49.7],[89.383333,49.583333],[89.233333,49.65],[89.216667,49.55],[88.983333,49.466667],[88.916667,49.55],[88.866667,49.45],[88.633333,49.516667],[88.183333,49.466667],[88.1,49.366667],[88.133333,49.25],[87.833333,49.183333],[87.833333,48.833333]]]}},{"type":"Feature","properties":{"role":"external-label","code":"ZMUB","label":"ULAANBAATAR FIR"},"geometry":{"type":"Point","coordinates":[103.85,46.845]}},{"type":"Feature","properties":{"id":"ZPKM","role":"overseas-fir","fir_lbl_1":"KUNMING FIR","alignedTo":"AIP 2026년 10차"},"geometry":{"type":"Polygon","coordinates":[[[82.164669,30.349936],[82.247997,30.099961],[82.514628,30.016642],[82.9979,29.683347],[83.231203,29.616689],[83.597828,29.216733],[83.91445,29.350061],[84.214411,29.250075],[84.181089,28.916772],[84.264411,28.933439],[84.447722,28.83345],[84.447722,28.766789],[84.647694,28.766794],[84.766667,28.616667],[85.214286,28.683478],[85.1643,28.383506],[85.347611,28.283517],[85.497589,28.350181],[85.880875,28.166872],[85.997531,27.950225],[86.083333,27.933333],[86.066667,28.1],[86.164169,28.216872],[86.264161,27.983561],[86.483333,27.966667],[86.5,28.05],[86.714097,28.133556],[87.214039,27.850258],[87.55,27.883333],[87.897281,27.833606],[87.997264,27.9336],[88.067594,27.89023],[88.138914,27.883606],[88.083333,27.95],[88.65,28.15],[88.913808,27.983614],[88.830503,27.400331],[88.933333,27.333333],[89.002529,27.325164],[88.997144,27.500325],[89.483333,28.116667],[89.900198,28.185003],[90.206495,28.161174],[90.373123,28.070729],[90.713569,28.116972],[91.066667,28],[91.328146,28.069816],[91.528517,27.921451],[91.694102,27.799524],[91.887863,27.72682],[92.05,27.8],[92.255044,27.892028],[92.331219,27.800915],[92.663325,27.950367],[92.633333,28.116667],[93.213239,28.425339],[93.2,28.55],[93.333333,28.675],[93.833333,28.783333],[94,28.9],[94,29.016667],[94.133333,29.016667],[94.283333,29.166667],[94.846333,29.333636],[94.829672,29.200314],[94.996319,29.200319],[95.096308,29.150325],[95.3,29.15],[95.416667,29.2],[95.616667,29.25],[96.049129,29.390752],[96.270806,29.213861],[96.297331,29.158725],[96.183405,29.112806],[96.199755,29.02497],[96.35,29.066667],[96.458741,28.945135],[96.526923,28.859907],[96.5628,28.833728],[96.629461,28.783733],[96.616667,28.716667],[96.529475,28.717069],[96.466667,28.666667],[96.483333,28.633333],[96.333333,28.533333],[96.383333,28.5],[96.262853,28.417089],[96.466667,28.416667],[96.583333,28.466667],[96.666667,28.466667],[96.75,28.416667],[96.775,28.366667],[96.9,28.383333],[97,28.316667],[97.116667,28.383333],[97.233333,28.316667],[97.25,28.283333],[97.35,28.216667],[97.4,28.25],[97.416667,28.3],[97.466667,28.266667],[97.483333,28.383333],[97.583333,28.516667],[97.65,28.483333],[97.816667,28.333333],[97.9,28.383333],[98.15,28.116667],[98.133333,27.966667],[98.35,27.533333],[98.416667,27.583333],[98.433333,27.7],[98.55,27.666667],[98.6,27.6],[98.666667,27.616667],[98.733333,27.366667],[98.7,27.25],[98.7,27.1],[98.766667,27.05],[98.733333,27],[98.783333,26.666667],[98.683333,26.25],[98.733333,26.183333],[98.65,26.133333],[98.583333,26.133333],[98.583333,26.083333],[98.716667,25.866667],[98.633333,25.8],[98.55,25.85],[98.4,25.583333],[98.316667,25.55],[98.166667,25.616667],[98.183333,25.55],[98.133333,25.516667],[98.15,25.383333],[98.116667,25.383333],[98.066667,25.308333],[98.025,25.308333],[97.9,25.216667],[97.85,25.266667],[97.733333,25.083333],[97.716667,24.983333],[97.75,24.891667],[97.783333,24.866667],[97.766667,24.833333],[97.716667,24.833333],[97.583333,24.766667],[97.55,24.733333],[97.566667,24.7],[97.55,24.433333],[97.683333,24.45],[97.716667,24.366667],[97.666667,24.316667],[97.766667,24.266667],[97.733333,24.2],[97.766667,24.166667],[97.583333,24],[97.55,23.95],[97.666667,23.866667],[97.9,24.016667],[98.066667,24.083333],[98.233333,24.116667],[98.366667,24.1],[98.416667,24.125],[98.55,24.116667],[98.566667,24.1],[98.883333,24.158333],[98.9,24.1],[98.8,24.033333],[98.766667,23.983333],[98.683333,23.983333],[98.7,23.95],[98.708333,23.8],[98.816667,23.766667],[98.9,23.6],[98.816667,23.55],[98.833333,23.475],[98.9,23.483333],[98.933333,23.366667],[98.9,23.333333],[98.95,23.316667],[98.95,23.266667],[98.9,23.2],[99.05,23.166667],[99.058333,23.133333],[99.116667,23.1],[99.358333,23.133333],[99.516667,23.075],[99.516667,23],[99.566667,22.95],[99.55,22.916667],[99.441667,22.933333],[99.45,22.858333],[99.4,22.8],[99.383333,22.766667],[99.333333,22.741667],[99.383333,22.583333],[99.383333,22.5],[99.258333,22.4],[99.266667,22.366667],[99.166667,22.15],[99.316667,22.1],[99.466667,22.133333],[99.65,22.1],[99.708333,22.05],[99.75,22.083333],[99.866667,22.033333],[99.883333,22.066667],[99.966667,22.05],[100,22],[99.95,21.816667],[100.016667,21.7],[100.133333,21.7],[100.166667,21.65],[100.125,21.6],[100.133333,21.533333],[100.216667,21.433333],[100.358333,21.533333],[100.433333,21.533333],[100.483333,21.45],[100.583333,21.45],[100.716667,21.516667],[100.841667,21.65],[101.116667,21.783333],[101.116667,21.65],[101.158333,21.633333],[101.166667,21.616667],[101.15,21.583333],[101.166667,21.566667],[101.216667,21.566667],[101.217051,21.502194],[101.184,21.465003],[101.258333,21.383333],[101.241667,21.25],[101.283333,21.183333],[101.383333,21.233333],[101.558333,21.25],[101.6,21.233333],[101.616667,21.183333],[101.683333,21.2],[101.716667,21.15],[101.783333,21.15],[101.783333,21.216667],[101.85,21.233333],[101.75,21.3],[101.766667,21.583333],[101.85,21.583333],[101.85,21.633333],[101.783333,21.65],[101.770684,21.657948],[101.733333,21.85],[101.616667,21.983333],[101.583333,22.116667],[101.6,22.141667],[101.55,22.233333],[101.566667,22.283333],[101.633333,22.283333],[101.65,22.416667],[101.75,22.5],[101.8,22.491667],[101.866667,22.4],[101.9,22.4],[101.916667,22.45],[102.041667,22.45],[102.15,22.4],[102.166667,22.433333],[102.266667,22.416667],[102.25,22.466667],[102.416667,22.633333],[102.383333,22.683333],[102.5,22.783333],[102.583333,22.7],[102.616667,22.733333],[102.7,22.7],[102.883333,22.75],[103.033333,22.45],[103.083333,22.45],[103.083333,22.516667],[103.183333,22.566667],[103.2,22.65],[103.283333,22.683333],[103.333333,22.816667],[103.45,22.75],[103.533333,22.6],[103.65,22.8],[103.966667,22.516667],[104.05,22.716667],[104.133333,22.816667],[104.283333,22.85],[104.283333,22.733333],[104.366667,22.7],[104.583333,22.85],[104.733333,22.816667],[104.866667,22.95],[104.816667,23.133333],[104.883333,23.133333],[104.9,23.183333],[104.95,23.166667],[104.966667,23.216667],[105,23.2],[105.083333,23.266667],[105.116667,23.25],[105.183333,23.283333],[105.216667,23.283333],[105.25,23.333333],[105.333333,23.4],[105.416667,23.283333],[105.433333,23.3],[105.5,23.2],[105.541667,23.195833],[105.8,24.65],[107.65,25.7],[109.316667,26.583333],[109.45,27.516667],[109.383333,28.783333],[109.144167,29.676389],[109.516667,31.9],[105.816667,32.45],[98.098611,32.967222],[91.930833,32.87],[87.119444,36.288889],[82.164669,30.349936]]]}},{"type":"Feature","properties":{"role":"external-label","code":"ZPKM","label":"KUNMING FIR"},"geometry":{"type":"Point","coordinates":[98.10727,30.54656]}},{"type":"Feature","properties":{"id":"ZSHA","role":"overseas-fir","fir_lbl_1":"SHANGHAI FIR","source":"국토교통부 공역정보 KMZ","cycle":"AIP 2026년 10차"},"geometry":{"type":"MultiPolygon","coordinates":[[[[121.448889,26.485555],[124,29],[124,35],[124,38],[123,38.25],[120,38.25],[119.55,38.116666],[117.5,37.486666],[115.4,36.666666],[115.45,35.246666],[115.908333,34.516666],[115.813333,32.908333],[115.933333,30.083333],[114.566666,29.033333],[113.95,26.7],[114.116666,26.05],[114.873333,25.766666],[115.416666,25.091666],[115.408333,24.673333],[116.7,24.366666],[117.183333,23.7],[117.5,23.5],[117.5,23],[120,25],[121.448889,26.485555]]]]}},{"type":"Feature","properties":{"id":"ZYSH","role":"overseas-fir","fir_lbl_1":"SHENYANG FIR","source":"국토교통부 공역정보 KMZ","cycle":"AIP 2026년 10차"},"geometry":{"type":"MultiPolygon","coordinates":[[[[123,38.25],[124,38],[124,39.5],[124.168333,39.828055],[124.309266,39.925797],[124.362178,39.992039],[124.371118,40.093338],[124.37125,40.09483],[124.542075,40.21818],[124.552655,40.241025],[124.628241,40.284425],[124.648564,40.289182],[124.700266,40.301286],[124.738489,40.352659],[124.758253,40.379222],[124.799481,40.395712],[124.83535,40.410058],[124.863524,40.440919],[124.89595,40.476436],[124.908398,40.470627],[124.938328,40.456661],[125.04053,40.459486],[125.007686,40.513991],[125.011317,40.519175],[125.021292,40.533411],[125.0884,40.555534],[125.104439,40.560822],[125.164684,40.591518],[125.169441,40.593941],[125.169983,40.594017],[125.251075,40.605364],[125.285844,40.647622],[125.322128,40.647622],[125.329686,40.633916],[125.375133,40.638414],[125.40323,40.62145],[125.419433,40.633691],[125.412453,40.658044],[125.459316,40.674183],[125.461811,40.709966],[125.544728,40.71865],[125.559564,40.775041],[125.580161,40.785036],[125.600189,40.75998],[125.684375,40.770044],[125.645028,40.80225],[125.668476,40.829155],[125.688628,40.852278],[125.76185,40.883616],[125.779308,40.881435],[125.787166,40.880453],[125.826378,40.862986],[125.889908,40.891531],[125.906128,40.898819],[125.911831,40.893218],[125.928803,40.87655],[126.012325,40.896464],[126.0196,40.905816],[126.005332,40.908378],[125.977461,40.913383],[125.991161,40.924733],[126.017838,40.928032],[126.026094,40.929053],[126.061647,40.968633],[126.076669,40.978055],[126.070811,40.986836],[126.098089,41.003294],[126.094808,41.015103],[126.124667,41.034733],[126.132791,41.056078],[126.116447,41.071711],[126.168505,41.092125],[126.279239,41.15273],[126.290389,41.184997],[126.355057,41.252193],[126.456016,41.3571],[126.48578,41.367808],[126.494409,41.350901],[126.498803,41.342291],[126.527258,41.357458],[126.519177,41.374199],[126.508928,41.395433],[126.499953,41.425841],[126.556136,41.508494],[126.582756,41.564933],[126.584422,41.568466],[126.584108,41.568991],[126.562783,41.604658],[126.606341,41.642705],[126.609553,41.660836],[126.633305,41.661073],[126.652353,41.661264],[126.720658,41.702478],[126.680284,41.723712],[126.678903,41.724439],[126.680732,41.724309],[126.737104,41.720317],[126.751467,41.7193],[126.785472,41.694003],[126.794739,41.725011],[126.829094,41.727903],[126.913128,41.796108],[126.927049,41.795112],[126.936108,41.794464],[126.933725,41.767839],[127.012893,41.74033],[127.037466,41.731791],[127.043471,41.717396],[127.049466,41.703025],[127.063135,41.692937],[127.077905,41.682036],[127.053719,41.674105],[127.039733,41.669519],[127.100961,41.621361],[127.171577,41.590595],[127.178625,41.587525],[127.133106,41.559818],[127.101811,41.540769],[127.106043,41.538168],[127.11855,41.530479],[127.137808,41.518641],[127.159486,41.524181],[127.168111,41.526386],[127.210489,41.518853],[127.215719,41.51553],[127.237908,41.501433],[127.290258,41.499078],[127.265928,41.480522],[127.344822,41.463533],[127.391872,41.4716],[127.42825,41.454183],[127.531433,41.459528],[127.649216,41.403028],[127.648387,41.417358],[127.648205,41.420489],[127.677665,41.418203],[127.861103,41.403972],[127.868174,41.428787],[127.869958,41.43505],[127.895089,41.434266],[127.922797,41.447194],[127.975494,41.424344],[128.005683,41.446344],[128.019392,41.411503],[128.041161,41.419203],[128.041674,41.396663],[128.041728,41.394291],[128.063046,41.388115],[128.073758,41.385011],[128.108508,41.392672],[128.108528,41.380372],[128.150005,41.380086],[128.222514,41.441122],[128.302211,41.572214],[128.269439,41.636958],[128.172208,41.70193],[128.125474,41.764882],[128.105314,41.792039],[128.083334,41.868871],[128.070888,41.912372],[128.049709,41.986405],[128.244954,42.026453],[128.299831,42.037708],[128.371313,42.032419],[128.422475,42.028633],[128.474325,41.996275],[128.570297,42.000272],[128.603241,42.025603],[128.671253,42.016991],[128.691884,42.028309],[128.722761,42.045247],[128.905825,42.025566],[128.924269,42.023583],[128.925326,42.025316],[128.952167,42.069361],[128.964031,42.074111],[129.021705,42.097203],[129.041097,42.120822],[129.063241,42.130933],[129.064223,42.13908],[129.065275,42.147808],[129.074323,42.144851],[129.102503,42.135641],[129.122659,42.15],[129.146125,42.166716],[129.212183,42.226039],[129.175808,42.240539],[129.209691,42.268414],[129.209539,42.286439],[129.224466,42.296361],[129.190372,42.311733],[129.227895,42.317721],[129.234619,42.318794],[129.241475,42.332339],[129.230634,42.342372],[129.215922,42.355989],[129.232841,42.362234],[129.297561,42.386122],[129.30268,42.398187],[129.313141,42.422847],[129.340537,42.415395],[129.3443,42.414372],[129.344088,42.41701],[129.341809,42.445447],[129.393804,42.439608],[129.434041,42.435089],[129.514814,42.387016],[129.542475,42.364464],[129.548869,42.376554],[129.554591,42.387375],[129.592333,42.417197],[129.587241,42.440303],[129.615423,42.439801],[129.661011,42.438989],[129.687411,42.438519],[129.701322,42.438272],[129.704067,42.442683],[129.729478,42.483528],[129.727214,42.568072],[129.760847,42.603308],[129.741289,42.617514],[129.742708,42.640855],[129.774641,42.646853],[129.770297,42.661914],[129.782008,42.670694],[129.785522,42.673328],[129.783412,42.675255],[129.751211,42.704672],[129.797316,42.830022],[129.830669,42.904689],[129.851375,42.927203],[129.850984,42.959939],[129.872228,42.963909],[129.904839,42.970003],[129.87875,42.985103],[129.874014,42.987844],[129.880603,42.991126],[129.908543,43.005042],[129.913439,43.00748],[129.915747,43.006482],[129.966667,42.984468],[129.969291,42.983333],[130.025839,42.958886],[130.0993,42.980547],[130.13032,42.968268],[130.133614,42.966964],[130.128618,42.959755],[130.095872,42.912511],[130.118664,42.909987],[130.208858,42.9],[130.236403,42.89695],[130.243514,42.729836],[130.385541,42.604166],[130.4253,42.602061],[130.43115,42.545264],[130.469786,42.549972],[130.469774,42.55],[130.4561,42.583641],[130.481424,42.60139],[130.494461,42.610528],[130.56778,42.443016],[130.582819,42.43462],[130.60047,42.424765],[130.65,42.4],[130.633333,42.433333],[130.566666,42.55],[130.616667,42.55],[130.633333,42.6],[130.533333,42.7],[130.4,42.716666],[130.7,42.833333],[130.783333,42.833333],[130.816666,42.866666],[130.866667,42.85],[130.933333,42.866666],[131.033333,42.866666],[131.016666,42.916666],[131.1,42.9],[131.133333,42.966666],[131.1,43.016666],[131.2,43.15],[131.2,43.216666],[131.25,43.266666],[131.266666,43.366666],[131.316666,43.4],[131.283333,43.433333],[131.3,43.466666],[131.183333,43.533333],[131.183333,43.566666],[131.216667,43.616666],[131.2,43.833333],[131.25,43.883333],[131.25,44.016666],[131.296666,44.051666],[131.083334,44.7],[130.966667,44.833333],[131.083334,44.916666],[131.15,44.933333],[131.283333,44.916666],[131.333334,44.983333],[131.5,44.983333],[131.483333,45],[131.683333,45.116666],[131.65,45.166666],[131.683333,45.233333],[131.766666,45.216666],[131.883333,45.35],[131.983333,45.266666],[132.866667,45.05],[132.933333,45.016666],[133.133333,45.116666],[133.15,45.15],[133.083334,45.25],[133.15,45.466666],[133.233333,45.516666],[133.316666,45.5],[133.416666,45.616666],[133.483333,45.783333],[133.483333,45.85],[133.533333,45.9],[133.583334,45.866666],[133.633333,45.933333],[133.666666,45.933333],[133.733333,46.05],[133.7,46.15],[133.816666,46.233333],[133.85,46.2],[133.866667,46.35],[133.933333,46.383333],[133.9,46.45],[133.833334,46.466666],[133.916666,46.583333],[134.016666,46.666666],[134.033333,46.75],[134.016666,46.816666],[134.033333,46.866666],[134.066666,46.933333],[134.05,46.966666],[134.133333,47.1],[134.216667,47.116666],[134.216667,47.2],[134.15,47.25],[134.2,47.333333],[134.233333,47.35],[134.266666,47.4],[134.333334,47.45],[134.483333,47.45],[134.566666,47.5],[134.583334,47.533333],[134.666666,47.6],[134.683333,47.633333],[134.766666,47.75],[134.666666,47.833333],[134.65,47.9],[134.583334,47.916666],[134.583334,47.95],[134.55,47.983333],[134.55,48.05],[134.666666,48.15],[134.666666,48.25],[134.7,48.283333],[134.566666,48.333333],[134.55,48.366666],[134.516666,48.35],[134.383333,48.383333],[134.1,48.333333],[134.033333,48.333333],[134,48.283333],[133.883333,48.25],[133.866667,48.216666],[133.866667,48.183333],[133.783333,48.2],[133.65,48.15],[133.55,48.116666],[133.45,48.066666],[133.333334,48.1],[133.266666,48.083333],[133.15,48.1],[133,48.05],[133,48.016666],[132.866667,48],[132.8,47.933333],[132.666666,47.95],[132.666666,47.9],[132.583334,47.783333],[132.566666,47.716666],[132.366667,47.75],[132.283333,47.75],[132.25,47.716666],[132.066666,47.7],[132,47.716666],[131.966667,47.666666],[131.883333,47.683333],[131.8,47.683333],[131.683333,47.716666],[131.6,47.666666],[131.466667,47.733333],[131.366667,47.733333],[131.25,47.733333],[131.15,47.7],[130.95,47.7],[130.95,47.816666],[130.866667,47.916666],[130.75,48],[130.666666,48.05],[130.65,48.116666],[130.75,48.183333],[130.783333,48.266666],[130.816666,48.3],[130.8,48.333333],[130.766666,48.35],[130.733333,48.433333],[130.75,48.5],[130.616667,48.483333],[130.6,48.583333],[130.516666,48.616666],[130.633333,48.8],[130.65,48.866666],[130.5,48.85],[130.433333,48.9],[130.25,48.866666],[129.916666,49.033333],[129.866667,49.116666],[129.75,49.183333],[129.716667,49.283333],[129.566666,49.283333],[129.516666,49.416666],[129.4,49.433333],[129.35,49.35],[129.216667,49.4],[129.1,49.35],[129,49.45],[128.866667,49.483333],[128.75,49.483333],[128.766666,49.583333],[128.7,49.566666],[128.366667,49.583333],[128.25,49.5],[127.966667,49.583333],[127.9,49.566666],[127.666666,49.716666],[127.533333,49.8],[127.483334,50],[127.6,50.233333],[127.35,50.316666],[127.35,50.433333],[127.3,50.466666],[127.366666,50.566666],[127.1,50.933333],[126.916666,51.066666],[126.983334,51.316666],[126.866666,51.3],[126.866666,51.25],[126.816666,51.3],[126.833333,51.333333],[126.916666,51.35],[126.883333,51.4],[126.783333,51.45],[126.833333,51.533333],[126.666666,51.6],[126.716667,51.716666],[126.666666,51.733333],[126.45,52.033333],[126.5,52.033333],[126.566666,52.116666],[126.283333,52.216666],[126.433333,52.283333],[126.316666,52.316666],[126.35,52.4],[126.25,52.466666],[126.183333,52.466666],[126.2,52.533333],[126.05,52.6],[126,52.583333],[125.983334,52.666666],[126.066666,52.683333],[126.05,52.75],[126.116666,52.766666],[126.033333,52.8],[125.966667,52.766666],[125.833333,52.883333],[125.683333,52.85],[125.666666,52.916666],[125.75,52.983333],[125.6,53.083333],[125.5,53.05],[125.483334,53.1],[125.166666,53.2],[124.883333,53.166666],[124.883333,53.1],[124.816666,53.15],[124.733334,53.15],[124.65,53.2],[124.433333,53.216666],[124.233334,53.366666],[124.133333,53.35],[123.883333,53.483333],[123.716667,53.483333],[123.6,53.55],[123.566666,53.5],[123.533333,53.5],[123.533333,53.533333],[123.5,53.55],[123.475,53.533333],[123.483334,53.5],[123.433333,53.533333],[123.266666,53.55],[123.15,53.5],[123.033333,53.508333],[122.85,53.45],[122.483334,53.466666],[122.4,53.433333],[122.343056,53.5],[122.25,53.466666],[122.133333,53.466666],[122.083333,53.416666],[121.95,53.416666],[121.85,53.4],[121.816666,53.383333],[121.683333,53.383333],[121.4,53.316666],[121.333333,53.316666],[121.3,53.3],[121.116666,53.283333],[121.083333,53.3],[121.033333,53.283333],[120.883333,53.283333],[120.816666,53.266666],[120.833333,53.25],[120.8,53.233333],[120.683333,53.166666],[120.65,53.133333],[120.633333,53.1],[120.55,53.083333],[120.433333,53],[120.4,52.95],[120.35,52.933333],[120.333333,52.9],[120.283333,52.9],[120.283333,52.866666],[120.216667,52.833333],[120.166666,52.8],[120.133333,52.8],[120.083333,52.783333],[120.016666,52.766666],[120.033333,52.683333],[120.066666,52.583333],[120.183333,52.583333],[120.266666,52.616666],[120.4,52.616666],[120.45,52.633333],[120.6,52.583333],[120.733334,52.533333],[120.65,52.366666],[120.616666,52.35],[120.633333,52.316666],[120.75,52.25],[120.783333,52.166666],[120.683333,52.033333],[120.716667,52],[120.65,51.916666],[120.55,51.866666],[120.466667,51.833333],[120.166666,51.666666],[120.083333,51.683333],[120.083333,51.633333],[120.05,51.566666],[119.933333,51.366666],[119.816666,51.216666],[119.75,51.216666],[119.766666,51.133333],[119.683333,51.016666],[119.616666,51],[119.516666,50.9],[119.483334,50.75],[119.366666,50.683333],[119.25,50.566666],[119.2,50.4],[119.116666,50.383333],[119.166666,50.35],[119.333333,50.35],[119.366666,50.316666],[119.35,50.233333],[119.316666,50.116666],[119.183333,50.016666],[118.983334,49.966666],[118.666666,49.95],[118.383333,49.816666],[118.366666,49.766666],[117.866666,49.5],[117.466667,49.633333],[117.283333,49.633333],[117,49.7],[116.706816,49.828191],[116.0868,48.895403],[116.084172,48.815833],[115.819178,48.529466],[115.834991,48.26333],[115.548055,48.144728],[115.59223,47.919439],[115.911941,47.696961],[115.959439,47.688308],[116.097236,47.804447],[116.242194,47.871139],[116.470289,47.839169],[116.82558,47.884433],[117.111086,47.813614],[117.363072,47.654161],[117.540286,47.787489],[117.787747,47.997478],[117.867503,48.018619],[117.964789,47.993141],[118.218039,48.035578],[118.306675,48.005269],[118.54222,47.996389],[118.756678,47.783878],[119.110822,47.6686],[119.149439,47.533897],[119.344475,47.478608],[119.308609,47.424461],[119.530858,47.29778],[119.781411,47.101372],[119.852745,46.963347],[119.9211,46.912753],[119.908895,46.769741],[119.935022,46.720011],[119.854691,46.656641],[119.7675,46.615278],[119.7075,46.5986],[119.535841,46.634697],[119.455283,46.638591],[119.363039,46.614414],[119.061661,46.677783],[119.007516,46.735539],[118.917791,46.720525],[118.905816,46.754733],[118.849725,46.768597],[118.781658,46.703625],[118.706141,46.689414],[118.630855,46.715541],[118.472489,46.693597],[118.328333,46.733075],[117.856389,46.547491],[117.733603,46.517528],[117.48832,46.589719],[117.421111,46.578316],[117.438875,46.5397],[117.400828,46.48693],[117.377797,46.384141],[117.063872,46.36363],[116.84168,46.393597],[116.587566,46.293411],[116.2432,45.91653],[116.281959,45.812216],[116.186389,45.70725],[116.031403,45.685536],[115.711636,45.467525],[115.354166,45.388055],[117.516666,43.245],[118.083333,42.25],[119.343333,39.903333],[119.866666,39.5],[120,38.25],[123,38.25]]]]}},{"type":"Feature","properties":{"role":"external-label","code":"ZYSH","label":"SHENYANG FIR"},"geometry":{"type":"Point","coordinates":[123.03321,44.83988]}}]}
