{"type":"FeatureCollection","source":"국토교통부 공역정보 KMZ","cycle":"AIP 2026년 10차","features":[{"type":"Feature","properties":{"ident":"RK P518","name":"KOREAN TACTICAL ZONE","type":"Prohibited Area","airspaceClass":null,"upper":"UNL","upperFt":null,"upperRef":"UNL","lower":"GND","lowerFt":0,"lowerRef":"GND","remarks":"Demilitarized zone","prh_lbl_1":"RK P518","prh_lbl_2":"UNL","prh_lbl_3":"GND","prh_lbl_4":"비행금지구역","category":"비행금지구역","source":"국토교통부 공역정보 KMZ","cycle":"AIP 2026년 10차"},"geometry":{"type":"MultiPolygon","coordinates":[[[[128.365535,38.602691],[128.36337,38.605594],[128.362704,38.606641],[128.361704,38.608521],[128.360705,38.610377],[128.359896,38.611852],[128.358897,38.613827],[128.35823,38.615016],[128.358111,38.615326],[128.357973,38.616064],[128.357878,38.616568],[128.357306,38.616182],[128.355851,38.614519],[128.35405,38.612857],[128.353358,38.612511],[128.352631,38.612407],[128.351142,38.612303],[128.349168,38.612165],[128.347436,38.612026],[128.345912,38.611714],[128.344146,38.611299],[128.342934,38.610814],[128.341826,38.610191],[128.340787,38.609221],[128.340025,38.608632],[128.339575,38.60749],[128.339263,38.606728],[128.338709,38.606],[128.338398,38.605377],[128.338086,38.604927],[128.337567,38.604269],[128.337394,38.603403],[128.337394,38.602849],[128.33767,38.602364],[128.337878,38.602018],[128.337428,38.601845],[128.33677,38.602122],[128.336043,38.60226],[128.33542,38.602364],[128.334796,38.602711],[128.333965,38.603126],[128.333376,38.603092],[128.332891,38.602815],[128.332268,38.602157],[128.331507,38.601603],[128.330087,38.600945],[128.329013,38.600356],[128.327905,38.599733],[128.327247,38.599144],[128.326208,38.598867],[128.324961,38.598798],[128.323715,38.598105],[128.322433,38.597482],[128.32091,38.596928],[128.319524,38.596304],[128.318035,38.595127],[128.316546,38.594226],[128.315542,38.593811],[128.314261,38.593534],[128.313603,38.593638],[128.309759,38.595196],[128.309482,38.594746],[128.30917,38.594296],[128.309482,38.593915],[128.309863,38.593464],[128.309863,38.592599],[128.31007,38.590729],[128.310313,38.589517],[128.310659,38.588789],[128.311248,38.587993],[128.312148,38.587266],[128.313153,38.586469],[128.314157,38.585604],[128.314399,38.585015],[128.314157,38.584357],[128.313429,38.583422],[128.312564,38.582037],[128.312044,38.581586],[128.31291,38.580236],[128.313534,38.579162],[128.314192,38.5775],[128.314538,38.575769],[128.314642,38.573968],[128.314434,38.572306],[128.313845,38.570539],[128.313118,38.569293],[128.312252,38.567596],[128.312148,38.566488],[128.312148,38.564825],[128.312217,38.563302],[128.312217,38.561778],[128.312287,38.56022],[128.312183,38.556826],[128.312217,38.555822],[128.312252,38.554714],[128.312391,38.553709],[128.31246,38.553224],[128.312356,38.552636],[128.312079,38.552012],[128.311802,38.551147],[128.311767,38.550212],[128.311802,38.549034],[128.311836,38.547164],[128.311836,38.545156],[128.311663,38.543251],[128.311421,38.54152],[128.311075,38.540446],[128.310763,38.53958],[128.310694,38.538784],[128.310728,38.538299],[128.311075,38.536533],[128.311421,38.53442],[128.31156,38.533589],[128.311525,38.532585],[128.311421,38.531477],[128.311594,38.530334],[128.311836,38.529295],[128.312252,38.527945],[128.312529,38.52694],[128.312495,38.526421],[128.312114,38.525313],[128.312321,38.524412],[128.312564,38.523824],[128.313083,38.5232],[128.313499,38.522508],[128.31388,38.521607],[128.31388,38.520776],[128.313637,38.519634],[128.313395,38.518456],[128.313326,38.517106],[128.313291,38.515616],[128.313256,38.514162],[128.312979,38.512327],[128.312287,38.510941],[128.311629,38.510006],[128.310452,38.508621],[128.309101,38.507201],[128.308096,38.506266],[128.306954,38.505227],[128.305846,38.504223],[128.305188,38.503704],[128.304772,38.503288],[128.304322,38.502838],[128.304088,38.502296],[128.303992,38.501719],[128.304248,38.500437],[128.304697,38.499188],[128.304761,38.498547],[128.304569,38.497842],[128.304216,38.497137],[128.304216,38.496625],[128.304216,38.495888],[128.303896,38.495247],[128.303512,38.494542],[128.30332,38.493837],[128.303166,38.49306],[128.303031,38.492107],[128.302711,38.49121],[128.302325,38.490586],[128.301672,38.489792],[128.30082,38.489],[128.300784,38.488298],[128.300853,38.487558],[128.300788,38.486853],[128.300878,38.486057],[128.301158,38.48531],[128.301429,38.483969],[128.301672,38.482836],[128.301812,38.481482],[128.302615,38.481182],[128.303608,38.480798],[128.304569,38.480285],[128.30537,38.479901],[128.305547,38.479335],[128.305313,38.478774],[128.304519,38.478308],[128.303212,38.477701],[128.302134,38.477081],[128.300917,38.476408],[128.299891,38.475832],[128.298962,38.475351],[128.298321,38.474614],[128.297905,38.473108],[128.297616,38.471699],[128.297552,38.470385],[128.2972,38.468815],[128.296623,38.467405],[128.296022,38.466122],[128.29547,38.465035],[128.294925,38.463657],[128.294605,38.462504],[128.294701,38.461446],[128.294637,38.460709],[128.294413,38.45978],[128.294124,38.458627],[128.293259,38.45805],[128.29182,38.457532],[128.290326,38.456691],[128.288879,38.455478],[128.288039,38.454731],[128.287525,38.453564],[128.286819,38.452732],[128.286499,38.451578],[128.286627,38.449688],[128.286114,38.448503],[128.285666,38.447285],[128.285089,38.445619],[128.284577,38.443312],[128.284128,38.441454],[128.283039,38.439243],[128.28243,38.438186],[128.282016,38.437176],[128.281129,38.436476],[128.279931,38.435879],[128.278105,38.435367],[128.27583,38.43495],[128.273075,38.434021],[128.271792,38.433255],[128.271249,38.432099],[128.27048,38.431138],[128.269166,38.430048],[128.268269,38.429151],[128.2675,38.427934],[128.266603,38.427165],[128.265033,38.426428],[128.264008,38.425787],[128.26263,38.42473],[128.26074,38.423705],[128.25917,38.423096],[128.257984,38.422647],[128.256767,38.422263],[128.255646,38.422071],[128.254524,38.421622],[128.253916,38.421045],[128.252987,38.420052],[128.252025,38.418963],[128.250776,38.417873],[128.249815,38.417137],[128.24927,38.416816],[128.248661,38.41624],[128.247848,38.416049],[128.247683,38.416015],[128.247463,38.415813],[128.247185,38.415726],[128.246662,38.415865],[128.245755,38.415691],[128.244638,38.415307],[128.24452,38.414699],[128.244289,38.41412],[128.243905,38.413423],[128.243741,38.413117],[128.243312,38.41269],[128.242893,38.412062],[128.242614,38.411538],[128.242475,38.41112],[128.242196,38.410771],[128.242214,38.410511],[128.24237,38.410317],[128.243103,38.409759],[128.243696,38.409201],[128.244324,38.408538],[128.244708,38.408119],[128.245056,38.407316],[128.245336,38.406479],[128.245301,38.40606],[128.245119,38.40584],[128.244743,38.405677],[128.244115,38.405328],[128.243745,38.405075],[128.243451,38.404761],[128.243277,38.404211],[128.243137,38.403622],[128.242842,38.403014],[128.242685,38.402798],[128.242391,38.402602],[128.241986,38.402431],[128.241393,38.402013],[128.241009,38.401803],[128.240276,38.401908],[128.239718,38.401838],[128.23923,38.401838],[128.238287,38.402013],[128.237555,38.401769],[128.236508,38.401734],[128.23588,38.401664],[128.234763,38.401524],[128.233821,38.401455],[128.233193,38.401175],[128.23267,38.400791],[128.232286,38.400233],[128.231762,38.399501],[128.231239,38.398838],[128.230506,38.398593],[128.229774,38.398384],[128.229614,38.398127],[128.229594,38.397557],[128.229459,38.397198],[128.229241,38.396458],[128.228867,38.395558],[128.228692,38.394895],[128.228552,38.394476],[128.228029,38.394092],[128.227785,38.393569],[128.227611,38.39308],[128.227191,38.392627],[128.226529,38.392382],[128.225935,38.392278],[128.225447,38.391824],[128.225273,38.391266],[128.225342,38.390742],[128.225377,38.390219],[128.225273,38.389765],[128.224749,38.389033],[128.224016,38.388579],[128.222795,38.3883],[128.221888,38.388056],[128.221016,38.387881],[128.220667,38.387358],[128.220283,38.386869],[128.219829,38.386381],[128.219585,38.385823],[128.218643,38.384811],[128.217631,38.383694],[128.216375,38.382333],[128.215991,38.38188],[128.215851,38.381321],[128.215782,38.379716],[128.215782,38.378705],[128.215782,38.377797],[128.215826,38.376539],[128.215783,38.375726],[128.215037,38.375319],[128.214494,38.374996],[128.214138,38.374657],[128.214076,38.374276],[128.213835,38.373522],[128.213654,38.37304],[128.213503,38.372436],[128.213111,38.371833],[128.212538,38.371049],[128.212327,38.370627],[128.212102,38.370331],[128.21161,38.37028],[128.210608,38.370297],[128.209733,38.370325],[128.209009,38.37126],[128.208647,38.371893],[128.208406,38.372346],[128.207802,38.372949],[128.207501,38.373402],[128.20732,38.373884],[128.207199,38.374307],[128.207018,38.374699],[128.206897,38.37494],[128.206324,38.375423],[128.205872,38.375483],[128.204575,38.375483],[128.20277,38.37537],[128.200503,38.37503],[128.198572,38.374668],[128.195616,38.373794],[128.194319,38.373341],[128.192895,38.373062],[128.191514,38.372979],[128.19082,38.372979],[128.19082,38.371803],[128.190689,38.370263],[128.190469,38.368939],[128.190265,38.367802],[128.18979,38.367412],[128.187855,38.365614],[128.187109,38.364765],[128.186175,38.363719],[128.185451,38.362633],[128.185209,38.362152],[128.184878,38.361728],[128.184244,38.361004],[128.18397,38.360642],[128.183885,38.360303],[128.182857,38.360763],[128.181529,38.361366],[128.180655,38.361716],[128.180021,38.36197],[128.178573,38.362482],[128.177427,38.363055],[128.175497,38.36399],[128.174622,38.364413],[128.171093,38.360944],[128.168408,38.358018],[128.165543,38.355032],[128.163582,38.353101],[128.160165,38.348511],[128.159877,38.348375],[128.159147,38.348188],[128.158485,38.348019],[128.158364,38.347732],[128.158152,38.347038],[128.157881,38.345711],[128.15773,38.344565],[128.157549,38.343751],[128.157308,38.342996],[128.157026,38.342759],[128.156524,38.342665],[128.155951,38.342755],[128.155438,38.343238],[128.154895,38.343871],[128.154442,38.344173],[128.153568,38.344414],[128.152904,38.344505],[128.152275,38.344405],[128.151851,38.344252],[128.151498,38.343901],[128.151305,38.343117],[128.151004,38.342484],[128.150593,38.342205],[128.149529,38.342001],[128.148308,38.342024],[128.147154,38.34225],[128.145797,38.342861],[128.145212,38.343117],[128.14488,38.342936],[128.144398,38.342453],[128.144066,38.341941],[128.143764,38.341579],[128.143312,38.341247],[128.142829,38.340614],[128.142679,38.340402],[128.142467,38.339709],[128.142377,38.339256],[128.142316,38.338954],[128.142045,38.338291],[128.141683,38.337688],[128.141261,38.337145],[128.140658,38.336632],[128.13921,38.335606],[128.137792,38.334611],[128.136615,38.333947],[128.135439,38.333646],[128.134112,38.333706],[128.132815,38.333977],[128.132212,38.334008],[128.131126,38.333555],[128.129889,38.333163],[128.128773,38.332922],[128.127054,38.33268],[128.124942,38.332711],[128.12274,38.332892],[128.1209,38.333284],[128.11903,38.333977],[128.117431,38.334852],[128.116526,38.335727],[128.115953,38.33636],[128.11538,38.336783],[128.114686,38.336873],[128.113239,38.336119],[128.111761,38.335275],[128.109709,38.334068],[128.108262,38.333133],[128.106542,38.331866],[128.104582,38.330358],[128.103405,38.329664],[128.102923,38.329362],[128.102078,38.32888],[128.101022,38.328277],[128.10063,38.328065],[128.100238,38.327583],[128.099876,38.32713],[128.099182,38.326859],[128.098639,38.326617],[128.098036,38.326225],[128.097644,38.326075],[128.096571,38.325754],[128.095519,38.325364],[128.094623,38.325052],[128.094389,38.324779],[128.093532,38.323533],[128.092575,38.322452],[128.091434,38.321379],[128.090465,38.320549],[128.088856,38.318974],[128.087064,38.317727],[128.084297,38.316558],[128.08199,38.315879],[128.078219,38.314876],[128.076178,38.314322],[128.073446,38.313596],[128.069295,38.312622],[128.065282,38.311531],[128.061027,38.310448],[128.056288,38.309549],[128.051099,38.307854],[128.046394,38.307473],[128.044699,38.307681],[128.042174,38.308061],[128.040583,38.308511],[128.039925,38.308788],[128.039565,38.309466],[128.03898,38.309817],[128.037967,38.309817],[128.036759,38.310012],[128.035239,38.310012],[128.034071,38.310089],[128.033096,38.310167],[128.032395,38.310323],[128.031655,38.310557],[128.031109,38.310752],[128.030525,38.311181],[128.03033,38.311414],[128.030642,38.311999],[128.031187,38.312622],[128.031577,38.313051],[128.031733,38.313674],[128.03185,38.313947],[128.032395,38.314376],[128.032902,38.314843],[128.033058,38.315194],[128.032003,38.315498],[128.030135,38.315662],[128.027749,38.315879],[128.025777,38.316156],[128.02256,38.316087],[128.02,38.315983],[128.018339,38.316017],[128.016886,38.315533],[128.014915,38.315602],[128.011974,38.315775],[128.009933,38.315948],[128.008792,38.315948],[128.006232,38.316017],[128.00433,38.316225],[128.002531,38.316433],[128.00087,38.316605],[128.000098,38.316566],[127.998762,38.316544],[127.998495,38.316441],[127.997832,38.316139],[127.997482,38.316168],[127.997171,38.316207],[127.996964,38.316127],[127.996664,38.316012],[127.996387,38.316051],[127.996234,38.316128],[127.996004,38.316073],[127.995829,38.315603],[127.995336,38.315384],[127.994638,38.315389],[127.994053,38.31535],[127.993586,38.315194],[127.992983,38.315132],[127.992339,38.314921],[127.991598,38.31496],[127.991341,38.315066],[127.991024,38.315373],[127.990564,38.315603],[127.989884,38.315856],[127.989222,38.316012],[127.988715,38.316051],[127.987975,38.316051],[127.987351,38.316168],[127.986572,38.316246],[127.985672,38.316194],[127.985201,38.316829],[127.985409,38.317135],[127.985639,38.317387],[127.985949,38.317766],[127.986088,38.318689],[127.986044,38.319215],[127.985814,38.319806],[127.98552,38.320221],[127.985113,38.320539],[127.984764,38.32067],[127.984205,38.320747],[127.98392,38.32067],[127.98361,38.320493],[127.98322,38.320222],[127.982714,38.320143],[127.982191,38.320167],[127.981428,38.320376],[127.980337,38.320649],[127.97948,38.320961],[127.978779,38.321117],[127.977988,38.321163],[127.977454,38.321039],[127.976948,38.320727],[127.976467,38.32044],[127.976215,38.320342],[127.975467,38.320221],[127.974726,38.320026],[127.974387,38.319751],[127.974064,38.319636],[127.973168,38.319636],[127.972427,38.319558],[127.972133,38.319499],[127.971946,38.319401],[127.971843,38.319207],[127.971629,38.319007],[127.97118,38.319072],[127.970635,38.319324],[127.970168,38.319363],[127.969739,38.319207],[127.969549,38.318985],[127.969349,38.318974],[127.969038,38.31909],[127.968843,38.319052],[127.968641,38.318689],[127.968411,38.318558],[127.968159,38.318635],[127.967908,38.318896],[127.967667,38.319105],[127.967306,38.319226],[127.96701,38.319269],[127.966739,38.319207],[127.966474,38.318832],[127.966332,38.318558],[127.966076,38.318467],[127.965467,38.318317],[127.964479,38.318],[127.963894,38.31761],[127.96319,38.316949],[127.962982,38.316839],[127.962074,38.316741],[127.961056,38.31661],[127.960158,38.316456],[127.959491,38.316246],[127.958779,38.315942],[127.958013,38.315723],[127.957582,38.315428],[127.956667,38.31534],[127.955474,38.315471],[127.954598,38.315789],[127.954153,38.315778],[127.953153,38.315887],[127.952311,38.315811],[127.951737,38.315856],[127.951402,38.316051],[127.950975,38.31604],[127.950373,38.316161],[127.949711,38.316285],[127.94906,38.316467],[127.948308,38.316908],[127.947713,38.317507],[127.947336,38.317679],[127.94684,38.3177],[127.946282,38.31772],[127.945704,38.317844],[127.945228,38.31801],[127.94467,38.318175],[127.944071,38.31834],[127.94343,38.318547],[127.943058,38.318774],[127.942727,38.319146],[127.942417,38.319477],[127.942086,38.319746],[127.941693,38.319953],[127.94128,38.320139],[127.940722,38.320407],[127.940102,38.320635],[127.939626,38.320862],[127.939089,38.321089],[127.938572,38.321296],[127.938097,38.321461],[127.937642,38.321441],[127.937291,38.321503],[127.936815,38.321668],[127.936402,38.321792],[127.935947,38.321771],[127.935575,38.321834],[127.935286,38.32202],[127.9351,38.322205],[127.934728,38.322309],[127.934087,38.322433],[127.933591,38.322474],[127.933115,38.322598],[127.932785,38.322867],[127.932495,38.323177],[127.932185,38.323239],[127.931772,38.323198],[127.931317,38.322991],[127.930945,38.322846],[127.930366,38.32266],[127.929829,38.322578],[127.92923,38.32264],[127.928589,38.322846],[127.927865,38.323032],[127.926646,38.32328],[127.924785,38.323714],[127.923235,38.323983],[127.920259,38.324314],[127.91629,38.324727],[127.913831,38.324934],[127.910833,38.325575],[127.909221,38.325761],[127.908516,38.325864],[127.907795,38.325947],[127.907113,38.326091],[127.906741,38.326546],[127.906348,38.327063],[127.906038,38.327476],[127.905562,38.327848],[127.905211,38.327993],[127.904818,38.328096],[127.904302,38.328158],[127.903702,38.328282],[127.903185,38.328427],[127.902752,38.32851],[127.902297,38.32851],[127.901966,38.328468],[127.901615,38.328282],[127.90116,38.328014],[127.900788,38.327766],[127.900354,38.327621],[127.899734,38.327538],[127.899031,38.327621],[127.898721,38.327724],[127.898555,38.328055],[127.898287,38.328303],[127.897997,38.328468],[127.897915,38.328799],[127.897791,38.329109],[127.897543,38.329316],[127.897274,38.329564],[127.897013,38.329802],[127.896796,38.329957],[127.89661,38.33005],[127.896377,38.330096],[127.896098,38.330251],[127.895866,38.330391],[127.895556,38.330422],[127.895292,38.330282],[127.894951,38.330112],[127.894628,38.329895],[127.893987,38.329812],[127.893429,38.329874],[127.892995,38.329895],[127.892499,38.329936],[127.891962,38.33006],[127.891486,38.330143],[127.890928,38.330101],[127.890453,38.329957],[127.89004,38.329833],[127.889667,38.329915],[127.889192,38.329895],[127.888861,38.329957],[127.88851,38.330101],[127.888159,38.330163],[127.887828,38.330349],[127.887476,38.330515],[127.887105,38.330618],[127.886588,38.330659],[127.886298,38.330804],[127.885968,38.331052],[127.885658,38.331197],[127.885327,38.331156],[127.884914,38.331011],[127.884459,38.330949],[127.883983,38.331135],[127.883529,38.331362],[127.883094,38.331486],[127.88266,38.331486],[127.882123,38.331404],[127.8814,38.331486],[127.880906,38.331383],[127.880472,38.33129],[127.8801,38.331181],[127.879774,38.331011],[127.879294,38.330778],[127.878984,38.330623],[127.878658,38.330453],[127.878457,38.330236],[127.878503,38.329678],[127.878568,38.328944],[127.878705,38.328189],[127.878898,38.327373],[127.879415,38.32605],[127.87989,38.324893],[127.879945,38.324469],[127.879829,38.324024],[127.879353,38.323239],[127.878609,38.322371],[127.877617,38.320883],[127.877018,38.319849],[127.876191,38.319105],[127.875,38.317911],[127.873806,38.31709],[127.872612,38.316671],[127.871388,38.316253],[127.870178,38.315819],[127.869326,38.315446],[127.868398,38.315116],[127.867869,38.31509],[127.867094,38.314857],[127.866427,38.314656],[127.865667,38.314392],[127.864908,38.314191],[127.863931,38.313989],[127.863479,38.313834],[127.86261,38.313545],[127.861784,38.313235],[127.860936,38.312925],[127.860585,38.312697],[127.860213,38.312532],[127.859779,38.312367],[127.859345,38.31216],[127.858746,38.311829],[127.858208,38.311685],[127.857919,38.311747],[127.857526,38.311995],[127.857071,38.31216],[127.856307,38.31247],[127.855761,38.312641],[127.855219,38.312749],[127.854735,38.312842],[127.854239,38.313214],[127.853661,38.31371],[127.852785,38.314253],[127.852242,38.314516],[127.851531,38.314682],[127.850994,38.314806],[127.850415,38.314785],[127.849878,38.314764],[127.849421,38.314501],[127.848989,38.314103],[127.848661,38.313633],[127.847824,38.313059],[127.846832,38.312517],[127.845599,38.311809],[127.84446,38.310935],[127.843127,38.30999],[127.842351,38.309509],[127.841344,38.309013],[127.840184,38.308357],[127.839205,38.307974],[127.838117,38.307695],[127.837269,38.307447],[127.836153,38.307199],[127.835409,38.30722],[127.834644,38.307055],[127.8339,38.306724],[127.833342,38.30631],[127.832701,38.305918],[127.832081,38.305566],[127.831399,38.30536],[127.830655,38.305318],[127.830014,38.305442],[127.829022,38.305463],[127.827948,38.305153],[127.827369,38.304864],[127.826914,38.304657],[127.8265,38.304512],[127.826046,38.304347],[127.82557,38.304285],[127.824785,38.304285],[127.824247,38.304243],[127.823628,38.30414],[127.822987,38.304099],[127.822346,38.304078],[127.821622,38.304119],[127.821519,38.30474],[127.821312,38.30538],[127.820961,38.305959],[127.820093,38.306806],[127.819183,38.307592],[127.818501,38.30815],[127.817695,38.308811],[127.816662,38.309783],[127.815587,38.310548],[127.813851,38.311643],[127.812982,38.312201],[127.81166,38.31309],[127.810771,38.313648],[127.809262,38.314723],[127.808332,38.315136],[127.806244,38.316025],[127.804838,38.316831],[127.803743,38.317576],[127.802193,38.318795],[127.800766,38.31989],[127.799568,38.320841],[127.798204,38.321813],[127.797769,38.322185],[127.797089,38.322687],[127.796278,38.323579],[127.795487,38.324856],[127.794596,38.326477],[127.793846,38.327815],[127.793116,38.32897],[127.792448,38.330206],[127.792002,38.331281],[127.791535,38.332598],[127.791109,38.333402],[127.790664,38.33428],[127.789995,38.335598],[127.789549,38.336915],[127.789184,38.338273],[127.788536,38.339631],[127.787462,38.341455],[127.786813,38.342934],[127.786448,38.34413],[127.786144,38.345245],[127.78582,38.34636],[127.785354,38.347251],[127.784685,38.348042],[127.783976,38.34863],[127.782901,38.348913],[127.781645,38.348934],[127.780713,38.34865],[127.779659,38.348224],[127.778889,38.347576],[127.778179,38.346481],[127.777368,38.345022],[127.77676,38.343786],[127.776132,38.342732],[127.775544,38.34184],[127.774815,38.341313],[127.773801,38.340847],[127.772779,38.340681],[127.771653,38.340745],[127.771714,38.340219],[127.771856,38.33957],[127.77218,38.339266],[127.772241,38.339063],[127.772078,38.338942],[127.771795,38.338759],[127.771592,38.338557],[127.771329,38.338435],[127.771183,38.338253],[127.771128,38.338032],[127.771176,38.337834],[127.771227,38.337624],[127.771633,38.33734],[127.772018,38.337077],[127.772167,38.336916],[127.772189,38.336717],[127.772078,38.336584],[127.771869,38.336573],[127.771633,38.336651],[127.771167,38.336712],[127.770619,38.336753],[127.770214,38.336712],[127.770011,38.33655],[127.769849,38.336246],[127.769238,38.335821],[127.768937,38.335638],[127.768784,38.33549],[127.768532,38.335435],[127.768198,38.335457],[127.768045,38.335577],[127.767579,38.335983],[127.767336,38.336054],[127.767159,38.336009],[127.766323,38.33582],[127.765816,38.335699],[127.765391,38.3357],[127.765115,38.335821],[127.76433,38.336186],[127.763799,38.336639],[127.763262,38.337178],[127.762893,38.337634],[127.762506,38.338043],[127.76162,38.338192],[127.760567,38.338232],[127.759695,38.33807],[127.758763,38.337746],[127.758394,38.337383],[127.758195,38.336976],[127.757956,38.336571],[127.75776,38.336399],[127.757518,38.336287],[127.757089,38.33611],[127.756706,38.33597],[127.756273,38.335928],[127.755792,38.335872],[127.755277,38.335861],[127.754669,38.3358],[127.754454,38.335769],[127.754284,38.335679],[127.753838,38.335152],[127.753696,38.334604],[127.753331,38.334402],[127.752703,38.3343],[127.751973,38.33424],[127.75098,38.334361],[127.749946,38.334645],[127.749156,38.33501],[127.748295,38.335605],[127.747546,38.336374],[127.746837,38.336847],[127.746147,38.337221],[127.745771,38.337827],[127.745406,38.338475],[127.744961,38.338881],[127.744515,38.339286],[127.744069,38.339671],[127.743585,38.339842],[127.743053,38.339921],[127.742442,38.340059],[127.742008,38.340237],[127.741437,38.340651],[127.740887,38.340523],[127.740177,38.340583],[127.739549,38.340624],[127.739002,38.340563],[127.738455,38.340543],[127.737746,38.340441],[127.7373,38.340381],[127.736448,38.34034],[127.735982,38.340178],[127.735455,38.339692],[127.734462,38.338982],[127.733814,38.338232],[127.733206,38.337645],[127.732314,38.337057],[127.731604,38.33655],[127.730388,38.335861],[127.729172,38.335212],[127.72822,38.334726],[127.727835,38.334564],[127.726882,38.334341],[127.726112,38.334199],[127.7252,38.333814],[127.72443,38.333449],[127.723457,38.333186],[127.722788,38.332841],[127.722261,38.332456],[127.721471,38.33203],[127.720742,38.331525],[127.71993,38.331139],[127.719018,38.330733],[127.718167,38.330389],[127.717332,38.329929],[127.716642,38.329554],[127.715816,38.329416],[127.715046,38.329377],[127.714478,38.329396],[127.714032,38.329659],[127.713911,38.330206],[127.714113,38.331098],[127.714235,38.331787],[127.714215,38.332659],[127.714296,38.333429],[127.714255,38.333814],[127.714113,38.334422],[127.713931,38.334827],[127.713607,38.335172],[127.713019,38.335375],[127.71233,38.335395],[127.711641,38.335375],[127.710972,38.335435],[127.710161,38.335435],[127.709391,38.335415],[127.708662,38.335314],[127.707871,38.335131],[127.707339,38.335033],[127.706886,38.335112],[127.706493,38.335273],[127.705784,38.335273],[127.704952,38.335395],[127.704243,38.33582],[127.703615,38.336165],[127.703149,38.336429],[127.70246,38.336712],[127.701629,38.336814],[127.700737,38.336814],[127.699906,38.336651],[127.699197,38.336388],[127.69871,38.336064],[127.698163,38.335902],[127.697575,38.335638],[127.697008,38.335273],[127.696521,38.334787],[127.695954,38.334179],[127.695386,38.333591],[127.69494,38.332882],[127.694576,38.33203],[127.694213,38.331249],[127.693785,38.330227],[127.693441,38.329497],[127.693258,38.328767],[127.693035,38.32824],[127.69265,38.327713],[127.692285,38.327227],[127.6919,38.32672],[127.691495,38.326092],[127.69111,38.325443],[127.690502,38.324795],[127.6897,38.324272],[127.688852,38.324016],[127.686979,38.324134],[127.685658,38.324228],[127.684422,38.324369],[127.682881,38.324633],[127.681564,38.324775],[127.680348,38.324856],[127.679638,38.324876],[127.679132,38.324815],[127.678686,38.324653],[127.678139,38.324613],[127.677429,38.324572],[127.676781,38.324531],[127.676193,38.324471],[127.675463,38.324369],[127.674896,38.324207],[127.673923,38.323923],[127.673072,38.323761],[127.67238,38.323646],[127.671714,38.323579],[127.670802,38.323518],[127.670194,38.323498],[127.669687,38.323295],[127.669302,38.323072],[127.668816,38.322687],[127.668471,38.322971],[127.668349,38.323315],[127.668005,38.32368],[127.66764,38.323978],[127.66695,38.324369],[127.666627,38.324592],[127.666262,38.324714],[127.665744,38.325043],[127.665104,38.325492],[127.664681,38.325849],[127.664231,38.32565],[127.66379,38.325475],[127.66312,38.325241],[127.662654,38.325099],[127.662107,38.325079],[127.66156,38.324977],[127.661114,38.324775],[127.660648,38.324491],[127.659999,38.324329],[127.659271,38.324224],[127.658702,38.324248],[127.658205,38.32418],[127.65779,38.324248],[127.657385,38.32443],[127.65698,38.324694],[127.656473,38.324673],[127.655763,38.324592],[127.655236,38.324714],[127.654649,38.324896],[127.654351,38.325003],[127.654133,38.325028],[127.653908,38.32509],[127.653677,38.325246],[127.653453,38.325396],[127.65323,38.325443],[127.652824,38.325261],[127.65228,38.325022],[127.652118,38.324959],[127.651933,38.324998],[127.65169,38.325058],[127.651386,38.324937],[127.651152,38.324816],[127.650965,38.32486],[127.650656,38.325018],[127.650149,38.325464],[127.650036,38.325633],[127.649866,38.325687],[127.649561,38.325666],[127.649298,38.325585],[127.649055,38.325666],[127.64867,38.32591],[127.648277,38.3262],[127.648034,38.326269],[127.647791,38.326213],[127.647601,38.326084],[127.647352,38.325798],[127.646953,38.325723],[127.646492,38.325648],[127.645944,38.325598],[127.645657,38.325474],[127.645371,38.32525],[127.645159,38.325337],[127.64481,38.325623],[127.644511,38.32586],[127.64415,38.325972],[127.643775,38.325648],[127.643153,38.325112],[127.642542,38.324764],[127.641595,38.32444],[127.640655,38.324122],[127.639924,38.323901],[127.639016,38.323613],[127.638031,38.323368],[127.637022,38.323206],[127.635876,38.323106],[127.635028,38.323032],[127.634393,38.323044],[127.633882,38.323219],[127.633558,38.323667],[127.633571,38.324303],[127.633595,38.325088],[127.633483,38.325461],[127.632791,38.325717],[127.631801,38.325848],[127.631066,38.32576],[127.63043,38.325574],[127.629832,38.325399],[127.629433,38.325212],[127.629184,38.325175],[127.62886,38.325187],[127.628562,38.325237],[127.62815,38.325274],[127.627926,38.325312],[127.627627,38.325436],[127.627228,38.325661],[127.627029,38.325736],[127.626618,38.32581],[127.626294,38.325947],[127.626119,38.326047],[127.62572,38.326221],[127.625521,38.326271],[127.625384,38.326259],[127.625259,38.326159],[127.625122,38.325935],[127.624923,38.325698],[127.624699,38.325586],[127.624449,38.325511],[127.62415,38.325461],[127.623727,38.325399],[127.623452,38.325349],[127.623166,38.3252],[127.622892,38.325088],[127.622506,38.324975],[127.621982,38.324938],[127.621596,38.32495],[127.621185,38.325],[127.620923,38.325063],[127.620674,38.325063],[127.620437,38.324988],[127.620126,38.324888],[127.619789,38.324851],[127.619353,38.324813],[127.619016,38.324801],[127.618643,38.324813],[127.618206,38.324888],[127.617771,38.325038],[127.617384,38.325237],[127.616849,38.325499],[127.616325,38.326059],[127.615976,38.326608],[127.615845,38.327024],[127.616022,38.327644],[127.616332,38.328242],[127.616554,38.328641],[127.61662,38.329084],[127.616509,38.329416],[127.615933,38.32997],[127.615424,38.330657],[127.61518,38.331344],[127.614759,38.33234],[127.614428,38.333319],[127.613787,38.334102],[127.612684,38.335099],[127.611473,38.335918],[127.607699,38.335918],[127.598834,38.335918],[127.590361,38.335918],[127.582421,38.335882],[127.575882,38.335918],[127.575123,38.335491],[127.574411,38.335099],[127.573735,38.334707],[127.573082,38.334114],[127.572702,38.333461],[127.572323,38.333028],[127.571705,38.332595],[127.571149,38.332201],[127.570204,38.331728],[127.568372,38.331256],[127.565985,38.330794],[127.56419,38.330483],[127.562309,38.329922],[127.560751,38.329324],[127.558546,38.328714],[127.55715,38.328402],[127.55477,38.327866],[127.553611,38.327555],[127.552009,38.327135],[127.550835,38.326869],[127.550247,38.326633],[127.549711,38.326072],[127.548901,38.325299],[127.547892,38.324639],[127.546696,38.323804],[127.544689,38.321661],[127.54302,38.320452],[127.541836,38.319543],[127.540964,38.318969],[127.539715,38.318363],[127.538142,38.317765],[127.5375,38.317521],[127.536082,38.317145],[127.534377,38.316214],[127.533176,38.31553],[127.532006,38.314464],[127.5305,38.313113],[127.528905,38.311607],[127.528373,38.311341],[127.52762,38.311097],[127.526423,38.310334],[127.525782,38.309923],[127.525114,38.309499],[127.524297,38.309059],[127.523582,38.308652],[127.523212,38.308439],[127.522734,38.308341],[127.522061,38.308316],[127.520765,38.308303],[127.519582,38.308216],[127.518897,38.308066],[127.518136,38.307904],[127.517588,38.307718],[127.517139,38.30707],[127.516479,38.306247],[127.516093,38.305599],[127.515856,38.305014],[127.515694,38.30469],[127.514949,38.304164],[127.514186,38.303743],[127.513414,38.303344],[127.512716,38.303419],[127.512136,38.303366],[127.511607,38.303095],[127.509003,38.302023],[127.50671,38.301263],[127.50456,38.300619],[127.50374,38.300553],[127.503208,38.300641],[127.502486,38.30079],[127.502087,38.30079],[127.500794,38.300553],[127.497759,38.300221],[127.4966,38.300099],[127.495801,38.299995],[127.49462,38.301003],[127.492951,38.302636],[127.491457,38.303887],[127.49038,38.304929],[127.489164,38.305833],[127.488434,38.30618],[127.487183,38.306424],[127.48621,38.306493],[127.485411,38.30625],[127.484646,38.306041],[127.483881,38.306007],[127.483361,38.306041],[127.482735,38.306111],[127.481982,38.30625],[127.481588,38.306597],[127.481206,38.307466],[127.480441,38.308578],[127.479364,38.310177],[127.477905,38.312227],[127.477036,38.313165],[127.476723,38.313686],[127.476688,38.314242],[127.476758,38.314764],[127.476688,38.315459],[127.476515,38.316154],[127.476341,38.316501],[127.475333,38.316744],[127.474464,38.316779],[127.473688,38.316906],[127.472484,38.316721],[127.471557,38.316767],[127.471059,38.316883],[127.470642,38.317196],[127.469912,38.3173],[127.469148,38.317544],[127.46814,38.317752],[127.467387,38.317833],[127.466576,38.317891],[127.465904,38.317648],[127.464885,38.317231],[127.463588,38.316906],[127.462614,38.316906],[127.461642,38.317138],[127.460112,38.317648],[127.458306,38.318296],[127.456777,38.318795],[127.456047,38.318899],[127.455317,38.31876],[127.454518,38.318273],[127.453614,38.317891],[127.451912,38.317474],[127.449896,38.317161],[127.448263,38.317196],[127.446699,38.317474],[127.444996,38.317961],[127.443433,38.318517],[127.442355,38.318829],[127.440583,38.319455],[127.438429,38.320219],[127.436587,38.320636],[127.435266,38.32088],[127.433564,38.321158],[127.43273,38.321401],[127.431826,38.322131],[127.430506,38.323486],[127.42944,38.324598],[127.428652,38.325478],[127.428073,38.326266],[127.427517,38.326822],[127.426926,38.327169],[127.426058,38.327482],[127.424285,38.327899],[127.421783,38.32842],[127.419664,38.328803],[127.417764,38.329231],[127.416235,38.329602],[127.414868,38.330054],[127.413026,38.330714],[127.410976,38.331305],[127.409343,38.331965],[127.408196,38.33266],[127.4072,38.333077],[127.406181,38.333216],[127.403817,38.333459],[127.402115,38.333633],[127.400377,38.333668],[127.399265,38.333355],[127.398188,38.333251],[127.396451,38.333146],[127.393914,38.333111],[127.391898,38.333216],[127.390126,38.333424],[127.389084,38.333957],[127.388342,38.334513],[127.38774,38.335162],[127.387045,38.335718],[127.386026,38.336042],[127.384867,38.336042],[127.382829,38.336042],[127.382041,38.33581],[127.3813,38.33544],[127.380141,38.334837],[127.379168,38.334328],[127.377454,38.333216],[127.364805,38.326636],[127.363369,38.326266],[127.363195,38.325779],[127.36323,38.325293],[127.363091,38.324841],[127.3625,38.324494],[127.361874,38.323938],[127.361214,38.324702],[127.360102,38.325849],[127.359129,38.326301],[127.3584,38.326926],[127.357843,38.327552],[127.356453,38.328177],[127.355376,38.328455],[127.354368,38.32849],[127.352978,38.328316],[127.351693,38.328177],[127.350685,38.328177],[127.349608,38.328281],[127.348774,38.32849],[127.347835,38.328768],[127.34729,38.328801],[127.346606,38.328673],[127.345751,38.328245],[127.344554,38.327475],[127.34357,38.326791],[127.342715,38.32615],[127.341561,38.325466],[127.340321,38.324782],[127.338782,38.324311],[127.33767,38.323499],[127.336002,38.322259],[127.334292,38.321105],[127.332411,38.320121],[127.330187,38.31901],[127.328648,38.318411],[127.327665,38.318154],[127.32681,38.318154],[127.325997,38.318368],[127.325399,38.31901],[127.325185,38.319865],[127.325014,38.320421],[127.324629,38.320763],[127.323945,38.320805],[127.322748,38.320848],[127.321722,38.320677],[127.320525,38.320249],[127.319327,38.319865],[127.317959,38.319565],[127.316805,38.319223],[127.315736,38.318881],[127.314548,38.31854],[127.31292,38.317914],[127.311802,38.317599],[127.310562,38.317171],[127.309151,38.316957],[127.308036,38.316693],[127.306909,38.316442],[127.306127,38.316223],[127.305313,38.31591],[127.304362,38.315461],[127.303807,38.315119],[127.303028,38.314783],[127.302308,38.314376],[127.301463,38.313719],[127.300557,38.312639],[127.300044,38.313451],[127.299531,38.314306],[127.299061,38.315161],[127.298761,38.315974],[127.298489,38.316912],[127.298113,38.317444],[127.297612,38.317976],[127.296861,38.318446],[127.296235,38.318759],[127.295327,38.319479],[127.294075,38.320512],[127.293135,38.321576],[127.292415,38.322453],[127.291821,38.322954],[127.290913,38.323298],[127.288909,38.323861],[127.284245,38.324707],[127.280238,38.325333],[127.277045,38.325834],[127.273382,38.326334],[127.267164,38.327219],[127.263145,38.327646],[127.257416,38.327903],[127.252941,38.328338],[127.250937,38.328588],[127.249372,38.329277],[127.247682,38.330404],[127.24549,38.332032],[127.243174,38.333879],[127.242548,38.334317],[127.241922,38.334161],[127.2407,38.333973],[127.23926,38.333785],[127.238509,38.333754],[127.236412,38.333221],[127.233438,38.332376],[127.230652,38.3315],[127.227328,38.330294],[127.224035,38.328939],[127.223202,38.328588],[127.222767,38.328252],[127.222446,38.327505],[127.221639,38.32643],[127.220428,38.325547],[127.218018,38.324477],[127.209498,38.321047],[127.204096,38.318917],[127.197705,38.316672],[127.196183,38.316101],[127.192797,38.31496],[127.187167,38.313286],[127.179482,38.311118],[127.167977,38.307986],[127.160622,38.305625],[127.154195,38.303502],[127.152819,38.303143],[127.152221,38.303382],[127.151384,38.30392],[127.150158,38.305385],[127.148932,38.30694],[127.147527,38.308973],[127.146361,38.310348],[127.145285,38.311245],[127.144209,38.311813],[127.142804,38.312501],[127.142026,38.313188],[127.141399,38.313936],[127.140681,38.314384],[127.139455,38.314743],[127.13823,38.314803],[127.136824,38.314773],[127.135598,38.314623],[127.133775,38.314205],[127.132878,38.313667],[127.132041,38.313129],[127.131592,38.312262],[127.131294,38.310797],[127.130845,38.308883],[127.130396,38.306701],[127.129679,38.30407],[127.12932,38.302904],[127.128663,38.300901],[127.128154,38.299824],[127.127795,38.299496],[127.127048,38.299286],[127.126121,38.299316],[127.124836,38.299585],[127.123102,38.299675],[127.121697,38.299615],[127.120381,38.299406],[127.118976,38.299017],[127.118438,38.298718],[127.118169,38.29836],[127.117541,38.29821],[127.116944,38.298043],[127.11658,38.297807],[127.116195,38.29785],[127.115986,38.298001],[127.115681,38.298514],[127.115275,38.298599],[127.11494,38.298479],[127.114282,38.29809],[127.11367,38.297658],[127.113071,38.297401],[127.112997,38.296984],[127.113007,38.29631],[127.112399,38.296297],[127.111591,38.296147],[127.110995,38.295903],[127.110482,38.295689],[127.109559,38.294951],[127.108727,38.294212],[127.107316,38.292679],[127.10636,38.291453],[127.105702,38.290736],[127.104984,38.290407],[127.104267,38.289809],[127.103101,38.288613],[127.102692,38.288007],[127.102221,38.287514],[127.101695,38.287178],[127.101344,38.286915],[127.100918,38.28661],[127.100488,38.286295],[127.100103,38.286016],[127.099653,38.285589],[127.099268,38.285353],[127.098926,38.285225],[127.098348,38.285374],[127.097779,38.285504],[127.097043,38.285674],[127.096374,38.284099],[127.095447,38.281498],[127.095118,38.280511],[127.09449,38.279614],[127.094182,38.279446],[127.093741,38.279324],[127.093145,38.279285],[127.092158,38.279166],[127.091191,38.27914],[127.090553,38.278981],[127.090051,38.278883],[127.089318,38.278807],[127.089046,38.278833],[127.088661,38.279016],[127.088362,38.279345],[127.087844,38.279459],[127.087046,38.279255],[127.086358,38.278777],[127.08603,38.278239],[127.085641,38.27785],[127.085012,38.277657],[127.084296,38.277521],[127.083321,38.277326],[127.082831,38.277312],[127.082083,38.277559],[127.081751,38.277791],[127.081426,38.278],[127.080648,38.278],[127.079751,38.27797],[127.079214,38.277865],[127.078795,38.277671],[127.078319,38.277571],[127.077988,38.277571],[127.077599,38.277701],[127.0773,38.27794],[127.077204,38.278147],[127.077007,38.278319],[127.076672,38.278359],[127.076014,38.278209],[127.075446,38.27794],[127.075596,38.277402],[127.075984,38.276535],[127.076433,38.275219],[127.076851,38.274053],[127.076732,38.273396],[127.076193,38.272857],[127.075536,38.272439],[127.074938,38.271871],[127.07434,38.271333],[127.073503,38.271034],[127.072516,38.270765],[127.072098,38.270376],[127.071559,38.26933],[127.070932,38.268074],[127.070304,38.267566],[127.069586,38.267327],[127.068929,38.267297],[127.068241,38.267357],[127.067822,38.267237],[127.067404,38.266878],[127.067224,38.265981],[127.067045,38.265294],[127.066657,38.264576],[127.065969,38.264038],[127.065221,38.263709],[127.064773,38.26353],[127.063756,38.263261],[127.0628,38.262962],[127.061484,38.262663],[127.060199,38.262693],[127.059362,38.262603],[127.058614,38.262483],[127.057927,38.262184],[127.057478,38.261706],[127.057,38.261048],[127.056551,38.260301],[127.056192,38.259105],[127.055684,38.258746],[127.055026,38.258627],[127.053591,38.258746],[127.052575,38.259015],[127.052037,38.259254],[127.051349,38.259404],[127.050538,38.259555],[127.049315,38.259691],[127.04782,38.259872],[127.046552,38.260008],[127.045419,38.260053],[127.044604,38.259827],[127.04388,38.25951],[127.043155,38.259012],[127.042385,38.258378],[127.041524,38.257291],[127.04089,38.25643],[127.039856,38.254922],[127.038887,38.253611],[127.038468,38.252675],[127.037889,38.251784],[127.037043,38.251205],[127.03544,38.250359],[127.034326,38.249869],[127.033436,38.249497],[127.033043,38.248056],[127.032624,38.247112],[127.031654,38.246128],[127.030632,38.24554],[127.02916,38.245193],[127.027828,38.245226],[127.026832,38.245645],[127.026042,38.245995],[127.025241,38.24448],[127.023949,38.242253],[127.023014,38.24065],[127.022325,38.240089],[127.021513,38.239644],[127.020124,38.239172],[127.018872,38.238824],[127.01787,38.237967],[127.01709,38.237621],[127.016022,38.237265],[127.015131,38.236731],[127.014411,38.235975],[127.013756,38.234848],[127.013703,38.233984],[127.013661,38.233123],[127.013394,38.232366],[127.013037,38.231297],[127.013075,38.230315],[127.012891,38.229607],[127.012146,38.229026],[127.010722,38.228001],[127.009964,38.227378],[127.009118,38.22671],[127.00841,38.22607],[127.007826,38.225463],[127.006969,38.22489],[127.005911,38.224082],[127.004887,38.223325],[127.004191,38.222296],[127.003929,38.221484],[127.003641,38.21978],[127.003417,38.218916],[127.002883,38.218114],[127.002011,38.216911],[127.001502,38.21611],[127.000935,38.216248],[127.000626,38.216307],[126.999756,38.216292],[126.997648,38.216395],[126.997067,38.216449],[126.996603,38.2166],[126.996014,38.216764],[126.995401,38.216867],[126.994936,38.216905],[126.994554,38.216867],[126.994024,38.216747],[126.993534,38.216606],[126.99307,38.21644],[126.992722,38.216399],[126.992224,38.216465],[126.99166,38.216466],[126.99084,38.216382],[126.990384,38.216216],[126.98943,38.215752],[126.988631,38.215353],[126.988095,38.215022],[126.987125,38.214243],[126.986263,38.21348],[126.98587,38.212725],[126.985424,38.211523],[126.985023,38.210543],[126.984311,38.209607],[126.983286,38.208405],[126.98247,38.207204],[126.981639,38.206223],[126.979768,38.203996],[126.9791,38.202971],[126.978628,38.202372],[126.977965,38.202084],[126.977751,38.201856],[126.977594,38.201406],[126.977279,38.20071],[126.976695,38.20017],[126.976043,38.199743],[126.975347,38.199294],[126.974335,38.198552],[126.973488,38.198117],[126.972201,38.197608],[126.971167,38.196979],[126.970358,38.196148],[126.969414,38.195316],[126.968111,38.194148],[126.967654,38.19344],[126.967324,38.19244],[126.967032,38.191878],[126.96663,38.191392],[126.965204,38.190278],[126.96467,38.189833],[126.966095,38.188853],[126.967774,38.187653],[126.970448,38.1859],[126.970148,38.1848],[126.969908,38.183766],[126.969639,38.182485],[126.969684,38.181766],[126.969751,38.181047],[126.969863,38.180148],[126.968852,38.179361],[126.967965,38.178654],[126.966763,38.177095],[126.966362,38.175536],[126.965976,38.173945],[126.965908,38.173361],[126.965917,38.171884],[126.965841,38.171159],[126.965706,38.170709],[126.965391,38.17035],[126.964493,38.169788],[126.963549,38.169069],[126.96292,38.16862],[126.962021,38.167923],[126.96101,38.167069],[126.959144,38.165563],[126.957684,38.164642],[126.956697,38.164046],[126.955851,38.163422],[126.95505,38.162799],[126.95456,38.162309],[126.951843,38.162131],[126.951414,38.161249],[126.951099,38.160664],[126.951077,38.160327],[126.951353,38.159726],[126.951481,38.159316],[126.951442,38.158835],[126.95113,38.157855],[126.951032,38.157451],[126.951122,38.157002],[126.951531,38.156697],[126.952956,38.156073],[126.954293,38.155227],[126.95554,38.154381],[126.95643,38.153579],[126.957499,38.152778],[126.958434,38.152199],[126.95937,38.151932],[126.960483,38.151753],[126.96124,38.151397],[126.962443,38.150774],[126.963378,38.150284],[126.964605,38.149721],[126.96605,38.148947],[126.967369,38.148282],[126.968277,38.147567],[126.969257,38.146097],[126.969658,38.145295],[126.969908,38.144372],[126.969908,38.143878],[126.969658,38.143291],[126.968945,38.142178],[126.968144,38.141064],[126.96752,38.14004],[126.966852,38.139091],[126.966318,38.138259],[126.965338,38.136878],[126.96474,38.136058],[126.964021,38.135406],[126.963032,38.135002],[126.961841,38.134664],[126.960929,38.134206],[126.959571,38.133541],[126.957811,38.133716],[126.95545,38.134161],[126.953886,38.134462],[126.95292,38.13462],[126.951684,38.134552],[126.950223,38.134709],[126.949212,38.134822],[126.948503,38.134829],[126.947212,38.134507],[126.945167,38.134035],[126.944223,38.133968],[126.943515,38.134072],[126.942846,38.134206],[126.941778,38.134206],[126.940852,38.134035],[126.94013,38.133582],[126.93964,38.132914],[126.939372,38.131756],[126.939194,38.130776],[126.939105,38.129885],[126.938749,38.128906],[126.938125,38.128059],[126.93768,38.127703],[126.937235,38.127419],[126.936232,38.127419],[126.934688,38.127419],[126.932952,38.12738],[126.931485,38.127226],[126.930173,38.126917],[126.929401,38.126454],[126.928783,38.125991],[126.928282,38.125219],[126.927857,38.124486],[126.927433,38.123791],[126.926699,38.123328],[126.925426,38.122749],[126.924152,38.121784],[126.92284,38.120626],[126.920563,38.119276],[126.919212,38.118388],[126.917977,38.118079],[126.914697,38.117539],[126.911031,38.116883],[126.908792,38.116458],[126.907403,38.115764],[126.907056,38.11449],[126.906747,38.113371],[126.906052,38.112985],[126.905088,38.112792],[126.904393,38.111904],[126.903428,38.110939],[126.902425,38.109936],[126.90119,38.108585],[126.900534,38.107891],[126.900495,38.105729],[126.900572,38.1038],[126.900379,38.101986],[126.899955,38.100983],[126.899337,38.100442],[126.898488,38.100095],[126.897794,38.100095],[126.896713,38.100445],[126.895023,38.100979],[126.892646,38.101709],[126.890724,38.102381],[126.88957,38.102838],[126.888946,38.103126],[126.888345,38.103222],[126.88755,38.103248],[126.886447,38.103222],[126.884392,38.103959],[126.883612,38.104039],[126.882867,38.103943],[126.882219,38.103751],[126.88133,38.103174],[126.880585,38.102742],[126.8799,38.102447],[126.878832,38.10178],[126.877809,38.100846],[126.877009,38.099778],[126.876675,38.099139],[126.876699,38.098295],[126.876608,38.09791],[126.876164,38.097554],[126.875785,38.097417],[126.875363,38.097198],[126.875106,38.096749],[126.875096,38.096131],[126.875035,38.095414],[126.874614,38.095191],[126.87394,38.094974],[126.873665,38.094617],[126.873513,38.094301],[126.87336,38.093704],[126.873495,38.092484],[126.873495,38.091994],[126.873419,38.091525],[126.873272,38.091149],[126.872828,38.090437],[126.872071,38.089637],[126.871627,38.089326],[126.870737,38.088703],[126.870203,38.088302],[126.86994,38.087987],[126.869952,38.087425],[126.86994,38.08705],[126.869811,38.086734],[126.869237,38.08616],[126.869038,38.085832],[126.869073,38.085574],[126.869401,38.085082],[126.869447,38.084789],[126.869314,38.084433],[126.868897,38.083887],[126.868487,38.083196],[126.868265,38.082927],[126.86789,38.082622],[126.867668,38.082253],[126.867796,38.081299],[126.867972,38.080877],[126.868113,38.080296],[126.868323,38.079834],[126.868628,38.079588],[126.869635,38.07919],[126.869981,38.078962],[126.870326,38.078722],[126.870514,38.078487],[126.870619,38.078265],[126.870537,38.077984],[126.870268,38.077784],[126.869447,38.077538],[126.86912,38.077363],[126.868913,38.077049],[126.86871,38.076625],[126.868824,38.076115],[126.868968,38.075266],[126.869047,38.074603],[126.868604,38.07439],[126.868246,38.074291],[126.867866,38.074197],[126.867579,38.074024],[126.867427,38.073758],[126.867401,38.073491],[126.867621,38.073002],[126.867682,38.072651],[126.867673,38.072247],[126.867489,38.071842],[126.867312,38.071489],[126.867199,38.071131],[126.867137,38.070613],[126.86712,38.070235],[126.866956,38.069932],[126.866803,38.069611],[126.866556,38.069399],[126.866004,38.068952],[126.865679,38.068689],[126.865512,38.068337],[126.865398,38.067801],[126.865221,38.067486],[126.864862,38.067274],[126.864537,38.067213],[126.864256,38.067186],[126.864027,38.067213],[126.863816,38.067415],[126.863482,38.067582],[126.863149,38.067599],[126.862841,38.06752],[126.862498,38.067353],[126.862279,38.067169],[126.862286,38.06673],[126.862529,38.066038],[126.86292,38.065334],[126.863677,38.064056],[126.863807,38.063612],[126.863312,38.062804],[126.862894,38.0621],[126.862738,38.061395],[126.862581,38.060874],[126.861747,38.059804],[126.860573,38.058448],[126.859842,38.057691],[126.859686,38.057013],[126.859686,38.051927],[126.859712,38.050127],[126.859555,38.04924],[126.858693,38.047504],[126.858561,38.047049],[126.858591,38.045788],[126.858532,38.044159],[126.858385,38.043851],[126.858048,38.043513],[126.857388,38.042868],[126.856548,38.04191],[126.856067,38.041269],[126.85595,38.040961],[126.856038,38.0403],[126.855979,38.039831],[126.855836,38.039508],[126.855509,38.039317],[126.855025,38.0392],[126.854571,38.039024],[126.85391,38.03873],[126.853529,38.038408],[126.852144,38.037684],[126.851166,38.037062],[126.850961,38.036823],[126.850917,38.036603],[126.850902,38.03628],[126.851093,38.035649],[126.851299,38.03506],[126.85121,38.033726],[126.850988,38.032658],[126.850873,38.03248],[126.850676,38.032347],[126.849567,38.032847],[126.848819,38.033111],[126.848085,38.033228],[126.847352,38.03317],[126.847014,38.033023],[126.846584,38.032747],[126.845917,38.032391],[126.8454,38.032187],[126.844696,38.032245],[126.843293,38.032658],[126.842181,38.032925],[126.841425,38.032747],[126.840579,38.032302],[126.839245,38.031324],[126.837644,38.0299],[126.836799,38.029144],[126.833685,38.025853],[126.831372,38.023184],[126.829015,38.02096],[126.827814,38.019715],[126.827013,38.018336],[126.826168,38.016156],[126.82559,38.014688],[126.824745,38.013221],[126.823811,38.012108],[126.823188,38.01153],[126.822788,38.011263],[126.823144,38.01024],[126.823455,38.009662],[126.824122,38.008906],[126.824522,38.008328],[126.824478,38.007616],[126.823633,38.007127],[126.821631,38.006282],[126.820297,38.005659],[126.818651,38.004547],[126.81745,38.003791],[126.816382,38.002857],[126.815384,38.002217],[126.814062,38.001684],[126.81276,38.001172],[126.813027,38.000276],[126.81258,38.000053],[126.811462,37.999471],[126.81067,37.999103],[126.809852,37.998577],[126.80924,37.998185],[126.8086,37.998121],[126.80766,37.998174],[126.806721,37.998174],[126.806274,37.99804],[126.805614,37.997631],[126.805017,37.997375],[126.804355,37.997332],[126.803635,37.997593],[126.802969,37.997908],[126.802499,37.997908],[126.801902,37.997737],[126.801369,37.997545],[126.800835,37.997481],[126.800366,37.997737],[126.799769,37.998313],[126.799342,37.998825],[126.798958,37.999337],[126.798318,37.999316],[126.79674,37.998911],[126.794713,37.998313],[126.794073,37.998228],[126.792678,37.998264],[126.791829,37.998174],[126.791381,37.997817],[126.791247,37.996967],[126.791023,37.996028],[126.790487,37.995491],[126.790218,37.995133],[126.789906,37.994596],[126.78919,37.994149],[126.78843,37.993657],[126.787535,37.993031],[126.787446,37.992405],[126.787446,37.991734],[126.787311,37.990527],[126.786909,37.989453],[126.785657,37.987396],[126.784941,37.985473],[126.784315,37.984042],[126.783331,37.984176],[126.7819,37.984489],[126.780201,37.985071],[126.779172,37.985518],[126.778188,37.986189],[126.777338,37.986681],[126.776712,37.986949],[126.776086,37.987038],[126.775371,37.986904],[126.7747,37.986412],[126.772777,37.985071],[126.770988,37.983818],[126.769467,37.982387],[126.768349,37.981403],[126.767097,37.980688],[126.765934,37.980375],[126.764816,37.980196],[126.763519,37.980151],[126.761462,37.980151],[126.760254,37.980151],[126.758734,37.979883],[126.757884,37.979346],[126.757169,37.978586],[126.756185,37.976707],[126.755871,37.975366],[126.755603,37.974114],[126.755156,37.973219],[126.754351,37.97304],[126.753457,37.973309],[126.752338,37.974069],[126.751533,37.974292],[126.750639,37.974203],[126.749131,37.974084],[126.747854,37.973939],[126.74718,37.973891],[126.746144,37.973578],[126.745205,37.973168],[126.743952,37.972349],[126.743013,37.971651],[126.742181,37.970765],[126.741345,37.969622],[126.740313,37.96859],[126.7394,37.968158],[126.738723,37.968144],[126.737607,37.968144],[126.73599,37.968088],[126.734874,37.967921],[126.733424,37.967642],[126.732532,37.967363],[126.731388,37.966972],[126.730803,37.96608],[126.730217,37.965076],[126.729603,37.964128],[126.728739,37.961785],[126.728265,37.961227],[126.726898,37.960307],[126.725559,37.959386],[126.724834,37.958578],[126.724057,37.957921],[126.723069,37.957584],[126.722129,37.957323],[126.72079,37.956988],[126.719479,37.956597],[126.718419,37.956235],[126.717694,37.95604],[126.716579,37.955733],[126.715491,37.955482],[126.714236,37.955147],[126.712953,37.954757],[126.711917,37.954525],[126.710328,37.954044],[126.708881,37.953557],[126.70757,37.953139],[126.706427,37.952804],[126.70559,37.952609],[126.704642,37.952442],[126.703342,37.952357],[126.702283,37.952406],[126.700838,37.95255],[126.699465,37.952839],[126.698501,37.953201],[126.696936,37.954236],[126.695968,37.95498],[126.694743,37.95585],[126.693563,37.956717],[126.692551,37.957584],[126.691729,37.958215],[126.691082,37.958548],[126.690191,37.958813],[126.688529,37.958813],[126.687397,37.958789],[126.686151,37.958605],[126.684924,37.958243],[126.683697,37.957797],[126.683037,37.957416],[126.682609,37.957044],[126.682267,37.956428],[126.681103,37.955677],[126.679882,37.955103],[126.678732,37.954896],[126.677859,37.955055],[126.677209,37.955441],[126.676173,37.956211],[126.674872,37.956838],[126.674198,37.957127],[126.673354,37.957488],[126.672395,37.957713],[126.671331,37.957777],[126.670312,37.957775],[126.670344,37.957343],[126.670312,37.956839],[126.670259,37.956469],[126.670224,37.955995],[126.670031,37.955754],[126.669718,37.955344],[126.669669,37.954983],[126.669747,37.954271],[126.669766,37.953514],[126.670006,37.953201],[126.670206,37.952957],[126.670321,37.952674],[126.670247,37.952333],[126.670103,37.951394],[126.669986,37.951006],[126.669741,37.950551],[126.669573,37.950262],[126.669501,37.949925],[126.669624,37.949189],[126.669669,37.948528],[126.669814,37.948142],[126.669712,37.947565],[126.669483,37.946788],[126.6692,37.946144],[126.668971,37.94565],[126.668962,37.944997],[126.669115,37.944337],[126.669297,37.943453],[126.669531,37.942788],[126.670213,37.941671],[126.67071,37.940927],[126.67195,37.940182],[126.672943,37.939438],[126.673253,37.93857],[126.673377,37.937205],[126.673625,37.935158],[126.673687,37.933173],[126.673811,37.930878],[126.673687,37.930196],[126.673625,37.929327],[126.673439,37.928521],[126.673501,37.927528],[126.673656,37.926745],[126.673955,37.926274],[126.674493,37.925915],[126.67561,37.925667],[126.677098,37.925605],[126.678029,37.925419],[126.680324,37.924303],[126.684178,37.922572],[126.685956,37.921819],[126.689059,37.919937],[126.690336,37.919022],[126.690725,37.918368],[126.690788,37.917698],[126.690625,37.916998],[126.689902,37.915842],[126.689372,37.914879],[126.68824,37.913193],[126.686939,37.911218],[126.685494,37.908568],[126.683736,37.905879],[126.681007,37.901785],[126.681007,37.897505],[126.681007,37.88634],[126.681007,37.877904],[126.680999,37.875873],[126.68129,37.875],[126.681872,37.874044],[126.683909,37.870427],[126.684768,37.86882],[126.684934,37.867933],[126.684546,37.867213],[126.684103,37.866215],[126.683825,37.864885],[126.683992,37.862834],[126.684435,37.860285],[126.685377,37.856959],[126.687262,37.851306],[126.688772,37.847191],[126.689479,37.845736],[126.689894,37.844572],[126.690347,37.842885],[126.690463,37.841914],[126.690912,37.840694],[126.691405,37.839187],[126.691898,37.837895],[126.692302,37.836782],[126.692931,37.835311],[126.691439,37.834919],[126.689358,37.83399],[126.687639,37.833204],[126.686599,37.832775],[126.68479,37.832061],[126.681851,37.831206],[126.674794,37.827524],[126.673617,37.826629],[126.673026,37.825411],[126.672796,37.823977],[126.673334,37.822183],[126.674682,37.819275],[126.677246,37.815111],[126.679408,37.812561],[126.680535,37.811555],[126.680987,37.811554],[126.681755,37.811588],[126.682569,37.811946],[126.683158,37.812411],[126.68334,37.812948],[126.683388,37.813917],[126.683344,37.814455],[126.68366,37.814633],[126.683976,37.814238],[126.684513,37.812193],[126.684644,37.810507],[126.684413,37.808535],[126.684136,37.80642],[126.683999,37.805703],[126.68359,37.80495],[126.683091,37.80427],[126.682636,37.802908],[126.682408,37.802012],[126.682044,37.801008],[126.68159,37.800112],[126.679866,37.797497],[126.67899,37.796436],[126.678552,37.795886],[126.67751,37.794955],[126.676559,37.794239],[126.676911,37.790365],[126.676954,37.789576],[126.677042,37.788751],[126.677312,37.788428],[126.677719,37.788356],[126.678035,37.788355],[126.678171,37.788391],[126.678261,37.788247],[126.678079,37.788032],[126.677672,37.787889],[126.677401,37.787675],[126.677355,37.787352],[126.677661,37.783478],[126.677569,37.78294],[126.677478,37.78269],[126.677387,37.782439],[126.677341,37.781937],[126.677474,37.781219],[126.677473,37.780753],[126.677291,37.780395],[126.676114,37.779392],[126.674892,37.778606],[126.674576,37.77857],[126.67399,37.779002],[126.673764,37.779038],[126.671772,37.777356],[126.668921,37.775567],[126.666659,37.774495],[126.664443,37.77371],[126.661549,37.772854],[126.659063,37.772392],[126.655899,37.771788],[126.653278,37.771613],[126.651065,37.771832],[126.650116,37.771906],[126.649304,37.772266],[126.647183,37.773309],[126.645063,37.774712],[126.643891,37.77561],[126.643576,37.77597],[126.643215,37.776042],[126.642717,37.775935],[126.64127,37.77522],[126.638376,37.774365],[126.636658,37.774081],[126.635121,37.773796],[126.631866,37.772834],[126.629921,37.771869],[126.62924,37.770866],[126.628784,37.769217],[126.628012,37.767676],[126.627332,37.766781],[126.625792,37.765169],[126.625248,37.764632],[126.622168,37.761517],[126.621129,37.761412],[126.620449,37.760588],[126.618821,37.760089],[126.618459,37.75991],[126.617598,37.758764],[126.615606,37.757333],[126.614384,37.756259],[126.611895,37.754757],[126.60995,37.7539],[126.608548,37.753472],[126.607282,37.753223],[126.606424,37.753045],[126.605656,37.753082],[126.604436,37.753228],[126.603128,37.753947],[126.600468,37.756139],[126.599341,37.75711],[126.598573,37.757254],[126.597895,37.757184],[126.59645,37.757088],[126.594554,37.757452],[126.593201,37.757887],[126.592342,37.757818],[126.591255,37.75732],[126.590076,37.756463],[126.588175,37.755859],[126.585685,37.754899],[126.58315,37.753903],[126.58116,37.753551],[126.578086,37.75331],[126.572392,37.753078],[126.570089,37.753193],[126.568915,37.75334],[126.56761,37.754348],[126.566576,37.75532],[126.564466,37.757873],[126.562939,37.759455],[126.562086,37.760462],[126.561819,37.761396],[126.561964,37.763009],[126.56179,37.764408],[126.56148,37.765485],[126.560309,37.766277],[126.559456,37.767212],[126.557156,37.768081],[126.555894,37.768515],[126.554584,37.768591],[126.552551,37.768562],[126.550879,37.768495],[126.549344,37.768716],[126.547541,37.769618],[126.545328,37.769661],[126.543296,37.769847],[126.540451,37.770179],[126.538601,37.770543],[126.537429,37.771049],[126.536483,37.77159],[126.535987,37.771843],[126.535445,37.771845],[126.534585,37.771489],[126.532776,37.771172],[126.530426,37.771108],[126.527895,37.770901],[126.525362,37.770443],[126.524228,37.769622],[126.523139,37.768729],[126.521781,37.768267],[126.521104,37.768305],[126.520607,37.768235],[126.5202,37.768272],[126.519658,37.768274],[126.519161,37.768347],[126.518665,37.768385],[126.517311,37.768676],[126.515822,37.769004],[126.514694,37.769402],[126.513658,37.769979],[126.513993,37.771351],[126.513641,37.772617],[126.512077,37.774635],[126.509659,37.777008],[126.508629,37.781841],[126.507424,37.783111],[126.502258,37.786079],[126.500648,37.786426],[126.50061,37.786449],[126.495117,37.786419],[126.490089,37.788181],[126.485428,37.790855],[126.46479,37.804096],[126.45977,37.806373],[126.452537,37.811935],[126.450264,37.814766],[126.449707,37.815475],[126.449028,37.816341],[126.447563,37.818168],[126.445954,37.81982],[126.444336,37.822162],[126.441345,37.824383],[126.440185,37.824947],[126.439453,37.825916],[126.438278,37.8278],[126.436523,37.829109],[126.433342,37.829544],[126.43074,37.829925],[126.429146,37.830547],[126.428123,37.830997],[126.425949,37.831669],[126.424812,37.830456],[126.423614,37.828209],[126.420936,37.825725],[126.420113,37.824966],[126.417564,37.82288],[126.414704,37.821754],[126.411415,37.823459],[126.406387,37.821846],[126.403717,37.821827],[126.401306,37.822727],[126.40113,37.822792],[126.398124,37.822441],[126.395233,37.822761],[126.3927,37.822971],[126.391472,37.822963],[126.391052,37.82204],[126.393097,37.820335],[126.393112,37.819828],[126.393158,37.818092],[126.392235,37.816513],[126.392196,37.815647],[126.390839,37.813194],[126.389129,37.810333],[126.38633,37.805977],[126.383774,37.804699],[126.380378,37.803444],[126.379814,37.803234],[126.37902,37.802768],[126.376075,37.801941],[126.371742,37.801792],[126.369583,37.801315],[126.367935,37.80067],[126.366287,37.799396],[126.36293,37.796612],[126.362503,37.796207],[126.354973,37.792701],[126.353348,37.791782],[126.340498,37.796477],[126.336927,37.797665],[126.336882,37.797809],[126.33625,37.79806],[126.335053,37.798103],[126.333458,37.79895],[126.331703,37.800197],[126.330169,37.80162],[126.329201,37.803852],[126.328323,37.804935],[126.325913,37.807155],[126.324302,37.808288],[126.323448,37.807708],[126.323029,37.806671],[126.32283,37.805916],[126.322777,37.805729],[126.319748,37.803825],[126.313926,37.801994],[126.311318,37.801872],[126.305275,37.802166],[126.303146,37.802742],[126.301147,37.803714],[126.296806,37.802353],[126.29364,37.802326],[126.291435,37.805042],[126.286857,37.806682],[126.281967,37.808594],[126.278641,37.809917],[126.276253,37.811748],[126.274742,37.813015],[126.273049,37.813862],[126.27082,37.814201],[126.269012,37.814956],[126.267868,37.814762],[126.267334,37.814567],[126.267319,37.815597],[126.266433,37.817085],[126.264259,37.817467],[126.261826,37.816181],[126.258018,37.814769],[126.252105,37.814373],[126.248199,37.814621],[126.246392,37.815006],[126.245376,37.815342],[126.242103,37.816692],[126.2416,37.816917],[126.238929,37.816547],[126.237571,37.815616],[126.236442,37.814171],[126.236389,37.812793],[126.235756,37.811809],[126.223694,37.804577],[126.223396,37.803715],[126.225113,37.801986],[126.224808,37.800094],[126.222649,37.797973],[126.222481,37.797809],[126.220321,37.796394],[126.218468,37.794887],[126.218857,37.793052],[126.220459,37.792034],[126.224228,37.790806],[126.224106,37.789081],[126.224472,37.789085],[126.221619,37.786705],[126.218567,37.783462],[126.217797,37.781849],[126.216965,37.779602],[126.216774,37.777591],[126.216591,37.777504],[126.212341,37.775478],[126.208572,37.773659],[126.204887,37.772991],[126.204849,37.76857],[126.205566,37.767475],[126.209603,37.767109],[126.212387,37.764053],[126.214973,37.762603],[126.223236,37.756687],[126.225311,37.752739],[126.230484,37.750835],[126.232761,37.750208],[126.232706,37.749528],[126.228924,37.74372],[126.225001,37.737554],[126.220849,37.731175],[126.217481,37.725972],[126.214758,37.721696],[126.210698,37.715424],[126.209337,37.713236],[126.207792,37.71097],[126.20673,37.709259],[126.205717,37.707798],[126.204609,37.706052],[126.203273,37.704092],[126.200409,37.699423],[126.194965,37.691013],[126.193306,37.68859],[126.192898,37.688414],[126.19276,37.688236],[126.192797,37.687699],[126.192702,37.687341],[126.192467,37.686734],[126.191557,37.686168],[126.19028,37.685212],[126.189141,37.684433],[126.188237,37.684297],[126.187647,37.684051],[126.187288,37.684162],[126.186979,37.684595],[126.186708,37.684597],[126.186523,37.68424],[126.186116,37.684208],[126.185704,37.683781],[126.1852,37.683248],[126.184742,37.682786],[126.184782,37.682427],[126.1841,37.682039],[126.184319,37.681607],[126.185079,37.681099],[126.185387,37.680595],[126.186281,37.680014],[126.186274,37.679513],[126.185818,37.679194],[126.186128,37.678797],[126.185583,37.678551],[126.185443,37.67823],[126.18444,37.67745],[126.184348,37.677307],[126.183618,37.676776],[126.1824,37.676715],[126.180459,37.676659],[126.180092,37.676232],[126.179146,37.676312],[126.177562,37.675967],[126.177063,37.67572],[126.175581,37.676199],[126.175538,37.676342],[126.174917,37.6771],[126.174285,37.677034],[126.17225,37.676692],[126.171122,37.676666],[126.170582,37.676706],[126.170133,37.676889],[126.170003,37.677249],[126.169462,37.677253],[126.168433,37.677871],[126.167946,37.678448],[126.167995,37.678735],[126.168135,37.679056],[126.167822,37.679238],[126.167146,37.679279],[126.166869,37.678852],[126.166146,37.67875],[126.165829,37.678681],[126.165333,37.67835],[126.166667,37.65],[126.243333,37.66],[126.569444,37.702222],[126.683333,37.716666],[126.883333,37.633333],[127.666666,37.966666],[128.200116,38.033205],[128.516666,38.066666],[128.533333,38.133333],[128.6,38.2],[128.60256,38.205247],[128.603119,38.207173],[128.602809,38.208479],[128.602311,38.21227],[128.602125,38.214756],[128.601628,38.214756],[128.601006,38.21457],[128.599515,38.215129],[128.599184,38.215026],[128.59889,38.214805],[128.598504,38.21475],[128.597588,38.215378],[128.596718,38.216186],[128.595653,38.217362],[128.596756,38.218079],[128.596922,38.218576],[128.596131,38.219422],[128.595288,38.219542],[128.594052,38.218686],[128.592452,38.220397],[128.594045,38.221469],[128.594108,38.221831],[128.593151,38.222291],[128.592636,38.223653],[128.592084,38.223542],[128.590613,38.222475],[128.589951,38.223458],[128.589999,38.224315],[128.591855,38.224529],[128.591879,38.224815],[128.59007,38.227361],[128.589808,38.227432],[128.588048,38.227099],[128.587262,38.227599],[128.58712,38.229145],[128.58692,38.229591],[128.586203,38.23024],[128.586058,38.230377],[128.584482,38.231956],[128.584346,38.231984],[128.581626,38.234434],[128.581388,38.234528],[128.578649,38.237497],[128.577411,38.23902],[128.577054,38.239306],[128.576775,38.239767],[128.57633,38.240313],[128.575209,38.241256],[128.575175,38.241638],[128.575365,38.24209],[128.575169,38.242208],[128.574865,38.242042],[128.573652,38.243232],[128.572581,38.244778],[128.571919,38.245964],[128.571368,38.247182],[128.570796,38.248562],[128.571891,38.249514],[128.571606,38.249871],[128.570059,38.250775],[128.569369,38.251845],[128.568726,38.252488],[128.568142,38.252957],[128.567277,38.253608],[128.566394,38.25363],[128.565823,38.253249],[128.564063,38.254201],[128.562183,38.255843],[128.56116,38.257033],[128.560409,38.257771],[128.56116,38.259246],[128.561612,38.259436],[128.561231,38.261102],[128.560898,38.261458],[128.559899,38.261601],[128.559304,38.262505],[128.559161,38.26379],[128.559613,38.26448],[128.56016,38.264837],[128.560137,38.265408],[128.560208,38.266075],[128.559542,38.266408],[128.55909,38.266479],[128.558685,38.266812],[128.557702,38.267206],[128.557691,38.267233],[128.557502,38.268559],[128.557617,38.269674],[128.557827,38.27041],[128.558352,38.27119],[128.558471,38.271738],[128.559399,38.272214],[128.559494,38.272571],[128.559042,38.273832],[128.557805,38.274141],[128.555987,38.275135],[128.554351,38.275589],[128.553992,38.275872],[128.553559,38.276482],[128.553617,38.27771],[128.554164,38.27802],[128.554331,38.278614],[128.554144,38.28031],[128.552222,38.283388],[128.551841,38.283771],[128.551704,38.283773],[128.550344,38.284808],[128.549198,38.286219],[128.549126,38.287138],[128.549205,38.287623],[128.54862,38.288013],[128.548763,38.289108],[128.548834,38.290179],[128.54862,38.29044],[128.547811,38.290298],[128.547192,38.291154],[128.547277,38.292583],[128.548358,38.294366],[128.549096,38.294819],[128.549595,38.294985],[128.552165,38.295152],[128.552165,38.295723],[128.551808,38.296103],[128.551142,38.296556],[128.549714,38.297103],[128.548691,38.296936],[128.548192,38.29715],[128.547621,38.297698],[128.54724,38.298221],[128.546859,38.29903],[128.54687,38.299651],[128.546907,38.300053],[128.547002,38.300553],[128.547145,38.301029],[128.547716,38.301719],[128.549191,38.30141],[128.550357,38.301386],[128.550595,38.3016],[128.550642,38.302861],[128.551309,38.303456],[128.551023,38.303813],[128.550523,38.303932],[128.547811,38.30605],[128.545479,38.306597],[128.543956,38.307001],[128.54329,38.308191],[128.543314,38.308929],[128.543647,38.309595],[128.544646,38.310047],[128.544408,38.311189],[128.542957,38.311665],[128.54191,38.311546],[128.538983,38.312688],[128.537603,38.313711],[128.534367,38.316757],[128.532797,38.318566],[128.53213,38.319208],[128.531036,38.31966],[128.530512,38.320326],[128.530108,38.320636],[128.52956,38.320826],[128.528704,38.321587],[128.528133,38.322682],[128.527885,38.324002],[128.528085,38.324705],[128.529584,38.324871],[128.530655,38.325014],[128.530941,38.325228],[128.530417,38.326013],[128.530845,38.32706],[128.530964,38.327584],[128.530941,38.327845],[128.530655,38.327964],[128.530322,38.328345],[128.52987,38.328559],[128.528656,38.328869],[128.528299,38.329059],[128.528299,38.331272],[128.528989,38.331772],[128.529442,38.332833],[128.529679,38.334056],[128.529346,38.334437],[128.528704,38.335698],[128.526895,38.336816],[128.525301,38.337435],[128.52454,38.337934],[128.523255,38.339195],[128.517568,38.344978],[128.515307,38.347238],[128.513761,38.349855],[128.515545,38.35164],[128.515426,38.35352],[128.51388,38.354852],[128.513261,38.355328],[128.513214,38.355733],[128.513737,38.35628],[128.513285,38.35697],[128.512976,38.357565],[128.5125,38.357565],[128.510786,38.359064],[128.509478,38.359921],[128.508883,38.360991],[128.508003,38.362824],[128.507574,38.363323],[128.507503,38.364442],[128.507693,38.365346],[128.507955,38.365679],[128.50824,38.366083],[128.508857,38.366636],[128.512046,38.365996],[128.512092,38.365377],[128.512222,38.365369],[128.512383,38.366065],[128.513193,38.367763],[128.51356,38.367831],[128.513958,38.368],[128.514165,38.368183],[128.513515,38.368588],[128.512833,38.368772],[128.512,38.369438],[128.511167,38.369772],[128.511929,38.371009],[128.511881,38.371651],[128.511603,38.372638],[128.510739,38.373127],[128.510001,38.373388],[128.509335,38.374055],[128.509121,38.374721],[128.50855,38.375435],[128.505804,38.37654],[128.504319,38.377682],[128.501921,38.380252],[128.498037,38.383621],[128.494896,38.386762],[128.492041,38.389846],[128.488272,38.393615],[128.485417,38.396641],[128.481999,38.400032],[128.47737,38.404262],[128.47593,38.405436],[128.4748,38.406699],[128.473959,38.407651],[128.472497,38.409467],[128.470304,38.411992],[128.468267,38.414871],[128.467912,38.415647],[128.466628,38.417751],[128.466141,38.418459],[128.463904,38.421228],[128.463749,38.421782],[128.463394,38.42238],[128.464834,38.424129],[128.463549,38.425347],[128.463106,38.425547],[128.462087,38.425192],[128.461069,38.426211],[128.460803,38.42661],[128.460537,38.427407],[128.460338,38.427584],[128.459917,38.427673],[128.458765,38.42909],[128.458344,38.430176],[128.457791,38.431239],[128.457414,38.431482],[128.457171,38.431881],[128.456971,38.432612],[128.456595,38.433808],[128.455997,38.434443],[128.455711,38.434963],[128.455504,38.435534],[128.455478,38.436574],[128.455296,38.436808],[128.45501,38.437353],[128.454724,38.440549],[128.45475,38.440991],[128.455218,38.442186],[128.45572,38.443402],[128.456148,38.443605],[128.458248,38.44383],[128.461693,38.445502],[128.46365,38.446297],[128.464404,38.446562],[128.464934,38.446868],[128.465118,38.447031],[128.465301,38.447296],[128.465974,38.447561],[128.466769,38.447989],[128.467074,38.448295],[128.467584,38.449151],[128.467829,38.449824],[128.467849,38.450272],[128.467788,38.450578],[128.467238,38.451006],[128.46685,38.451251],[128.466524,38.451597],[128.466381,38.451939],[128.46632,38.452861],[128.466178,38.453513],[128.465321,38.454206],[128.464873,38.454492],[128.464241,38.455083],[128.462814,38.455715],[128.46208,38.45651],[128.461958,38.456877],[128.461754,38.457794],[128.460674,38.459038],[128.45835,38.46022],[128.457922,38.460424],[128.456128,38.462075],[128.45415,38.463889],[128.4536,38.464236],[128.452927,38.464603],[128.452519,38.464868],[128.45203,38.465337],[128.451439,38.466172],[128.450929,38.466825],[128.449829,38.467661],[128.449727,38.467946],[128.449564,38.468639],[128.449319,38.469821],[128.449156,38.470535],[128.449095,38.470983],[128.449217,38.471411],[128.448993,38.471677],[128.448055,38.472635],[128.447647,38.472798],[128.446669,38.473124],[128.446424,38.473307],[128.445385,38.474225],[128.444345,38.474816],[128.443958,38.474877],[128.443509,38.474877],[128.442286,38.474592],[128.441491,38.474938],[128.441308,38.475142],[128.440003,38.477486],[128.439799,38.478241],[128.439595,38.478872],[128.439351,38.479382],[128.439024,38.47981],[128.438882,38.48034],[128.438617,38.480931],[128.4388,38.481502],[128.438413,38.48246],[128.438494,38.482664],[128.439351,38.483581],[128.439616,38.48403],[128.439738,38.484743],[128.440186,38.485355],[128.438902,38.486945],[128.438963,38.487475],[128.4388,38.48776],[128.438311,38.488025],[128.437781,38.488025],[128.437067,38.487964],[128.436701,38.487781],[128.436048,38.487434],[128.43562,38.487312],[128.434723,38.487332],[128.433602,38.487842],[128.433357,38.488046],[128.432848,38.488678],[128.432155,38.489228],[128.431767,38.489738],[128.431421,38.490309],[128.430605,38.491022],[128.429871,38.491797],[128.429668,38.492286],[128.429443,38.493529],[128.429423,38.494039],[128.429708,38.494712],[128.430014,38.495915],[128.429912,38.496485],[128.429464,38.496791],[128.428037,38.497423],[128.427283,38.497892],[128.427079,38.498238],[128.427231,38.498653],[128.429178,38.500379],[128.42926,38.500583],[128.429973,38.503702],[128.429912,38.504069],[128.428811,38.504252],[128.427874,38.504171],[128.427548,38.503926],[128.426793,38.503946],[128.425142,38.504191],[128.424796,38.504293],[128.424041,38.50468],[128.423104,38.505251],[128.422716,38.505577],[128.422146,38.506107],[128.421758,38.506678],[128.420882,38.508084],[128.42056,38.508984],[128.420577,38.509181],[128.421227,38.509796],[128.421347,38.510053],[128.421338,38.51019],[128.421141,38.510404],[128.420705,38.510558],[128.420295,38.510703],[128.419927,38.510977],[128.419807,38.511096],[128.419353,38.511978],[128.419305,38.512501],[128.419353,38.513239],[128.419781,38.513548],[128.420614,38.513834],[128.420828,38.514119],[128.420495,38.514571],[128.420091,38.514738],[128.419377,38.515309],[128.419115,38.516356],[128.419115,38.516713],[128.419067,38.517141],[128.419186,38.51745],[128.419282,38.518069],[128.419044,38.518354],[128.418163,38.518735],[128.417663,38.518783],[128.417497,38.519401],[128.418116,38.520091],[128.418615,38.520496],[128.418972,38.520544],[128.419353,38.520734],[128.419734,38.520758],[128.419995,38.520663],[128.420233,38.520377],[128.420709,38.520163],[128.421209,38.520091],[128.421518,38.520187],[128.42197,38.520258],[128.422303,38.520187],[128.422874,38.520282],[128.423231,38.52071],[128.423374,38.521234],[128.423041,38.521495],[128.422756,38.52176],[128.422779,38.5219],[128.422946,38.522019],[128.423303,38.522376],[128.423446,38.522542],[128.423279,38.522709],[128.422803,38.522685],[128.421471,38.52328],[128.421066,38.523209],[128.420328,38.523494],[128.419234,38.523613],[128.418258,38.524208],[128.417545,38.524946],[128.417402,38.525707],[128.417116,38.52604],[128.416902,38.526254],[128.416807,38.527563],[128.41645,38.528562],[128.416688,38.530228],[128.416426,38.53049],[128.415974,38.530561],[128.415617,38.530466],[128.415284,38.530228],[128.414903,38.530204],[128.414356,38.530323],[128.413975,38.530585],[128.413737,38.530966],[128.413428,38.531275],[128.413071,38.531537],[128.412619,38.531584],[128.412143,38.531632],[128.411762,38.532655],[128.411739,38.533464],[128.411953,38.533797],[128.412381,38.534083],[128.4125,38.534392],[128.412333,38.535058],[128.411715,38.535439],[128.411453,38.536081],[128.410906,38.53689],[128.410287,38.537985],[128.409121,38.538889],[128.408003,38.53946],[128.407786,38.539767],[128.407218,38.540103],[128.407003,38.540912],[128.406599,38.541578],[128.406194,38.542173],[128.406052,38.542625],[128.405742,38.54272],[128.405623,38.543101],[128.405992,38.54406],[128.406266,38.545457],[128.40648,38.545552],[128.407551,38.545552],[128.407979,38.545885],[128.40836,38.546266],[128.408503,38.546765],[128.40855,38.547122],[128.408907,38.547241],[128.40924,38.547217],[128.409954,38.546884],[128.410359,38.546956],[128.41062,38.547384],[128.410025,38.547765],[128.409526,38.548288],[128.408217,38.549145],[128.40786,38.549311],[128.407622,38.549573],[128.40767,38.550073],[128.407503,38.550263],[128.407503,38.550572],[128.40786,38.550906],[128.408384,38.550834],[128.408669,38.550715],[128.408955,38.550334],[128.409255,38.550283],[128.409668,38.550358],[128.41043,38.550882],[128.411072,38.551881],[128.41062,38.552238],[128.409906,38.552643],[128.409811,38.553071],[128.40993,38.553594],[128.410977,38.554832],[128.411049,38.555284],[128.410858,38.555926],[128.410335,38.556259],[128.409859,38.556331],[128.40874,38.55614],[128.408312,38.555355],[128.407884,38.555022],[128.407027,38.554927],[128.405861,38.55507],[128.405266,38.555141],[128.404705,38.555427],[128.404664,38.556339],[128.404543,38.556704],[128.404421,38.557089],[128.404218,38.557292],[128.404279,38.557596],[128.404401,38.557859],[128.404766,38.558305],[128.405151,38.558407],[128.405455,38.558204],[128.405637,38.558265],[128.406468,38.558954],[128.406671,38.559684],[128.406326,38.559805],[128.406205,38.559765],[128.406164,38.559623],[128.405982,38.559278],[128.40584,38.559157],[128.405252,38.559096],[128.404158,38.559481],[128.403894,38.559724],[128.403732,38.559988],[128.403691,38.560251],[128.403549,38.560454],[128.403529,38.560717],[128.403428,38.561102],[128.403448,38.561467],[128.403529,38.561933],[128.403428,38.56244],[128.403347,38.56323],[128.403306,38.563636],[128.403124,38.564325],[128.403225,38.564994],[128.403043,38.565602],[128.402475,38.566311],[128.40205,38.566291],[128.401766,38.565885],[128.401361,38.565237],[128.400651,38.565277],[128.400246,38.56546],[128.400043,38.565257],[128.399516,38.565318],[128.399212,38.565419],[128.398199,38.565581],[128.398037,38.565784],[128.39757,38.565987],[128.396881,38.566514],[128.396273,38.567122],[128.396273,38.567385],[128.395726,38.567912],[128.395179,38.567973],[128.394571,38.56846],[128.394064,38.568764],[128.394064,38.569047],[128.394328,38.569128],[128.394571,38.569331],[128.39453,38.570344],[128.394267,38.571155],[128.393963,38.571682],[128.393902,38.571946],[128.394247,38.572189],[128.394591,38.572655],[128.394348,38.57302],[128.394044,38.573324],[128.39376,38.573304],[128.393416,38.572939],[128.393051,38.572554],[128.392625,38.572513],[128.392281,38.572493],[128.391774,38.572614],[128.391389,38.572736],[128.391125,38.572837],[128.389869,38.573709],[128.387897,38.575732],[128.387743,38.575791],[128.387624,38.575755],[128.386672,38.576184],[128.386646,38.576303],[128.386403,38.576749],[128.38538,38.577611],[128.38522,38.577897],[128.383001,38.580062],[128.382858,38.580491],[128.381954,38.581395],[128.381644,38.581537],[128.381049,38.581728],[128.379669,38.583179],[128.378646,38.585011],[128.377956,38.586511],[128.376885,38.587795],[128.375672,38.588747],[128.374458,38.589866],[128.373673,38.590841],[128.372912,38.591793],[128.371175,38.59353],[128.37108,38.59441],[128.367153,38.599574],[128.366654,38.600264],[128.366321,38.601097],[128.36594,38.602025],[128.365535,38.602691]]]]}},{"type":"Feature","properties":{"ident":"RK P518E","name":"KOREAN EAST TACTICAL ZONE","type":"Prohibited Area","airspaceClass":null,"upper":"UNL","upperFt":null,"upperRef":"UNL","lower":"GND","lowerFt":0,"lowerRef":"GND","remarks":"Demilitarized zone","prh_lbl_1":"RK P518E","prh_lbl_2":"UNL","prh_lbl_3":"GND","prh_lbl_4":"비행금지구역","category":"비행금지구역","source":"국토교통부 공역정보 KMZ","cycle":"AIP 2026년 10차"},"geometry":{"type":"MultiPolygon","coordinates":[[[[128.360413,38.618279],[128.358077,38.616702],[128.357878,38.616568],[128.358111,38.615326],[128.35823,38.615016],[128.358897,38.613827],[128.359758,38.612124],[128.359896,38.611852],[128.360705,38.610377],[128.361704,38.608521],[128.362704,38.606641],[128.36337,38.605594],[128.365535,38.602691],[128.36594,38.602025],[128.366321,38.601097],[128.366654,38.600264],[128.367153,38.599574],[128.37108,38.59441],[128.371175,38.59353],[128.372912,38.591793],[128.373673,38.590841],[128.374458,38.589866],[128.375333,38.58906],[128.375672,38.588747],[128.376885,38.587795],[128.377956,38.586511],[128.378646,38.585011],[128.379669,38.583179],[128.381049,38.581728],[128.381644,38.581537],[128.381954,38.581395],[128.382858,38.580491],[128.383001,38.580062],[128.38522,38.577897],[128.38538,38.577611],[128.386403,38.576749],[128.386646,38.576303],[128.386672,38.576184],[128.387624,38.575755],[128.387743,38.575791],[128.387897,38.575732],[128.389869,38.573709],[128.391125,38.572837],[128.391389,38.572736],[128.391774,38.572614],[128.392281,38.572493],[128.392625,38.572513],[128.393051,38.572554],[128.393416,38.572939],[128.39376,38.573304],[128.394044,38.573324],[128.394348,38.57302],[128.394591,38.572655],[128.394247,38.572189],[128.393902,38.571946],[128.393963,38.571682],[128.394267,38.571155],[128.39453,38.570344],[128.394571,38.569331],[128.394328,38.569128],[128.394064,38.569047],[128.394064,38.568764],[128.394571,38.56846],[128.395179,38.567973],[128.395726,38.567912],[128.396273,38.567385],[128.396273,38.567122],[128.396881,38.566514],[128.39757,38.565987],[128.398037,38.565784],[128.398199,38.565581],[128.399212,38.565419],[128.399516,38.565318],[128.400043,38.565257],[128.400246,38.56546],[128.400651,38.565277],[128.401361,38.565237],[128.401766,38.565885],[128.40205,38.566291],[128.402475,38.566311],[128.403043,38.565602],[128.403225,38.564994],[128.403124,38.564325],[128.403306,38.563636],[128.403347,38.56323],[128.403428,38.56244],[128.403529,38.561933],[128.403448,38.561467],[128.403428,38.561102],[128.403529,38.560717],[128.403549,38.560454],[128.403691,38.560251],[128.403732,38.559988],[128.403894,38.559724],[128.404158,38.559481],[128.405252,38.559096],[128.40584,38.559157],[128.405982,38.559278],[128.406164,38.559623],[128.406205,38.559765],[128.406326,38.559805],[128.406671,38.559684],[128.406468,38.558954],[128.405637,38.558265],[128.405455,38.558204],[128.405151,38.558407],[128.404766,38.558305],[128.404401,38.557859],[128.404279,38.557596],[128.404218,38.557292],[128.404421,38.557089],[128.404543,38.556704],[128.404664,38.556339],[128.404705,38.555427],[128.405266,38.555141],[128.405861,38.55507],[128.407027,38.554927],[128.407884,38.555022],[128.408312,38.555355],[128.40874,38.55614],[128.409859,38.556331],[128.410335,38.556259],[128.410858,38.555926],[128.411049,38.555284],[128.410977,38.554832],[128.40993,38.553594],[128.409811,38.553071],[128.409906,38.552643],[128.41062,38.552238],[128.411072,38.551881],[128.41043,38.550882],[128.409668,38.550358],[128.409255,38.550283],[128.408955,38.550334],[128.408669,38.550715],[128.408384,38.550834],[128.40786,38.550906],[128.407503,38.550572],[128.407503,38.550263],[128.40767,38.550073],[128.407622,38.549573],[128.40786,38.549311],[128.408217,38.549145],[128.409526,38.548288],[128.410025,38.547765],[128.41062,38.547384],[128.410359,38.546956],[128.409954,38.546884],[128.40924,38.547217],[128.408907,38.547241],[128.40855,38.547122],[128.408503,38.546765],[128.40836,38.546266],[128.407979,38.545885],[128.407551,38.545552],[128.40648,38.545552],[128.406266,38.545457],[128.405992,38.54406],[128.405623,38.543101],[128.405742,38.54272],[128.406052,38.542625],[128.406194,38.542173],[128.406599,38.541578],[128.407003,38.540912],[128.407218,38.540103],[128.407786,38.539767],[128.408003,38.53946],[128.409121,38.538889],[128.410287,38.537985],[128.410906,38.53689],[128.411429,38.536117],[128.411453,38.536081],[128.411715,38.535439],[128.412333,38.535058],[128.4125,38.534392],[128.412381,38.534083],[128.411953,38.533797],[128.411739,38.533464],[128.411762,38.532655],[128.412143,38.531632],[128.412619,38.531584],[128.413071,38.531537],[128.413428,38.531275],[128.413737,38.530966],[128.413975,38.530585],[128.414356,38.530323],[128.414903,38.530204],[128.415284,38.530228],[128.415617,38.530466],[128.415974,38.530561],[128.416426,38.53049],[128.416688,38.530228],[128.41645,38.528562],[128.416807,38.527563],[128.416902,38.526254],[128.417116,38.52604],[128.417402,38.525707],[128.417545,38.524946],[128.418258,38.524208],[128.419234,38.523613],[128.420328,38.523494],[128.421066,38.523209],[128.421471,38.52328],[128.422803,38.522685],[128.423279,38.522709],[128.423446,38.522542],[128.423303,38.522376],[128.422946,38.522019],[128.422779,38.5219],[128.422756,38.52176],[128.423041,38.521495],[128.423374,38.521234],[128.423231,38.52071],[128.422874,38.520282],[128.422303,38.520187],[128.42197,38.520258],[128.421518,38.520187],[128.421209,38.520091],[128.420709,38.520163],[128.420233,38.520377],[128.419995,38.520663],[128.419734,38.520758],[128.419353,38.520734],[128.418972,38.520544],[128.418615,38.520496],[128.418116,38.520091],[128.417497,38.519401],[128.417663,38.518783],[128.418163,38.518735],[128.419044,38.518354],[128.419282,38.518069],[128.419186,38.51745],[128.419067,38.517141],[128.419115,38.516713],[128.419115,38.516356],[128.419377,38.515309],[128.420091,38.514738],[128.420495,38.514571],[128.420828,38.514119],[128.420614,38.513834],[128.419781,38.513548],[128.419353,38.513239],[128.419305,38.512501],[128.419353,38.511978],[128.419807,38.511096],[128.419927,38.510977],[128.420295,38.510703],[128.420705,38.510558],[128.421141,38.510404],[128.421338,38.51019],[128.421347,38.510053],[128.421227,38.509796],[128.420577,38.509181],[128.42056,38.508984],[128.420882,38.508084],[128.421758,38.506678],[128.422146,38.506107],[128.422716,38.505577],[128.423104,38.505251],[128.424041,38.50468],[128.424796,38.504293],[128.425142,38.504191],[128.426793,38.503946],[128.427548,38.503926],[128.427874,38.504171],[128.428811,38.504252],[128.429912,38.504069],[128.429973,38.503702],[128.42926,38.500583],[128.429178,38.500379],[128.427231,38.498653],[128.427079,38.498238],[128.427283,38.497892],[128.428037,38.497423],[128.429464,38.496791],[128.429912,38.496485],[128.430014,38.495915],[128.429708,38.494712],[128.429423,38.494039],[128.429443,38.493529],[128.429668,38.492286],[128.429871,38.491797],[128.430605,38.491022],[128.431421,38.490309],[128.431767,38.489738],[128.432155,38.489228],[128.432848,38.488678],[128.433357,38.488046],[128.433602,38.487842],[128.434188,38.487576],[128.434723,38.487332],[128.43562,38.487312],[128.436048,38.487434],[128.436314,38.487576],[128.436701,38.487781],[128.437067,38.487964],[128.437781,38.488025],[128.438311,38.488025],[128.4388,38.48776],[128.438906,38.487576],[128.438963,38.487475],[128.438902,38.486945],[128.440186,38.485355],[128.439738,38.484743],[128.439616,38.48403],[128.439351,38.483581],[128.438494,38.482664],[128.438413,38.48246],[128.4388,38.481502],[128.438617,38.480931],[128.438882,38.48034],[128.439024,38.47981],[128.439351,38.479382],[128.439595,38.478872],[128.439799,38.478241],[128.440003,38.477486],[128.441308,38.475142],[128.441491,38.474938],[128.442286,38.474592],[128.443509,38.474877],[128.443958,38.474877],[128.444345,38.474816],[128.445385,38.474225],[128.446424,38.473307],[128.446669,38.473124],[128.447647,38.472798],[128.448055,38.472635],[128.448993,38.471677],[128.449217,38.471411],[128.449095,38.470983],[128.449156,38.470535],[128.449319,38.469821],[128.449394,38.46946],[128.449564,38.468639],[128.449727,38.467946],[128.449829,38.467661],[128.450929,38.466825],[128.451439,38.466172],[128.45203,38.465337],[128.452519,38.464868],[128.452927,38.464603],[128.4536,38.464236],[128.45415,38.463889],[128.456128,38.462075],[128.457922,38.460424],[128.45835,38.46022],[128.460674,38.459038],[128.461754,38.457794],[128.461958,38.456877],[128.46208,38.45651],[128.462814,38.455715],[128.464241,38.455083],[128.464873,38.454492],[128.465321,38.454206],[128.466178,38.453513],[128.46632,38.452861],[128.466381,38.451939],[128.466524,38.451597],[128.46685,38.451251],[128.467238,38.451006],[128.467788,38.450578],[128.467849,38.450272],[128.467829,38.449824],[128.467584,38.449151],[128.467074,38.448295],[128.466769,38.447989],[128.465974,38.447561],[128.465301,38.447296],[128.465118,38.447031],[128.464934,38.446868],[128.464761,38.446768],[128.464404,38.446562],[128.46365,38.446297],[128.461693,38.445502],[128.458248,38.44383],[128.456148,38.443605],[128.45572,38.443402],[128.455218,38.442186],[128.45475,38.440991],[128.454724,38.440549],[128.45501,38.437353],[128.455296,38.436808],[128.455478,38.436574],[128.455504,38.435534],[128.455711,38.434963],[128.455997,38.434443],[128.456595,38.433808],[128.456971,38.432612],[128.457171,38.431881],[128.457414,38.431482],[128.457791,38.431239],[128.458344,38.430176],[128.458765,38.42909],[128.459917,38.427673],[128.460338,38.427584],[128.460537,38.427407],[128.460803,38.42661],[128.461069,38.426211],[128.462087,38.425192],[128.463106,38.425547],[128.463549,38.425347],[128.464834,38.424129],[128.463394,38.42238],[128.463749,38.421782],[128.463904,38.421228],[128.466141,38.418459],[128.466628,38.417751],[128.467912,38.415647],[128.468267,38.414871],[128.470304,38.411992],[128.472497,38.409467],[128.473959,38.407651],[128.4748,38.406699],[128.47593,38.405436],[128.47737,38.404262],[128.481999,38.400032],[128.485417,38.396641],[128.488074,38.393825],[128.488272,38.393615],[128.492041,38.389846],[128.494896,38.386762],[128.495668,38.38599],[128.498037,38.383621],[128.501921,38.380252],[128.504319,38.377682],[128.505804,38.37654],[128.50855,38.375435],[128.509121,38.374721],[128.509335,38.374055],[128.510001,38.373388],[128.510739,38.373127],[128.511603,38.372638],[128.511881,38.371651],[128.511929,38.371009],[128.511167,38.369772],[128.512,38.369438],[128.512833,38.368772],[128.513515,38.368588],[128.514165,38.368183],[128.513958,38.368],[128.51356,38.367831],[128.513193,38.367763],[128.512383,38.366065],[128.512222,38.365369],[128.512092,38.365377],[128.512046,38.365996],[128.508857,38.366636],[128.50824,38.366083],[128.507955,38.365679],[128.507693,38.365346],[128.507503,38.364442],[128.507574,38.363323],[128.508003,38.362824],[128.508883,38.360991],[128.509478,38.359921],[128.510786,38.359064],[128.5125,38.357565],[128.512976,38.357565],[128.513285,38.35697],[128.513737,38.35628],[128.513214,38.355733],[128.513261,38.355328],[128.51388,38.354852],[128.514629,38.354207],[128.515426,38.35352],[128.515545,38.35164],[128.513761,38.349855],[128.515307,38.347238],[128.517568,38.344978],[128.521488,38.340992],[128.523255,38.339195],[128.52454,38.337934],[128.525301,38.337435],[128.526895,38.336816],[128.528704,38.335698],[128.529346,38.334437],[128.529679,38.334056],[128.529442,38.332833],[128.528989,38.331772],[128.528299,38.331272],[128.528299,38.329059],[128.528656,38.328869],[128.52987,38.328559],[128.530322,38.328345],[128.530655,38.327964],[128.530941,38.327845],[128.530945,38.327795],[128.530964,38.327584],[128.530845,38.32706],[128.530417,38.326013],[128.530941,38.325228],[128.530655,38.325014],[128.529584,38.324871],[128.528085,38.324705],[128.527885,38.324002],[128.528133,38.322682],[128.528704,38.321587],[128.52956,38.320826],[128.530108,38.320636],[128.530512,38.320326],[128.531036,38.31966],[128.53213,38.319208],[128.532797,38.318566],[128.534367,38.316757],[128.537603,38.313711],[128.538983,38.312688],[128.54191,38.311546],[128.542957,38.311665],[128.544408,38.311189],[128.544646,38.310047],[128.543647,38.309595],[128.543314,38.308929],[128.54329,38.308191],[128.543956,38.307001],[128.545479,38.306597],[128.547811,38.30605],[128.550523,38.303932],[128.551023,38.303813],[128.551309,38.303456],[128.550642,38.302861],[128.550595,38.3016],[128.550357,38.301386],[128.549191,38.30141],[128.547716,38.301719],[128.547145,38.301029],[128.547002,38.300553],[128.546907,38.300053],[128.54687,38.299651],[128.546859,38.29903],[128.54724,38.298221],[128.547621,38.297698],[128.548192,38.29715],[128.548691,38.296936],[128.549714,38.297103],[128.551142,38.296556],[128.551808,38.296103],[128.552165,38.295723],[128.552165,38.295152],[128.549595,38.294985],[128.549096,38.294819],[128.548358,38.294366],[128.547277,38.292583],[128.547192,38.291154],[128.547811,38.290298],[128.54862,38.29044],[128.548834,38.290179],[128.548763,38.289108],[128.54862,38.288013],[128.549205,38.287623],[128.549126,38.287138],[128.549198,38.286219],[128.550344,38.284808],[128.551704,38.283773],[128.551841,38.283771],[128.552222,38.283388],[128.554144,38.28031],[128.554331,38.278614],[128.554164,38.27802],[128.553617,38.27771],[128.553559,38.276482],[128.553992,38.275872],[128.554351,38.275589],[128.555987,38.275135],[128.557578,38.274265],[128.557805,38.274141],[128.559042,38.273832],[128.559494,38.272571],[128.55944,38.272367],[128.559399,38.272214],[128.558471,38.271738],[128.558352,38.27119],[128.558049,38.27074],[128.557827,38.27041],[128.557701,38.269967],[128.783333,38.366666],[128.708334,38.5],[128.633333,38.633333],[128.366667,38.633333],[128.360413,38.618279]]]]}},{"type":"Feature","properties":{"ident":"RK P518W","name":"KOREAN WEST TACTICAL ZONE","type":"Prohibited Area","airspaceClass":null,"upper":"UNL","upperFt":null,"upperRef":"UNL","lower":"GND","lowerFt":0,"lowerRef":"GND","remarks":"Demilitarized zone","prh_lbl_1":"RK P518W","prh_lbl_2":"UNL","prh_lbl_3":"GND","prh_lbl_4":"비행금지구역","category":"비행금지구역","source":"국토교통부 공역정보 KMZ","cycle":"AIP 2026년 10차"},"geometry":{"type":"MultiPolygon","coordinates":[[[[125.045278,37.640222],[124.86475,37.769389],[124.85,38.0],[124.15,38.0],[124.633333,37.5],[125.833333,37.5],[126.166666,37.65],[126.165344,37.678358],[126.164166,37.703611],[126.109166,37.715278],[126.014639,37.661083],[125.747972,37.717472],[125.695833,37.694444],[125.514667,37.684694],[125.239694,37.586083],[125.045278,37.640222]]]]}},{"type":"Feature","properties":{"ident":"RK P73","name":"RK P73","type":"Prohibited Area","airspaceClass":null,"upper":"UNL","upperFt":null,"upperRef":"UNL","lower":"GND","lowerFt":0,"lowerRef":"GND","remarks":null,"prh_lbl_1":"RK P73","prh_lbl_2":"UNL","prh_lbl_3":"GND","prh_lbl_4":"비행금지구역","category":"비행금지구역","source":"국토교통부 공역정보 KMZ","cycle":"AIP 2026년 10차"},"geometry":{"type":"MultiPolygon","coordinates":[[[[126.980593,37.502568],[126.982829,37.50276],[126.98505,37.503048],[126.987247,37.50343],[126.989416,37.503905],[126.99155,37.504472],[126.993642,37.50513],[126.995687,37.505876],[126.997679,37.506708],[126.999612,37.507625],[127.001481,37.508622],[127.002769,37.509393],[127.003106,37.509437],[127.005304,37.509818],[127.007473,37.510294],[127.009607,37.510861],[127.011699,37.511519],[127.013744,37.512265],[127.015737,37.513097],[127.01767,37.514013],[127.019539,37.515011],[127.021337,37.516087],[127.023061,37.517239],[127.024705,37.518462],[127.026264,37.519754],[127.027734,37.521111],[127.02911,37.522529],[127.030389,37.524003],[127.031567,37.52553],[127.03264,37.527105],[127.033605,37.528724],[127.03446,37.530381],[127.035202,37.532073],[127.035829,37.533794],[127.036339,37.53554],[127.036731,37.537304],[127.037003,37.539083],[127.037155,37.540871],[127.037186,37.542663],[127.037097,37.544453],[127.036886,37.546238],[127.036556,37.54801],[127.036107,37.549766],[127.03554,37.5515],[127.034857,37.553208],[127.03406,37.554884],[127.03315,37.556523],[127.032132,37.558121],[127.031007,37.559673],[127.029779,37.561175],[127.028452,37.562622],[127.027029,37.564011],[127.025514,37.565337],[127.023912,37.566596],[127.022227,37.567784],[127.020465,37.568899],[127.01863,37.569937],[127.016727,37.570895],[127.014763,37.571771],[127.012742,37.572561],[127.010671,37.573264],[127.008556,37.573877],[127.006402,37.574399],[127.004216,37.574828],[127.002004,37.575163],[126.999773,37.575403],[126.997528,37.575547],[126.995278,37.575595],[126.993027,37.575547],[126.990783,37.575403],[126.988552,37.575163],[126.98634,37.574828],[126.984154,37.574399],[126.982,37.573877],[126.979884,37.573264],[126.977813,37.572561],[126.975793,37.571771],[126.973828,37.570895],[126.971926,37.569937],[126.97009,37.568899],[126.969702,37.568654],[126.968285,37.568439],[126.966099,37.56801],[126.963946,37.567488],[126.96183,37.566875],[126.959759,37.566172],[126.957739,37.565382],[126.955774,37.564507],[126.953872,37.563548],[126.952037,37.56251],[126.950275,37.561395],[126.94859,37.560207],[126.946988,37.558948],[126.945474,37.557622],[126.944051,37.556234],[126.942724,37.554786],[126.941496,37.553284],[126.940371,37.551732],[126.939353,37.550134],[126.938444,37.548495],[126.937646,37.546819],[126.936963,37.545111],[126.936396,37.543377],[126.935947,37.541621],[126.935617,37.539849],[126.935407,37.538065],[126.935317,37.536274],[126.935349,37.534482],[126.9355,37.532694],[126.935773,37.530915],[126.936164,37.529151],[126.936674,37.527405],[126.937301,37.525684],[126.938043,37.523993],[126.938898,37.522335],[126.939864,37.520716],[126.940937,37.519141],[126.942114,37.517614],[126.943393,37.51614],[126.944769,37.514722],[126.946239,37.513365],[126.947797,37.512073],[126.949441,37.51085],[126.951165,37.509698],[126.952963,37.508622],[126.954832,37.507625],[126.956765,37.506708],[126.958757,37.505876],[126.960802,37.50513],[126.962895,37.504472],[126.965028,37.503905],[126.967197,37.50343],[126.969395,37.503048],[126.971615,37.50276],[126.973851,37.502568],[126.976098,37.502472],[126.978347,37.502472],[126.980593,37.502568]]]]}},{"type":"Feature","properties":{"ident":"P61A","name":"P61A","type":null,"airspaceClass":null,"upper":"10 000 AMSL","upperFt":10000,"upperRef":"AMSL","lower":"SFC","lowerFt":0,"lowerRef":"SFC","remarks":"P61A","prh_lbl_1":"P61A","prh_lbl_2":"10 000 AMSL","prh_lbl_3":"SFC","prh_lbl_4":"임시비행금지구역","category":"원자력발전소","source":"국토교통부 공역정보 KMZ","cycle":"AIP 2026년 10차"},"geometry":{"type":"MultiPolygon","coordinates":[[[[129.3,35.350062],[129.298901,35.35005],[129.297803,35.350013],[129.296707,35.349952],[129.295613,35.349868],[129.294522,35.349759],[129.293436,35.349625],[129.292354,35.349468],[129.291277,35.349287],[129.290207,35.349083],[129.289144,35.348855],[129.288089,35.348603],[129.287043,35.348328],[129.286006,35.34803],[129.284979,35.34771],[129.283963,35.347366],[129.282959,35.347001],[129.281968,35.346613],[129.280989,35.346204],[129.280024,35.345773],[129.279074,35.345321],[129.278139,35.344848],[129.27722,35.344355],[129.276318,35.343841],[129.275432,35.343308],[129.274565,35.342755],[129.273716,35.342184],[129.272886,35.341594],[129.272076,35.340985],[129.271287,35.340359],[129.270518,35.339716],[129.269771,35.339056],[129.269045,35.33838],[129.268343,35.337688],[129.267663,35.336981],[129.267007,35.336259],[129.266374,35.335523],[129.265767,35.334773],[129.265184,35.334009],[129.264626,35.333234],[129.264095,35.332446],[129.263589,35.331647],[129.26311,35.330837],[129.262657,35.330016],[129.262232,35.329186],[129.261835,35.328347],[129.261465,35.327499],[129.261123,35.326644],[129.260809,35.325781],[129.260524,35.324911],[129.260268,35.324036],[129.26004,35.323155],[129.259842,35.32227],[129.259673,35.32138],[129.259533,35.320487],[129.259422,35.319592],[129.259342,35.318694],[129.25929,35.317795],[129.259268,35.316894],[129.259276,35.315994],[129.259314,35.315095],[129.259381,35.314196],[129.259477,35.313299],[129.259603,35.312405],[129.259759,35.311514],[129.259944,35.310626],[129.260157,35.309743],[129.2604,35.308865],[129.260672,35.307993],[129.260972,35.307127],[129.2613,35.306268],[129.261657,35.305416],[129.262041,35.304573],[129.262453,35.303739],[129.262893,35.302914],[129.263359,35.302098],[129.263852,35.301294],[129.264371,35.300501],[129.264917,35.299719],[129.265487,35.29895],[129.266083,35.298194],[129.266703,35.297451],[129.267348,35.296722],[129.268016,35.296008],[129.268708,35.295308],[129.269422,35.294625],[129.270158,35.293957],[129.270916,35.293306],[129.271696,35.292671],[129.272496,35.292055],[129.273315,35.291456],[129.274155,35.290875],[129.275013,35.290313],[129.275889,35.289771],[129.276782,35.289248],[129.277693,35.288744],[129.27862,35.288262],[129.279562,35.287799],[129.280519,35.287358],[129.28149,35.286938],[129.282475,35.28654],[129.283472,35.286164],[129.284482,35.28581],[129.285502,35.285478],[129.286534,35.285169],[129.287575,35.284883],[129.288625,35.28462],[129.289683,35.28438],[129.290749,35.284164],[129.291821,35.283971],[129.2929,35.283802],[129.293983,35.283657],[129.295071,35.283536],[129.296163,35.283439],[129.297257,35.283367],[129.298353,35.283318],[129.299451,35.283294],[129.300549,35.283294],[129.301646,35.283318],[129.302743,35.283367],[129.303837,35.283439],[129.304929,35.283536],[129.306017,35.283657],[129.3071,35.283802],[129.308179,35.283971],[129.309251,35.284164],[129.310317,35.28438],[129.311375,35.28462],[129.312425,35.284883],[129.313466,35.285169],[129.314497,35.285478],[129.315518,35.28581],[129.316528,35.286164],[129.317525,35.28654],[129.31851,35.286938],[129.319481,35.287358],[129.320438,35.287799],[129.32138,35.288262],[129.322307,35.288744],[129.323218,35.289248],[129.324111,35.289771],[129.324987,35.290313],[129.325845,35.290875],[129.326685,35.291456],[129.327504,35.292055],[129.328304,35.292671],[129.329083,35.293306],[129.329842,35.293957],[129.330578,35.294625],[129.331292,35.295308],[129.331984,35.296008],[129.332652,35.296722],[129.333297,35.297451],[129.333917,35.298194],[129.334513,35.29895],[129.335083,35.299719],[129.335628,35.300501],[129.336148,35.301294],[129.336641,35.302098],[129.337107,35.302914],[129.337546,35.303739],[129.337959,35.304573],[129.338343,35.305416],[129.3387,35.306268],[129.339028,35.307127],[129.339328,35.307993],[129.3396,35.308865],[129.339843,35.309743],[129.340056,35.310626],[129.340241,35.311514],[129.340396,35.312405],[129.340522,35.313299],[129.340619,35.314196],[129.340686,35.315095],[129.340724,35.315994],[129.340731,35.316895],[129.34071,35.317795],[129.340658,35.318694],[129.340577,35.319592],[129.340467,35.320487],[129.340327,35.32138],[129.340158,35.32227],[129.339959,35.323155],[129.339732,35.324036],[129.339476,35.324911],[129.339191,35.325781],[129.338877,35.326644],[129.338535,35.327499],[129.338165,35.328347],[129.337768,35.329186],[129.337342,35.330016],[129.33689,35.330837],[129.336411,35.331647],[129.335905,35.332446],[129.335374,35.333234],[129.334816,35.334009],[129.334233,35.334773],[129.333625,35.335523],[129.332993,35.336259],[129.332337,35.336981],[129.331657,35.337688],[129.330955,35.33838],[129.330229,35.339056],[129.329482,35.339716],[129.328713,35.340359],[129.327923,35.340985],[129.327114,35.341594],[129.326284,35.342184],[129.325435,35.342755],[129.324568,35.343308],[129.323682,35.343841],[129.32278,35.344355],[129.321861,35.344848],[129.320926,35.345321],[129.319976,35.345773],[129.319011,35.346204],[129.318032,35.346613],[129.317041,35.347001],[129.316036,35.347366],[129.315021,35.34771],[129.313994,35.34803],[129.312957,35.348328],[129.311911,35.348603],[129.310856,35.348855],[129.309793,35.349083],[129.308723,35.349287],[129.307646,35.349468],[129.306564,35.349625],[129.305478,35.349759],[129.304387,35.349868],[129.303293,35.349952],[129.302197,35.350013],[129.301099,35.35005],[129.3,35.350062]]]]}},{"type":"Feature","properties":{"ident":"P61B","name":"P61B","type":null,"airspaceClass":null,"upper":"FL 180","upperFt":18000,"upperRef":"FL","lower":"SFC","lowerFt":0,"lowerRef":"SFC","remarks":"P61B","prh_lbl_1":"P61B","prh_lbl_2":"FL 180","prh_lbl_3":"SFC","prh_lbl_4":"임시비행금지구역","category":"원자력발전소","source":"국토교통부 공역정보 KMZ","cycle":"AIP 2026년 10차"},"geometry":{"type":"MultiPolygon","coordinates":[[[[129.3,35.483601],[129.298898,35.483599],[129.297797,35.483592],[129.296695,35.483579],[129.295594,35.483562],[129.294492,35.48354],[129.293391,35.483514],[129.29229,35.483482],[129.29119,35.483445],[129.290089,35.483404],[129.288989,35.483358],[129.287889,35.483307],[129.28679,35.48325],[129.285691,35.48319],[129.284592,35.483124],[129.283494,35.483053],[129.282396,35.482978],[129.281299,35.482898],[129.280202,35.482812],[129.279106,35.482722],[129.278011,35.482627],[129.276916,35.482528],[129.275822,35.482423],[129.274728,35.482314],[129.273635,35.4822],[129.272544,35.482081],[129.271452,35.481957],[129.270362,35.481828],[129.269273,35.481694],[129.268184,35.481556],[129.267097,35.481413],[129.26601,35.481265],[129.264924,35.481112],[129.26384,35.480955],[129.262756,35.480792],[129.261674,35.480625],[129.260592,35.480453],[129.259512,35.480276],[129.258433,35.480095],[129.257355,35.479909],[129.256279,35.479717],[129.255204,35.479522],[129.25413,35.479321],[129.253057,35.479116],[129.251986,35.478906],[129.250916,35.478691],[129.249848,35.478471],[129.248781,35.478247],[129.247716,35.478018],[129.246652,35.477785],[129.245589,35.477546],[129.244529,35.477303],[129.24347,35.477055],[129.242412,35.476803],[129.241357,35.476546],[129.240303,35.476284],[129.23925,35.476018],[129.2382,35.475746],[129.237151,35.475471],[129.236104,35.47519],[129.235059,35.474905],[129.234016,35.474616],[129.232975,35.474322],[129.231936,35.474023],[129.230899,35.473719],[129.229864,35.473411],[129.228831,35.473099],[129.2278,35.472782],[129.226771,35.47246],[129.225744,35.472134],[129.22472,35.471803],[129.223697,35.471467],[129.222677,35.471128],[129.221659,35.470783],[129.220644,35.470434],[129.219631,35.470081],[129.21862,35.469723],[129.217611,35.469361],[129.216605,35.468994],[129.215602,35.468623],[129.2146,35.468248],[129.213602,35.467868],[129.212606,35.467483],[129.211612,35.467094],[129.210621,35.466701],[129.209633,35.466303],[129.208647,35.465901],[129.207664,35.465495],[129.206684,35.465084],[129.205706,35.464669],[129.204731,35.46425],[129.203759,35.463826],[129.20279,35.463398],[129.201824,35.462966],[129.20086,35.46253],[129.1999,35.462089],[129.198942,35.461644],[129.197987,35.461195],[129.197036,35.460741],[129.196087,35.460284],[129.195141,35.459822],[129.194199,35.459356],[129.193259,35.458886],[129.192323,35.458411],[129.19139,35.457933],[129.19046,35.45745],[129.189533,35.456964],[129.188609,35.456473],[129.187689,35.455978],[129.186772,35.455479],[129.185858,35.454976],[129.184948,35.454469],[129.184041,35.453958],[129.183138,35.453443],[129.182237,35.452924],[129.181341,35.452401],[129.180447,35.451874],[129.179558,35.451343],[129.178671,35.450809],[129.177789,35.45027],[129.17691,35.449727],[129.176034,35.449181],[129.175162,35.44863],[129.174294,35.448076],[129.17343,35.447518],[129.172569,35.446956],[129.171712,35.44639],[129.170859,35.445821],[129.170009,35.445248],[129.169163,35.444671],[129.168321,35.44409],[129.167483,35.443506],[129.166649,35.442917],[129.165819,35.442326],[129.164993,35.44173],[129.16417,35.441131],[129.163352,35.440528],[129.162537,35.439922],[129.161727,35.439312],[129.160921,35.438698],[129.160118,35.438081],[129.15932,35.437461],[129.158526,35.436837],[129.157736,35.436209],[129.156951,35.435578],[129.156169,35.434943],[129.155392,35.434305],[129.154619,35.433664],[129.15385,35.433019],[129.153085,35.43237],[129.152325,35.431719],[129.151569,35.431064],[129.150817,35.430405],[129.15007,35.429744],[129.149327,35.429079],[129.148589,35.42841],[129.147855,35.427739],[129.147125,35.427064],[129.1464,35.426386],[129.145679,35.425705],[129.144963,35.425021],[129.144252,35.424333],[129.143545,35.423643],[129.142842,35.422949],[129.142144,35.422252],[129.141451,35.421552],[129.140762,35.420849],[129.140079,35.420143],[129.139399,35.419434],[129.138725,35.418722],[129.138055,35.418007],[129.13739,35.417289],[129.136729,35.416568],[129.136074,35.415844],[129.135423,35.415118],[129.134777,35.414388],[129.134136,35.413656],[129.1335,35.412921],[129.132868,35.412183],[129.132242,35.411442],[129.13162,35.410698],[129.131004,35.409952],[129.130392,35.409203],[129.129785,35.408451],[129.129183,35.407697],[129.128586,35.40694],[129.127995,35.40618],[129.127408,35.405418],[129.126826,35.404653],[129.126249,35.403885],[129.125678,35.403115],[129.125111,35.402343],[129.12455,35.401568],[129.123994,35.40079],[129.123442,35.40001],[129.122897,35.399228],[129.122356,35.398443],[129.12182,35.397656],[129.12129,35.396867],[129.120765,35.396075],[129.120245,35.395281],[129.11973,35.394484],[129.119221,35.393686],[129.118717,35.392885],[129.118218,35.392082],[129.117724,35.391276],[129.117236,35.390469],[129.116753,35.389659],[129.116276,35.388847],[129.115804,35.388033],[129.115337,35.387217],[129.114875,35.386399],[129.11442,35.385579],[129.113969,35.384757],[129.113524,35.383933],[129.113084,35.383107],[129.11265,35.382279],[129.112221,35.38145],[129.111798,35.380618],[129.11138,35.379784],[129.110968,35.378949],[129.110562,35.378112],[129.11016,35.377273],[129.109765,35.376432],[129.109375,35.375589],[129.10899,35.374745],[129.108611,35.373899],[129.108238,35.373052],[129.10787,35.372202],[129.107508,35.371352],[129.107152,35.370499],[129.106801,35.369645],[129.106455,35.36879],[129.106116,35.367933],[129.105782,35.367074],[129.105454,35.366214],[129.105131,35.365353],[129.104814,35.36449],[129.104503,35.363626],[129.104198,35.36276],[129.103898,35.361893],[129.103604,35.361025],[129.103315,35.360155],[129.103033,35.359284],[129.102756,35.358412],[129.102485,35.357539],[129.10222,35.356665],[129.10196,35.355789],[129.101706,35.354912],[129.101458,35.354034],[129.101216,35.353155],[129.10098,35.352275],[129.100749,35.351394],[129.100525,35.350512],[129.100306,35.349629],[129.100093,35.348745],[129.099885,35.34786],[129.099684,35.346975],[129.099488,35.346088],[129.099298,35.3452],[129.099115,35.344312],[129.098937,35.343423],[129.098764,35.342533],[129.098598,35.341642],[129.098438,35.340751],[129.098283,35.339859],[129.098134,35.338966],[129.097992,35.338073],[129.097855,35.337178],[129.097724,35.336284],[129.097599,35.335389],[129.097479,35.334493],[129.097366,35.333597],[129.097259,35.3327],[129.097157,35.331803],[129.097062,35.330905],[129.096972,35.330007],[129.096888,35.329109],[129.096811,35.32821],[129.096739,35.327311],[129.096673,35.326411],[129.096613,35.325511],[129.096559,35.324611],[129.09651,35.323711],[129.096468,35.322811],[129.096432,35.32191],[129.096402,35.32101],[129.096377,35.320109],[129.096359,35.319208],[129.096346,35.318307],[129.096339,35.317406],[129.096339,35.316505],[129.096344,35.315604],[129.096355,35.314703],[129.096372,35.313802],[129.096395,35.312901],[129.096424,35.312],[129.096459,35.3111],[129.0965,35.310199],[129.096547,35.309299],[129.096599,35.308399],[129.096658,35.307499],[129.096722,35.3066],[129.096793,35.3057],[129.096869,35.304801],[129.096951,35.303903],[129.09704,35.303005],[129.097134,35.302107],[129.097234,35.30121],[129.09734,35.300313],[129.097451,35.299416],[129.097569,35.298521],[129.097693,35.297625],[129.097822,35.29673],[129.097958,35.295836],[129.098099,35.294943],[129.098246,35.29405],[129.098399,35.293157],[129.098558,35.292266],[129.098723,35.291375],[129.098893,35.290485],[129.09907,35.289595],[129.099252,35.288707],[129.09944,35.287819],[129.099634,35.286932],[129.099834,35.286046],[129.10004,35.285161],[129.100251,35.284277],[129.100468,35.283393],[129.100692,35.282511],[129.10092,35.28163],[129.101155,35.28075],[129.101396,35.27987],[129.101642,35.278992],[129.101894,35.278115],[129.102152,35.277239],[129.102415,35.276364],[129.102684,35.275491],[129.102959,35.274619],[129.10324,35.273747],[129.103527,35.272877],[129.103819,35.272009],[129.104117,35.271142],[129.10442,35.270276],[129.10473,35.269411],[129.105045,35.268548],[129.105365,35.267686],[129.105692,35.266825],[129.106024,35.265966],[129.106361,35.265109],[129.106704,35.264253],[129.107053,35.263399],[129.107408,35.262546],[129.107768,35.261694],[129.108133,35.260845],[129.108505,35.259997],[129.108881,35.25915],[129.109264,35.258306],[129.109652,35.257463],[129.110045,35.256621],[129.110444,35.255782],[129.110849,35.254944],[129.111259,35.254108],[129.111674,35.253274],[129.112095,35.252442],[129.112521,35.251611],[129.112953,35.250783],[129.11339,35.249956],[129.113833,35.249131],[129.114281,35.248309],[129.114735,35.247488],[129.115194,35.246669],[129.115658,35.245853],[129.116128,35.245038],[129.116603,35.244226],[129.117083,35.243415],[129.117568,35.242607],[129.118059,35.241801],[129.118556,35.240997],[129.119057,35.240195],[129.119564,35.239396],[129.120076,35.238599],[129.120593,35.237804],[129.121115,35.237011],[129.121643,35.236221],[129.122176,35.235433],[129.122714,35.234648],[129.123257,35.233864],[129.123805,35.233084],[129.124358,35.232305],[129.124917,35.231529],[129.12548,35.230756],[129.126049,35.229985],[129.126623,35.229217],[129.127201,35.228451],[129.127785,35.227688],[129.128374,35.226927],[129.128967,35.226169],[129.129566,35.225414],[129.13017,35.224661],[129.130778,35.223911],[129.131392,35.223164],[129.13201,35.222419],[129.132633,35.221677],[129.133261,35.220938],[129.133894,35.220202],[129.134532,35.219468],[129.135175,35.218737],[129.135822,35.21801],[129.136474,35.217285],[129.137131,35.216563],[129.137793,35.215844],[129.138459,35.215127],[129.13913,35.214414],[129.139806,35.213704],[129.140486,35.212997],[129.141171,35.212292],[129.14186,35.211591],[129.142555,35.210893],[129.143253,35.210198],[129.143956,35.209506],[129.144664,35.208817],[129.145377,35.208132],[129.146093,35.207449],[129.146815,35.20677],[129.14754,35.206093],[129.14827,35.205421],[129.149005,35.204751],[129.149744,35.204084],[129.150487,35.203421],[129.151235,35.202761],[129.151987,35.202105],[129.152743,35.201452],[129.153503,35.200802],[129.154268,35.200155],[129.155037,35.199512],[129.15581,35.198873],[129.156588,35.198236],[129.157369,35.197604],[129.158155,35.196974],[129.158944,35.196349],[129.159738,35.195726],[129.160536,35.195107],[129.161338,35.194492],[129.162144,35.19388],[129.162954,35.193272],[129.163768,35.192668],[129.164586,35.192067],[129.165408,35.191469],[129.166234,35.190876],[129.167063,35.190286],[129.167897,35.189699],[129.168734,35.189117],[129.169575,35.188538],[129.17042,35.187963],[129.171269,35.187391],[129.172121,35.186824],[129.172977,35.18626],[129.173837,35.1857],[129.174701,35.185143],[129.175568,35.184591],[129.176438,35.184042],[129.177313,35.183498],[129.17819,35.182957],[129.179072,35.18242],[129.179957,35.181887],[129.180845,35.181357],[129.181737,35.180832],[129.182632,35.180311],[129.183531,35.179794],[129.184433,35.17928],[129.185338,35.178771],[129.186247,35.178266],[129.187159,35.177764],[129.188074,35.177267],[129.188992,35.176774],[129.189914,35.176285],[129.190839,35.1758],[129.191767,35.175319],[129.192698,35.174842],[129.193633,35.17437],[129.19457,35.173901],[129.19551,35.173437],[129.196454,35.172976],[129.1974,35.17252],[129.19835,35.172069],[129.199302,35.171621],[129.200258,35.171177],[129.201216,35.170738],[129.202177,35.170303],[129.203141,35.169873],[129.204108,35.169446],[129.205077,35.169024],[129.206049,35.168606],[129.207024,35.168193],[129.208002,35.167784],[129.208982,35.167379],[129.209965,35.166978],[129.210951,35.166582],[129.211939,35.16619],[129.21293,35.165803],[129.213923,35.16542],[129.214919,35.165041],[129.215917,35.164667],[129.216917,35.164297],[129.217921,35.163932],[129.218926,35.163571],[129.219934,35.163214],[129.220944,35.162862],[129.221956,35.162515],[129.222971,35.162172],[129.223988,35.161833],[129.225007,35.161499],[129.226028,35.16117],[129.227051,35.160845],[129.228077,35.160524],[129.229104,35.160208],[129.230134,35.159897],[129.231166,35.15959],[129.232199,35.159288],[129.233235,35.15899],[129.234273,35.158697],[129.235312,35.158408],[129.236353,35.158124],[129.237396,35.157845],[129.238441,35.15757],[129.239488,35.1573],[129.240537,35.157035],[129.241587,35.156774],[129.242639,35.156518],[129.243693,35.156267],[129.244748,35.15602],[129.245805,35.155778],[129.246863,35.15554],[129.247923,35.155308],[129.248984,35.155079],[129.250047,35.154856],[129.251112,35.154637],[129.252177,35.154423],[129.253245,35.154214],[129.254313,35.15401],[129.255383,35.15381],[129.256454,35.153615],[129.257527,35.153425],[129.2586,35.153239],[129.259675,35.153058],[129.260751,35.152882],[129.261828,35.152711],[129.262906,35.152544],[129.263986,35.152383],[129.265066,35.152226],[129.266147,35.152074],[129.26723,35.151926],[129.268313,35.151784],[129.269397,35.151646],[129.270482,35.151513],[129.271568,35.151385],[129.272655,35.151261],[129.273743,35.151143],[129.274831,35.151029],[129.27592,35.15092],[129.27701,35.150816],[129.2781,35.150717],[129.279191,35.150622],[129.280283,35.150532],[129.281375,35.150448],[129.282468,35.150368],[129.283561,35.150292],[129.284655,35.150222],[129.285749,35.150157],[129.286844,35.150096],[129.287939,35.15004],[129.289034,35.149989],[129.29013,35.149943],[129.291226,35.149902],[129.292322,35.149866],[129.293419,35.149834],[129.294515,35.149807],[129.295612,35.149786],[129.296709,35.149769],[129.297806,35.149756],[129.298903,35.149749],[129.3,35.149747],[129.301097,35.149749],[129.302194,35.149756],[129.303291,35.149769],[129.304388,35.149786],[129.305485,35.149807],[129.306581,35.149834],[129.307678,35.149866],[129.308774,35.149902],[129.30987,35.149943],[129.310966,35.149989],[129.312061,35.15004],[129.313156,35.150096],[129.314251,35.150157],[129.315345,35.150222],[129.316439,35.150292],[129.317532,35.150368],[129.318625,35.150448],[129.319717,35.150532],[129.320809,35.150622],[129.3219,35.150717],[129.32299,35.150816],[129.32408,35.15092],[129.325169,35.151029],[129.326257,35.151143],[129.327345,35.151261],[129.328432,35.151385],[129.329518,35.151513],[129.330603,35.151646],[129.331687,35.151784],[129.33277,35.151926],[129.333853,35.152074],[129.334934,35.152226],[129.336014,35.152383],[129.337094,35.152545],[129.338172,35.152711],[129.339249,35.152882],[129.340325,35.153058],[129.3414,35.153239],[129.342473,35.153425],[129.343546,35.153615],[129.344617,35.15381],[129.345687,35.15401],[129.346755,35.154214],[129.347822,35.154423],[129.348888,35.154637],[129.349953,35.154856],[129.351016,35.155079],[129.352077,35.155308],[129.353137,35.15554],[129.354195,35.155778],[129.355252,35.15602],[129.356307,35.156267],[129.357361,35.156518],[129.358413,35.156774],[129.359463,35.157035],[129.360512,35.1573],[129.361558,35.15757],[129.362603,35.157845],[129.363647,35.158124],[129.364688,35.158408],[129.365727,35.158697],[129.366765,35.15899],[129.367801,35.159288],[129.368834,35.15959],[129.369866,35.159897],[129.370896,35.160208],[129.371923,35.160524],[129.372949,35.160845],[129.373972,35.16117],[129.374993,35.161499],[129.376012,35.161833],[129.377029,35.162172],[129.378044,35.162515],[129.379056,35.162862],[129.380066,35.163214],[129.381074,35.163571],[129.382079,35.163932],[129.383082,35.164297],[129.384083,35.164667],[129.385081,35.165041],[129.386077,35.16542],[129.38707,35.165803],[129.388061,35.16619],[129.389049,35.166582],[129.390035,35.166978],[129.391018,35.167379],[129.391998,35.167784],[129.392976,35.168193],[129.393951,35.168606],[129.394923,35.169024],[129.395892,35.169446],[129.396859,35.169873],[129.397823,35.170303],[129.398784,35.170738],[129.399742,35.171177],[129.400698,35.171621],[129.40165,35.172069],[129.4026,35.17252],[129.403546,35.172976],[129.404489,35.173437],[129.40543,35.173901],[129.406367,35.17437],[129.407302,35.174842],[129.408233,35.175319],[129.409161,35.1758],[129.410086,35.176285],[129.411008,35.176774],[129.411926,35.177267],[129.412841,35.177765],[129.413753,35.178266],[129.414662,35.178771],[129.415567,35.17928],[129.416469,35.179794],[129.417368,35.180311],[129.418263,35.180832],[129.419155,35.181357],[129.420043,35.181887],[129.420928,35.18242],[129.42181,35.182957],[129.422687,35.183498],[129.423562,35.184042],[129.424432,35.184591],[129.425299,35.185143],[129.426163,35.1857],[129.427023,35.18626],[129.427879,35.186824],[129.428731,35.187391],[129.42958,35.187963],[129.430425,35.188538],[129.431266,35.189117],[129.432103,35.1897],[129.432937,35.190286],[129.433766,35.190876],[129.434592,35.19147],[129.435414,35.192067],[129.436232,35.192668],[129.437046,35.193272],[129.437856,35.19388],[129.438662,35.194492],[129.439464,35.195107],[129.440262,35.195726],[129.441055,35.196349],[129.441845,35.196974],[129.442631,35.197604],[129.443412,35.198236],[129.44419,35.198873],[129.444963,35.199512],[129.445732,35.200155],[129.446497,35.200802],[129.447257,35.201452],[129.448013,35.202105],[129.448765,35.202762],[129.449513,35.203421],[129.450256,35.204085],[129.450995,35.204751],[129.45173,35.205421],[129.45246,35.206094],[129.453185,35.20677],[129.453907,35.207449],[129.454623,35.208132],[129.455336,35.208817],[129.456043,35.209506],[129.456747,35.210198],[129.457445,35.210893],[129.45814,35.211591],[129.458829,35.212292],[129.459514,35.212997],[129.460194,35.213704],[129.46087,35.214414],[129.461541,35.215127],[129.462207,35.215844],[129.462869,35.216563],[129.463526,35.217285],[129.464178,35.21801],[129.464825,35.218738],[129.465468,35.219468],[129.466106,35.220202],[129.466739,35.220938],[129.467367,35.221677],[129.46799,35.222419],[129.468608,35.223164],[129.469222,35.223911],[129.46983,35.224661],[129.470434,35.225414],[129.471033,35.226169],[129.471626,35.226927],[129.472215,35.227688],[129.472799,35.228451],[129.473377,35.229217],[129.473951,35.229985],[129.47452,35.230756],[129.475083,35.231529],[129.475642,35.232305],[129.476195,35.233084],[129.476743,35.233864],[129.477286,35.234648],[129.477824,35.235433],[129.478357,35.236221],[129.478885,35.237011],[129.479407,35.237804],[129.479924,35.238599],[129.480436,35.239396],[129.480943,35.240196],[129.481444,35.240997],[129.481941,35.241801],[129.482432,35.242607],[129.482917,35.243415],[129.483397,35.244226],[129.483872,35.245038],[129.484342,35.245853],[129.484806,35.246669],[129.485265,35.247488],[129.485719,35.248309],[129.486167,35.249131],[129.486609,35.249956],[129.487047,35.250783],[129.487479,35.251611],[129.487905,35.252442],[129.488326,35.253274],[129.488741,35.254108],[129.489151,35.254944],[129.489556,35.255782],[129.489955,35.256621],[129.490348,35.257463],[129.490736,35.258306],[129.491118,35.25915],[129.491495,35.259997],[129.491866,35.260845],[129.492232,35.261694],[129.492592,35.262546],[129.492947,35.263399],[129.493295,35.264253],[129.493639,35.265109],[129.493976,35.265967],[129.494308,35.266825],[129.494635,35.267686],[129.494955,35.268548],[129.49527,35.269411],[129.495579,35.270276],[129.495883,35.271142],[129.496181,35.272009],[129.496473,35.272878],[129.49676,35.273747],[129.49704,35.274619],[129.497315,35.275491],[129.497585,35.276365],[129.497848,35.277239],[129.498106,35.278115],[129.498358,35.278992],[129.498604,35.27987],[129.498845,35.28075],[129.499079,35.28163],[129.499308,35.282511],[129.499531,35.283394],[129.499749,35.284277],[129.49996,35.285161],[129.500166,35.286046],[129.500366,35.286932],[129.50056,35.287819],[129.500748,35.288707],[129.50093,35.289595],[129.501107,35.290485],[129.501277,35.291375],[129.501442,35.292266],[129.501601,35.293157],[129.501754,35.29405],[129.501901,35.294943],[129.502042,35.295836],[129.502178,35.29673],[129.502307,35.297625],[129.502431,35.298521],[129.502548,35.299416],[129.50266,35.300313],[129.502766,35.30121],[129.502866,35.302107],[129.50296,35.303005],[129.503048,35.303903],[129.503131,35.304801],[129.503207,35.3057],[129.503278,35.3066],[129.503342,35.307499],[129.503401,35.308399],[129.503453,35.309299],[129.5035,35.310199],[129.503541,35.3111],[129.503576,35.312],[129.503605,35.312901],[129.503628,35.313802],[129.503645,35.314703],[129.503656,35.315604],[129.503661,35.316505],[129.503661,35.317406],[129.503654,35.318307],[129.503641,35.319208],[129.503623,35.320109],[129.503598,35.32101],[129.503568,35.32191],[129.503532,35.322811],[129.503489,35.323711],[129.503441,35.324612],[129.503387,35.325512],[129.503327,35.326411],[129.503261,35.327311],[129.503189,35.32821],[129.503111,35.329109],[129.503028,35.330007],[129.502938,35.330905],[129.502843,35.331803],[129.502741,35.3327],[129.502634,35.333597],[129.50252,35.334493],[129.502401,35.335389],[129.502276,35.336284],[129.502145,35.337179],[129.502008,35.338073],[129.501865,35.338966],[129.501717,35.339859],[129.501562,35.340751],[129.501402,35.341642],[129.501235,35.342533],[129.501063,35.343423],[129.500885,35.344312],[129.500701,35.3452],[129.500512,35.346088],[129.500316,35.346975],[129.500115,35.347861],[129.499907,35.348745],[129.499694,35.349629],[129.499475,35.350512],[129.499251,35.351394],[129.49902,35.352275],[129.498784,35.353155],[129.498541,35.354034],[129.498293,35.354912],[129.49804,35.355789],[129.49778,35.356665],[129.497515,35.357539],[129.497244,35.358412],[129.496967,35.359284],[129.496684,35.360155],[129.496396,35.361025],[129.496102,35.361893],[129.495802,35.36276],[129.495497,35.363626],[129.495186,35.36449],[129.494869,35.365353],[129.494546,35.366214],[129.494218,35.367074],[129.493884,35.367933],[129.493544,35.36879],[129.493199,35.369645],[129.492848,35.370499],[129.492492,35.371352],[129.49213,35.372202],[129.491762,35.373052],[129.491389,35.373899],[129.49101,35.374745],[129.490625,35.375589],[129.490235,35.376432],[129.489839,35.377273],[129.489438,35.378112],[129.489032,35.378949],[129.488619,35.379784],[129.488202,35.380618],[129.487778,35.38145],[129.48735,35.382279],[129.486916,35.383107],[129.486476,35.383933],[129.486031,35.384757],[129.48558,35.385579],[129.485124,35.3864],[129.484663,35.387218],[129.484196,35.388034],[129.483724,35.388847],[129.483247,35.389659],[129.482764,35.390469],[129.482276,35.391276],[129.481782,35.392082],[129.481283,35.392885],[129.480779,35.393686],[129.48027,35.394484],[129.479755,35.395281],[129.479235,35.396075],[129.47871,35.396867],[129.47818,35.397656],[129.477644,35.398443],[129.477103,35.399228],[129.476557,35.400011],[129.476006,35.40079],[129.47545,35.401568],[129.474889,35.402343],[129.474322,35.403115],[129.47375,35.403885],[129.473174,35.404653],[129.472592,35.405418],[129.472005,35.40618],[129.471413,35.40694],[129.470817,35.407697],[129.470215,35.408451],[129.469608,35.409203],[129.468996,35.409952],[129.46838,35.410698],[129.467758,35.411442],[129.467131,35.412183],[129.4665,35.412921],[129.465864,35.413656],[129.465223,35.414388],[129.464577,35.415118],[129.463926,35.415845],[129.46327,35.416568],[129.46261,35.417289],[129.461945,35.418007],[129.461275,35.418722],[129.460601,35.419434],[129.459921,35.420143],[129.459237,35.420849],[129.458549,35.421552],[129.457856,35.422252],[129.457158,35.422949],[129.456455,35.423643],[129.455748,35.424333],[129.455037,35.425021],[129.454321,35.425705],[129.4536,35.426386],[129.452875,35.427064],[129.452145,35.427739],[129.451411,35.428411],[129.450673,35.429079],[129.44993,35.429744],[129.449183,35.430405],[129.448431,35.431064],[129.447675,35.431719],[129.446915,35.43237],[129.44615,35.433019],[129.445381,35.433664],[129.444608,35.434305],[129.443831,35.434943],[129.443049,35.435578],[129.442264,35.436209],[129.441474,35.436837],[129.44068,35.437461],[129.439881,35.438081],[129.439079,35.438699],[129.438273,35.439312],[129.437462,35.439922],[129.436648,35.440528],[129.43583,35.441131],[129.435007,35.44173],[129.434181,35.442326],[129.433351,35.442918],[129.432516,35.443506],[129.431678,35.44409],[129.430837,35.444671],[129.429991,35.445248],[129.429141,35.445821],[129.428288,35.44639],[129.427431,35.446956],[129.42657,35.447518],[129.425706,35.448076],[129.424837,35.44863],[129.423966,35.449181],[129.42309,35.449727],[129.422211,35.45027],[129.421328,35.450809],[129.420442,35.451343],[129.419552,35.451874],[129.418659,35.452401],[129.417762,35.452924],[129.416862,35.453443],[129.415959,35.453958],[129.415052,35.454469],[129.414141,35.454976],[129.413228,35.455479],[129.412311,35.455978],[129.41139,35.456473],[129.410467,35.456964],[129.40954,35.45745],[129.40861,35.457933],[129.407677,35.458411],[129.40674,35.458886],[129.405801,35.459356],[129.404858,35.459822],[129.403913,35.460284],[129.402964,35.460741],[129.402012,35.461195],[129.401058,35.461644],[129.4001,35.462089],[129.39914,35.46253],[129.398176,35.462966],[129.39721,35.463398],[129.39624,35.463826],[129.395268,35.46425],[129.394294,35.464669],[129.393316,35.465084],[129.392336,35.465495],[129.391353,35.465901],[129.390367,35.466303],[129.389379,35.466701],[129.388388,35.467094],[129.387394,35.467483],[129.386398,35.467868],[129.385399,35.468248],[129.384398,35.468623],[129.383395,35.468994],[129.382389,35.469361],[129.38138,35.469723],[129.380369,35.470081],[129.379356,35.470434],[129.37834,35.470783],[129.377323,35.471128],[129.376303,35.471468],[129.37528,35.471803],[129.374256,35.472134],[129.373229,35.47246],[129.3722,35.472782],[129.371169,35.473099],[129.370136,35.473411],[129.369101,35.473719],[129.368064,35.474023],[129.367025,35.474322],[129.365983,35.474616],[129.36494,35.474905],[129.363895,35.47519],[129.362849,35.475471],[129.3618,35.475747],[129.36075,35.476018],[129.359697,35.476284],[129.358643,35.476546],[129.357588,35.476803],[129.35653,35.477055],[129.355471,35.477303],[129.35441,35.477546],[129.353348,35.477785],[129.352284,35.478018],[129.351219,35.478247],[129.350152,35.478471],[129.349084,35.478691],[129.348014,35.478906],[129.346943,35.479116],[129.34587,35.479321],[129.344796,35.479522],[129.343721,35.479717],[129.342644,35.479909],[129.341567,35.480095],[129.340488,35.480276],[129.339407,35.480453],[129.338326,35.480625],[129.337244,35.480792],[129.33616,35.480955],[129.335076,35.481112],[129.33399,35.481265],[129.332903,35.481413],[129.331816,35.481556],[129.330727,35.481694],[129.329638,35.481828],[129.328547,35.481957],[129.327456,35.482081],[129.326364,35.4822],[129.325272,35.482314],[129.324178,35.482423],[129.323084,35.482528],[129.321989,35.482627],[129.320894,35.482722],[129.319798,35.482812],[129.318701,35.482898],[129.317604,35.482978],[129.316506,35.483053],[129.315408,35.483124],[129.314309,35.48319],[129.31321,35.48325],[129.312111,35.483307],[129.311011,35.483358],[129.309911,35.483404],[129.30881,35.483445],[129.307709,35.483482],[129.306608,35.483514],[129.305507,35.48354],[129.304406,35.483562],[129.303305,35.483579],[129.302203,35.483592],[129.301102,35.483599],[129.3,35.483601]]]]}},{"type":"Feature","properties":{"ident":"P62A","name":"P62A","type":null,"airspaceClass":null,"upper":"10 000 AMSL","upperFt":10000,"upperRef":"AMSL","lower":"SFC","lowerFt":0,"lowerRef":"SFC","remarks":"P62A","prh_lbl_1":"P62A","prh_lbl_2":"10 000 AMSL","prh_lbl_3":"SFC","prh_lbl_4":"임시비행금지구역","category":"원자력발전소","source":"국토교통부 공역정보 KMZ","cycle":"AIP 2026년 10차"},"geometry":{"type":"MultiPolygon","coordinates":[[[[129.466667,35.733391],[129.465563,35.733379],[129.46446,35.733343],[129.463358,35.733282],[129.462259,35.733197],[129.461163,35.733088],[129.460071,35.732955],[129.458984,35.732798],[129.457902,35.732617],[129.456827,35.732413],[129.455759,35.732184],[129.454699,35.731933],[129.453648,35.731658],[129.452606,35.73136],[129.451574,35.73104],[129.450554,35.730696],[129.449545,35.730331],[129.448548,35.729943],[129.447565,35.729534],[129.446596,35.729103],[129.445641,35.728651],[129.444702,35.728178],[129.443778,35.727685],[129.442871,35.727171],[129.441982,35.726638],[129.44111,35.726085],[129.440257,35.725514],[129.439424,35.724924],[129.43861,35.724316],[129.437816,35.72369],[129.437044,35.723047],[129.436293,35.722387],[129.435564,35.721711],[129.434858,35.721019],[129.434175,35.720311],[129.433516,35.719589],[129.432881,35.718853],[129.43227,35.718103],[129.431684,35.71734],[129.431124,35.716564],[129.43059,35.715777],[129.430082,35.714978],[129.429601,35.714167],[129.429146,35.713347],[129.428719,35.712517],[129.428319,35.711678],[129.427948,35.71083],[129.427604,35.709975],[129.427289,35.709112],[129.427003,35.708243],[129.426745,35.707367],[129.426517,35.706487],[129.426317,35.705601],[129.426147,35.704712],[129.426007,35.703819],[129.425896,35.702923],[129.425814,35.702025],[129.425763,35.701126],[129.425741,35.700226],[129.425749,35.699326],[129.425787,35.698426],[129.425854,35.697528],[129.425951,35.696631],[129.426078,35.695737],[129.426234,35.694846],[129.426419,35.693958],[129.426634,35.693075],[129.426878,35.692197],[129.427151,35.691325],[129.427452,35.690459],[129.427783,35.6896],[129.428141,35.688749],[129.428527,35.687906],[129.428941,35.687071],[129.429383,35.686246],[129.429851,35.685431],[129.430347,35.684627],[129.430868,35.683833],[129.431416,35.683052],[129.431989,35.682283],[129.432588,35.681527],[129.433211,35.680784],[129.433859,35.680055],[129.43453,35.679341],[129.435225,35.678641],[129.435943,35.677958],[129.436683,35.67729],[129.437445,35.676639],[129.438228,35.676005],[129.439031,35.675388],[129.439855,35.674789],[129.440698,35.674208],[129.44156,35.673647],[129.442441,35.673104],[129.443338,35.672581],[129.444253,35.672078],[129.445184,35.671595],[129.446131,35.671133],[129.447093,35.670692],[129.448069,35.670272],[129.449058,35.669874],[129.45006,35.669497],[129.451074,35.669143],[129.4521,35.668812],[129.453136,35.668502],[129.454182,35.668216],[129.455237,35.667953],[129.4563,35.667714],[129.457371,35.667497],[129.458449,35.667305],[129.459533,35.667136],[129.460621,35.666991],[129.461714,35.66687],[129.462811,35.666773],[129.463911,35.6667],[129.465012,35.666652],[129.466115,35.666628],[129.467218,35.666628],[129.468321,35.666652],[129.469422,35.6667],[129.470522,35.666773],[129.471619,35.66687],[129.472712,35.666991],[129.473801,35.667136],[129.474884,35.667305],[129.475962,35.667497],[129.477033,35.667714],[129.478096,35.667953],[129.479151,35.668216],[129.480197,35.668502],[129.481233,35.668811],[129.482259,35.669143],[129.483273,35.669497],[129.484275,35.669874],[129.485265,35.670272],[129.48624,35.670692],[129.487202,35.671133],[129.488149,35.671595],[129.48908,35.672078],[129.489995,35.672581],[129.490893,35.673104],[129.491773,35.673647],[129.492635,35.674208],[129.493478,35.674789],[129.494302,35.675388],[129.495106,35.676004],[129.495889,35.676639],[129.49665,35.67729],[129.49739,35.677958],[129.498108,35.678641],[129.498803,35.679341],[129.499474,35.680055],[129.500122,35.680784],[129.500745,35.681527],[129.501344,35.682283],[129.501917,35.683052],[129.502465,35.683833],[129.502987,35.684627],[129.503482,35.685431],[129.503951,35.686246],[129.504392,35.687071],[129.504806,35.687905],[129.505192,35.688749],[129.505551,35.6896],[129.505881,35.690459],[129.506182,35.691325],[129.506455,35.692197],[129.506699,35.693075],[129.506914,35.693958],[129.5071,35.694846],[129.507256,35.695737],[129.507382,35.696631],[129.507479,35.697528],[129.507547,35.698426],[129.507584,35.699326],[129.507592,35.700226],[129.50757,35.701126],[129.507519,35.702025],[129.507438,35.702923],[129.507327,35.703819],[129.507186,35.704712],[129.507016,35.705601],[129.506817,35.706487],[129.506588,35.707367],[129.506331,35.708243],[129.506044,35.709112],[129.505729,35.709975],[129.505386,35.71083],[129.505014,35.711678],[129.504614,35.712517],[129.504187,35.713347],[129.503733,35.714167],[129.503251,35.714977],[129.502743,35.715777],[129.502209,35.716564],[129.501649,35.71734],[129.501063,35.718103],[129.500453,35.718853],[129.499817,35.719589],[129.499158,35.720311],[129.498475,35.721019],[129.497769,35.72171],[129.49704,35.722387],[129.496289,35.723046],[129.495517,35.72369],[129.494723,35.724316],[129.49391,35.724924],[129.493076,35.725514],[129.492223,35.726085],[129.491352,35.726638],[129.490462,35.727171],[129.489555,35.727685],[129.488632,35.728178],[129.487692,35.728651],[129.486738,35.729103],[129.485768,35.729534],[129.484785,35.729943],[129.483789,35.730331],[129.48278,35.730696],[129.481759,35.73104],[129.480727,35.73136],[129.479686,35.731658],[129.478634,35.731933],[129.477574,35.732184],[129.476506,35.732413],[129.475431,35.732617],[129.47435,35.732798],[129.473262,35.732955],[129.47217,35.733088],[129.471075,35.733197],[129.469975,35.733282],[129.468874,35.733343],[129.467771,35.733379],[129.466667,35.733391]]]]}},{"type":"Feature","properties":{"ident":"P62B","name":"P62B","type":null,"airspaceClass":null,"upper":"FL 180","upperFt":18000,"upperRef":"FL","lower":"SFC","lowerFt":0,"lowerRef":"SFC","remarks":"P62B","prh_lbl_1":"P62B","prh_lbl_2":"FL 180","prh_lbl_3":"SFC","prh_lbl_4":"임시비행금지구역","category":"원자력발전소","source":"국토교통부 공역정보 KMZ","cycle":"AIP 2026년 10차"},"geometry":{"type":"MultiPolygon","coordinates":[[[[129.466667,35.866923],[129.46556,35.86692],[129.464453,35.866913],[129.463346,35.866901],[129.46224,35.866884],[129.461133,35.866862],[129.460027,35.866835],[129.45892,35.866804],[129.457814,35.866767],[129.456709,35.866726],[129.455603,35.866679],[129.454498,35.866628],[129.453393,35.866572],[129.452289,35.866511],[129.451185,35.866446],[129.450082,35.866375],[129.448979,35.8663],[129.447876,35.866219],[129.446774,35.866134],[129.445673,35.866044],[129.444572,35.865949],[129.443472,35.865849],[129.442373,35.865745],[129.441274,35.865636],[129.440176,35.865521],[129.439079,35.865402],[129.437982,35.865278],[129.436887,35.86515],[129.435792,35.865016],[129.434699,35.864878],[129.433606,35.864735],[129.432514,35.864587],[129.431423,35.864434],[129.430333,35.864276],[129.429245,35.864114],[129.428157,35.863947],[129.42707,35.863775],[129.425985,35.863598],[129.424901,35.863417],[129.423818,35.86323],[129.422736,35.863039],[129.421656,35.862844],[129.420577,35.862643],[129.419499,35.862438],[129.418423,35.862228],[129.417348,35.862013],[129.416274,35.861793],[129.415202,35.861569],[129.414132,35.86134],[129.413063,35.861106],[129.411996,35.860868],[129.41093,35.860625],[129.409866,35.860377],[129.408803,35.860125],[129.407742,35.859868],[129.406683,35.859606],[129.405626,35.85934],[129.40457,35.859068],[129.403517,35.858793],[129.402465,35.858512],[129.401415,35.858227],[129.400367,35.857938],[129.399321,35.857644],[129.398277,35.857345],[129.397235,35.857041],[129.396195,35.856733],[129.395157,35.856421],[129.394121,35.856104],[129.393087,35.855782],[129.392055,35.855456],[129.391026,35.855125],[129.389998,35.85479],[129.388973,35.85445],[129.387951,35.854105],[129.38693,35.853757],[129.385912,35.853403],[129.384897,35.853046],[129.383883,35.852683],[129.382872,35.852317],[129.381864,35.851945],[129.380858,35.85157],[129.379855,35.85119],[129.378854,35.850805],[129.377855,35.850417],[129.37686,35.850023],[129.375867,35.849626],[129.374876,35.849224],[129.373888,35.848817],[129.372903,35.848407],[129.371921,35.847992],[129.370942,35.847572],[129.369965,35.847149],[129.368991,35.846721],[129.36802,35.846289],[129.367052,35.845852],[129.366087,35.845412],[129.365125,35.844967],[129.364165,35.844517],[129.363209,35.844064],[129.362256,35.843606],[129.361306,35.843145],[129.360359,35.842679],[129.359415,35.842208],[129.358474,35.841734],[129.357536,35.841256],[129.356602,35.840773],[129.355671,35.840286],[129.354743,35.839796],[129.353818,35.839301],[129.352897,35.838802],[129.351979,35.838299],[129.351064,35.837792],[129.350153,35.837281],[129.349245,35.836766],[129.34834,35.836247],[129.347439,35.835724],[129.346542,35.835197],[129.345648,35.834666],[129.344757,35.834131],[129.34387,35.833593],[129.342987,35.83305],[129.342107,35.832504],[129.341231,35.831953],[129.340359,35.831399],[129.33949,35.830841],[129.338626,35.830279],[129.337764,35.829714],[129.336907,35.829144],[129.336053,35.828571],[129.335204,35.827994],[129.334358,35.827413],[129.333516,35.826829],[129.332677,35.826241],[129.331843,35.825649],[129.331013,35.825053],[129.330187,35.824454],[129.329364,35.823852],[129.328546,35.823245],[129.327732,35.822635],[129.326922,35.822022],[129.326116,35.821405],[129.325314,35.820784],[129.324516,35.82016],[129.323722,35.819532],[129.322933,35.818901],[129.322147,35.818267],[129.321366,35.817629],[129.320589,35.816987],[129.319817,35.816342],[129.319049,35.815694],[129.318285,35.815042],[129.317525,35.814387],[129.31677,35.813729],[129.316019,35.813067],[129.315273,35.812403],[129.314531,35.811734],[129.313793,35.811063],[129.31306,35.810388],[129.312332,35.80971],[129.311608,35.809029],[129.310888,35.808345],[129.310173,35.807657],[129.309463,35.806967],[129.308757,35.806273],[129.308056,35.805576],[129.307359,35.804876],[129.306667,35.804173],[129.30598,35.803467],[129.305298,35.802758],[129.30462,35.802046],[129.303947,35.801331],[129.303279,35.800613],[129.302615,35.799893],[129.301957,35.799169],[129.301303,35.798442],[129.300654,35.797713],[129.300009,35.79698],[129.29937,35.796245],[129.298736,35.795507],[129.298106,35.794766],[129.297482,35.794023],[129.296862,35.793276],[129.296247,35.792527],[129.295638,35.791776],[129.295033,35.791021],[129.294433,35.790264],[129.293839,35.789505],[129.293249,35.788743],[129.292665,35.787978],[129.292085,35.78721],[129.291511,35.78644],[129.290942,35.785668],[129.290378,35.784893],[129.289819,35.784115],[129.289265,35.783336],[129.288717,35.782553],[129.288173,35.781769],[129.287635,35.780981],[129.287102,35.780192],[129.286575,35.7794],[129.286052,35.778606],[129.285535,35.77781],[129.285023,35.777011],[129.284517,35.77621],[129.284016,35.775407],[129.28352,35.774602],[129.283029,35.773794],[129.282544,35.772985],[129.282064,35.772173],[129.28159,35.771359],[129.281121,35.770543],[129.280658,35.769725],[129.280199,35.768905],[129.279747,35.768083],[129.2793,35.767259],[129.278858,35.766433],[129.278422,35.765605],[129.277991,35.764776],[129.277566,35.763944],[129.277146,35.76311],[129.276732,35.762275],[129.276323,35.761438],[129.27592,35.760599],[129.275523,35.759758],[129.275131,35.758916],[129.274745,35.758071],[129.274364,35.757226],[129.273989,35.756378],[129.273619,35.755529],[129.273255,35.754678],[129.272897,35.753826],[129.272545,35.752972],[129.272198,35.752116],[129.271857,35.751259],[129.271521,35.750401],[129.271191,35.749541],[129.270867,35.748679],[129.270549,35.747817],[129.270236,35.746952],[129.269929,35.746087],[129.269628,35.74522],[129.269333,35.744352],[129.269043,35.743482],[129.268759,35.742612],[129.268481,35.741739],[129.268209,35.740866],[129.267942,35.739992],[129.267682,35.739116],[129.267427,35.73824],[129.267178,35.737362],[129.266934,35.736483],[129.266697,35.735603],[129.266465,35.734722],[129.266239,35.73384],[129.266019,35.732957],[129.265805,35.732073],[129.265597,35.731188],[129.265395,35.730302],[129.265198,35.729416],[129.265008,35.728528],[129.264823,35.72764],[129.264644,35.726751],[129.264471,35.725861],[129.264304,35.72497],[129.264143,35.724079],[129.263987,35.723187],[129.263838,35.722294],[129.263695,35.721401],[129.263557,35.720507],[129.263426,35.719612],[129.2633,35.718717],[129.26318,35.717821],[129.263066,35.716925],[129.262959,35.716029],[129.262857,35.715131],[129.262761,35.714234],[129.262671,35.713336],[129.262586,35.712437],[129.262508,35.711539],[129.262436,35.71064],[129.26237,35.70974],[129.26231,35.708841],[129.262255,35.707941],[129.262207,35.70704],[129.262164,35.70614],[129.262128,35.70524],[129.262098,35.704339],[129.262073,35.703438],[129.262054,35.702537],[129.262042,35.701636],[129.262035,35.700735],[129.262035,35.699834],[129.26204,35.698933],[129.262051,35.698032],[129.262068,35.697131],[129.262091,35.696231],[129.262121,35.69533],[129.262156,35.694429],[129.262197,35.693529],[129.262244,35.692629],[129.262297,35.691729],[129.262356,35.690829],[129.26242,35.68993],[129.262491,35.689031],[129.262568,35.688132],[129.262651,35.687233],[129.262739,35.686335],[129.262834,35.685437],[129.262934,35.68454],[129.263041,35.683643],[129.263153,35.682747],[129.263271,35.681851],[129.263396,35.680956],[129.263526,35.680061],[129.263662,35.679167],[129.263804,35.678274],[129.263952,35.677381],[129.264106,35.676488],[129.264265,35.675597],[129.264431,35.674706],[129.264602,35.673816],[129.26478,35.672927],[129.264963,35.672038],[129.265152,35.67115],[129.265347,35.670264],[129.265548,35.669378],[129.265754,35.668493],[129.265967,35.667608],[129.266185,35.666725],[129.266409,35.665843],[129.266639,35.664962],[129.266875,35.664081],[129.267117,35.663202],[129.267364,35.662324],[129.267617,35.661447],[129.267876,35.660571],[129.268141,35.659697],[129.268412,35.658823],[129.268688,35.657951],[129.26897,35.65708],[129.269258,35.65621],[129.269552,35.655341],[129.269851,35.654474],[129.270156,35.653608],[129.270467,35.652744],[129.270784,35.65188],[129.271106,35.651019],[129.271434,35.650158],[129.271767,35.649299],[129.272106,35.648442],[129.272451,35.647586],[129.272802,35.646732],[129.273158,35.645879],[129.27352,35.645028],[129.273887,35.644178],[129.27426,35.64333],[129.274639,35.642484],[129.275023,35.641639],[129.275413,35.640796],[129.275808,35.639955],[129.276209,35.639115],[129.276616,35.638278],[129.277027,35.637442],[129.277445,35.636608],[129.277868,35.635775],[129.278296,35.634945],[129.27873,35.634117],[129.27917,35.63329],[129.279614,35.632465],[129.280065,35.631643],[129.28052,35.630822],[129.280982,35.630004],[129.281448,35.629187],[129.28192,35.628372],[129.282397,35.62756],[129.28288,35.62675],[129.283368,35.625942],[129.283861,35.625136],[129.28436,35.624332],[129.284863,35.62353],[129.285373,35.622731],[129.285887,35.621934],[129.286407,35.621139],[129.286932,35.620346],[129.287462,35.619556],[129.287997,35.618768],[129.288538,35.617983],[129.289083,35.6172],[129.289634,35.616419],[129.29019,35.615641],[129.290751,35.614865],[129.291318,35.614091],[129.291889,35.613321],[129.292465,35.612552],[129.293047,35.611787],[129.293633,35.611023],[129.294225,35.610263],[129.294821,35.609505],[129.295423,35.608749],[129.296029,35.607997],[129.296641,35.607247],[129.297257,35.6065],[129.297879,35.605755],[129.298505,35.605013],[129.299136,35.604274],[129.299772,35.603538],[129.300413,35.602804],[129.301058,35.602074],[129.301709,35.601346],[129.302364,35.600621],[129.303024,35.599899],[129.303689,35.59918],[129.304358,35.598464],[129.305032,35.597751],[129.305711,35.597041],[129.306395,35.596333],[129.307083,35.595629],[129.307776,35.594928],[129.308473,35.59423],[129.309175,35.593535],[129.309882,35.592843],[129.310593,35.592154],[129.311309,35.591469],[129.312029,35.590786],[129.312754,35.590107],[129.313483,35.589431],[129.314217,35.588758],[129.314955,35.588088],[129.315697,35.587422],[129.316444,35.586759],[129.317195,35.586099],[129.317951,35.585443],[129.31871,35.584789],[129.319474,35.58414],[129.320243,35.583493],[129.321015,35.58285],[129.321792,35.582211],[129.322573,35.581574],[129.323359,35.580942],[129.324148,35.580312],[129.324942,35.579687],[129.325739,35.579064],[129.326541,35.578446],[129.327347,35.57783],[129.328157,35.577219],[129.32897,35.576611],[129.329788,35.576006],[129.33061,35.575405],[129.331436,35.574808],[129.332265,35.574214],[129.333099,35.573624],[129.333936,35.573038],[129.334778,35.572455],[129.335623,35.571877],[129.336472,35.571301],[129.337325,35.57073],[129.338181,35.570162],[129.339041,35.569599],[129.339905,35.569039],[129.340773,35.568482],[129.341644,35.56793],[129.342519,35.567381],[129.343397,35.566837],[129.344279,35.566296],[129.345165,35.565759],[129.346054,35.565226],[129.346946,35.564697],[129.347842,35.564172],[129.348742,35.56365],[129.349645,35.563133],[129.350551,35.56262],[129.351461,35.562111],[129.352374,35.561605],[129.35329,35.561104],[129.35421,35.560607],[129.355132,35.560114],[129.356059,35.559625],[129.356988,35.55914],[129.35792,35.558659],[129.358856,35.558182],[129.359795,35.557709],[129.360737,35.557241],[129.361681,35.556777],[129.362629,35.556316],[129.36358,35.55586],[129.364534,35.555409],[129.365491,35.554961],[129.366451,35.554518],[129.367414,35.554078],[129.36838,35.553644],[129.369348,35.553213],[129.370319,35.552786],[129.371293,35.552364],[129.37227,35.551947],[129.37325,35.551533],[129.374232,35.551124],[129.375217,35.550719],[129.376205,35.550319],[129.377195,35.549922],[129.378188,35.549531],[129.379183,35.549143],[129.380181,35.54876],[129.381182,35.548382],[129.382185,35.548008],[129.38319,35.547638],[129.384198,35.547272],[129.385208,35.546911],[129.386221,35.546555],[129.387235,35.546203],[129.388253,35.545856],[129.389272,35.545513],[129.390294,35.545174],[129.391318,35.54484],[129.392344,35.54451],[129.393372,35.544185],[129.394402,35.543865],[129.395435,35.543549],[129.396469,35.543238],[129.397506,35.542931],[129.398544,35.542629],[129.399585,35.542331],[129.400627,35.542038],[129.401672,35.541749],[129.402718,35.541466],[129.403766,35.541186],[129.404816,35.540912],[129.405868,35.540642],[129.406921,35.540376],[129.407977,35.540115],[129.409034,35.539859],[129.410092,35.539608],[129.411152,35.539361],[129.412214,35.539119],[129.413278,35.538882],[129.414343,35.538649],[129.415409,35.538421],[129.416477,35.538198],[129.417546,35.537979],[129.418617,35.537765],[129.41969,35.537556],[129.420763,35.537351],[129.421838,35.537152],[129.422914,35.536956],[129.423992,35.536766],[129.42507,35.536581],[129.42615,35.5364],[129.427231,35.536224],[129.428314,35.536053],[129.429397,35.535886],[129.430481,35.535724],[129.431567,35.535567],[129.432653,35.535415],[129.433741,35.535268],[129.434829,35.535125],[129.435919,35.534988],[129.437009,35.534855],[129.4381,35.534726],[129.439192,35.534603],[129.440285,35.534484],[129.441378,35.534371],[129.442472,35.534262],[129.443567,35.534158],[129.444663,35.534058],[129.445759,35.533964],[129.446856,35.533874],[129.447953,35.533789],[129.449051,35.533709],[129.45015,35.533634],[129.451249,35.533564],[129.452348,35.533499],[129.453448,35.533438],[129.454548,35.533382],[129.455649,35.533331],[129.45675,35.533285],[129.457851,35.533244],[129.458952,35.533207],[129.460054,35.533176],[129.461156,35.533149],[129.462258,35.533127],[129.46336,35.53311],[129.464462,35.533098],[129.465564,35.533091],[129.466666,35.533089],[129.467769,35.533091],[129.468871,35.533098],[129.469973,35.53311],[129.471075,35.533127],[129.472177,35.533149],[129.473279,35.533176],[129.474381,35.533207],[129.475482,35.533244],[129.476583,35.533285],[129.477684,35.533331],[129.478785,35.533382],[129.479885,35.533438],[129.480985,35.533498],[129.482084,35.533564],[129.483183,35.533634],[129.484281,35.533709],[129.485379,35.533789],[129.486477,35.533874],[129.487574,35.533964],[129.48867,35.534058],[129.489765,35.534158],[129.49086,35.534262],[129.491955,35.534371],[129.493048,35.534484],[129.494141,35.534603],[129.495233,35.534726],[129.496324,35.534855],[129.497414,35.534988],[129.498503,35.535125],[129.499592,35.535268],[129.500679,35.535415],[129.501766,35.535567],[129.502851,35.535724],[129.503936,35.535886],[129.505019,35.536053],[129.506101,35.536224],[129.507182,35.5364],[129.508262,35.536581],[129.509341,35.536766],[129.510419,35.536956],[129.511495,35.537151],[129.51257,35.537351],[129.513643,35.537556],[129.514716,35.537765],[129.515786,35.537979],[129.516856,35.538197],[129.517924,35.538421],[129.51899,35.538649],[129.520055,35.538882],[129.521119,35.539119],[129.52218,35.539361],[129.523241,35.539608],[129.524299,35.539859],[129.525356,35.540115],[129.526411,35.540376],[129.527465,35.540641],[129.528517,35.540912],[129.529567,35.541186],[129.530615,35.541465],[129.531661,35.541749],[129.532705,35.542038],[129.533748,35.542331],[129.534788,35.542629],[129.535827,35.542931],[129.536863,35.543238],[129.537898,35.543549],[129.53893,35.543865],[129.539961,35.544185],[129.540989,35.54451],[129.542015,35.54484],[129.543039,35.545174],[129.544061,35.545512],[129.54508,35.545855],[129.546097,35.546203],[129.547112,35.546555],[129.548125,35.546911],[129.549135,35.547272],[129.550143,35.547638],[129.551148,35.548007],[129.552151,35.548382],[129.553152,35.54876],[129.554149,35.549143],[129.555145,35.549531],[129.556138,35.549922],[129.557128,35.550318],[129.558116,35.550719],[129.559101,35.551124],[129.560083,35.551533],[129.561063,35.551946],[129.562039,35.552364],[129.563014,35.552786],[129.563985,35.553213],[129.564953,35.553643],[129.565919,35.554078],[129.566882,35.554517],[129.567842,35.554961],[129.568799,35.555408],[129.569752,35.55586],[129.570703,35.556316],[129.571651,35.556776],[129.572596,35.557241],[129.573538,35.557709],[129.574477,35.558182],[129.575413,35.558659],[129.576345,35.559139],[129.577274,35.559624],[129.5782,35.560113],[129.579123,35.560607],[129.580043,35.561104],[129.580959,35.561605],[129.581872,35.56211],[129.582782,35.56262],[129.583688,35.563133],[129.584591,35.56365],[129.585491,35.564171],[129.586387,35.564696],[129.587279,35.565226],[129.588168,35.565759],[129.589054,35.566296],[129.589936,35.566836],[129.590814,35.567381],[129.591689,35.56793],[129.59256,35.568482],[129.593428,35.569038],[129.594292,35.569598],[129.595152,35.570162],[129.596008,35.57073],[129.596861,35.571301],[129.59771,35.571876],[129.598555,35.572455],[129.599396,35.573038],[129.600234,35.573624],[129.601067,35.574214],[129.601897,35.574808],[129.602723,35.575405],[129.603545,35.576006],[129.604363,35.57661],[129.605176,35.577218],[129.605986,35.57783],[129.606792,35.578445],[129.607594,35.579064],[129.608391,35.579686],[129.609185,35.580312],[129.609974,35.580941],[129.61076,35.581574],[129.611541,35.58221],[129.612318,35.58285],[129.61309,35.583493],[129.613859,35.584139],[129.614623,35.584789],[129.615382,35.585442],[129.616138,35.586099],[129.616889,35.586758],[129.617636,35.587422],[129.618378,35.588088],[129.619116,35.588758],[129.61985,35.58943],[129.620579,35.590107],[129.621304,35.590786],[129.622024,35.591468],[129.62274,35.592154],[129.623451,35.592843],[129.624158,35.593535],[129.62486,35.59423],[129.625557,35.594928],[129.62625,35.595629],[129.626938,35.596333],[129.627622,35.59704],[129.628301,35.59775],[129.628975,35.598464],[129.629644,35.59918],[129.630309,35.599899],[129.630969,35.600621],[129.631624,35.601346],[129.632275,35.602073],[129.63292,35.602804],[129.633561,35.603538],[129.634197,35.604274],[129.634828,35.605013],[129.635454,35.605755],[129.636076,35.606499],[129.636692,35.607246],[129.637304,35.607996],[129.63791,35.608749],[129.638512,35.609504],[129.639108,35.610262],[129.6397,35.611023],[129.640286,35.611786],[129.640868,35.612552],[129.641444,35.61332],[129.642015,35.614091],[129.642582,35.614864],[129.643143,35.61564],[129.643699,35.616418],[129.64425,35.617199],[129.644795,35.617982],[129.645336,35.618768],[129.645871,35.619556],[129.646401,35.620346],[129.646926,35.621138],[129.647446,35.621933],[129.64796,35.62273],[129.64847,35.62353],[129.648974,35.624331],[129.649472,35.625135],[129.649965,35.625941],[129.650453,35.626749],[129.650936,35.62756],[129.651413,35.628372],[129.651885,35.629187],[129.652352,35.630003],[129.652813,35.630822],[129.653268,35.631642],[129.653719,35.632465],[129.654163,35.63329],[129.654603,35.634116],[129.655037,35.634945],[129.655465,35.635775],[129.655888,35.636607],[129.656306,35.637441],[129.656718,35.638277],[129.657124,35.639115],[129.657525,35.639954],[129.65792,35.640796],[129.65831,35.641639],[129.658694,35.642483],[129.659073,35.64333],[129.659446,35.644178],[129.659813,35.645027],[129.660175,35.645878],[129.660531,35.646731],[129.660882,35.647586],[129.661227,35.648442],[129.661566,35.649299],[129.661899,35.650158],[129.662227,35.651018],[129.66255,35.65188],[129.662866,35.652743],[129.663177,35.653608],[129.663482,35.654474],[129.663781,35.655341],[129.664075,35.656209],[129.664363,35.657079],[129.664645,35.65795],[129.664921,35.658823],[129.665192,35.659696],[129.665457,35.660571],[129.665716,35.661447],[129.665969,35.662324],[129.666216,35.663202],[129.666458,35.664081],[129.666694,35.664961],[129.666924,35.665843],[129.667148,35.666725],[129.667366,35.667608],[129.667579,35.668492],[129.667786,35.669377],[129.667986,35.670263],[129.668181,35.67115],[129.66837,35.672038],[129.668554,35.672926],[129.668731,35.673816],[129.668902,35.674706],[129.669068,35.675596],[129.669228,35.676488],[129.669381,35.67738],[129.669529,35.678273],[129.669671,35.679167],[129.669807,35.680061],[129.669938,35.680956],[129.670062,35.681851],[129.67018,35.682747],[129.670292,35.683643],[129.670399,35.68454],[129.670499,35.685437],[129.670594,35.686335],[129.670683,35.687233],[129.670765,35.688131],[129.670842,35.68903],[129.670913,35.689929],[129.670978,35.690829],[129.671037,35.691729],[129.67109,35.692628],[129.671137,35.693529],[129.671178,35.694429],[129.671213,35.69533],[129.671242,35.69623],[129.671265,35.697131],[129.671282,35.698032],[129.671294,35.698933],[129.671299,35.699834],[129.671298,35.700735],[129.671291,35.701636],[129.671279,35.702537],[129.67126,35.703438],[129.671236,35.704339],[129.671205,35.705239],[129.671169,35.70614],[129.671126,35.70704],[129.671078,35.70794],[129.671024,35.70884],[129.670963,35.70974],[129.670897,35.710639],[129.670825,35.711538],[129.670747,35.712437],[129.670663,35.713335],[129.670573,35.714233],[129.670477,35.715131],[129.670375,35.716028],[129.670267,35.716925],[129.670153,35.717821],[129.670033,35.718717],[129.669908,35.719612],[129.669776,35.720506],[129.669639,35.7214],[129.669495,35.722294],[129.669346,35.723187],[129.669191,35.724079],[129.669029,35.72497],[129.668862,35.725861],[129.668689,35.726751],[129.668511,35.72764],[129.668326,35.728528],[129.668135,35.729415],[129.667939,35.730302],[129.667736,35.731188],[129.667528,35.732073],[129.667314,35.732957],[129.667094,35.73384],[129.666868,35.734722],[129.666637,35.735603],[129.666399,35.736483],[129.666156,35.737361],[129.665907,35.738239],[129.665652,35.739116],[129.665391,35.739991],[129.665125,35.740866],[129.664852,35.741739],[129.664574,35.742611],[129.66429,35.743482],[129.664001,35.744351],[129.663705,35.74522],[129.663404,35.746086],[129.663097,35.746952],[129.662784,35.747816],[129.662466,35.748679],[129.662142,35.74954],[129.661812,35.7504],[129.661477,35.751259],[129.661136,35.752116],[129.660789,35.752971],[129.660436,35.753825],[129.660078,35.754678],[129.659714,35.755529],[129.659345,35.756378],[129.65897,35.757225],[129.658589,35.758071],[129.658203,35.758915],[129.657811,35.759758],[129.657413,35.760598],[129.65701,35.761437],[129.656602,35.762275],[129.656187,35.76311],[129.655768,35.763944],[129.655343,35.764775],[129.654912,35.765605],[129.654476,35.766433],[129.654034,35.767259],[129.653587,35.768083],[129.653134,35.768905],[129.652676,35.769725],[129.652212,35.770543],[129.651744,35.771359],[129.651269,35.772173],[129.650789,35.772984],[129.650304,35.773794],[129.649814,35.774601],[129.649318,35.775407],[129.648817,35.77621],[129.64831,35.777011],[129.647798,35.777809],[129.647281,35.778606],[129.646759,35.7794],[129.646231,35.780192],[129.645698,35.780981],[129.64516,35.781768],[129.644617,35.782553],[129.644068,35.783335],[129.643515,35.784115],[129.642956,35.784893],[129.642392,35.785668],[129.641823,35.78644],[129.641248,35.78721],[129.640669,35.787977],[129.640084,35.788742],[129.639495,35.789504],[129.6389,35.790264],[129.638301,35.791021],[129.637696,35.791775],[129.637086,35.792527],[129.636472,35.793276],[129.635852,35.794022],[129.635227,35.794766],[129.634598,35.795507],[129.633963,35.796245],[129.633324,35.79698],[129.63268,35.797712],[129.632031,35.798442],[129.631377,35.799169],[129.630718,35.799892],[129.630055,35.800613],[129.629387,35.801331],[129.628714,35.802046],[129.628036,35.802758],[129.627353,35.803467],[129.626666,35.804173],[129.625974,35.804876],[129.625278,35.805576],[129.624577,35.806273],[129.623871,35.806966],[129.623161,35.807657],[129.622446,35.808344],[129.621726,35.809029],[129.621002,35.80971],[129.620273,35.810388],[129.61954,35.811063],[129.618803,35.811734],[129.618061,35.812402],[129.617315,35.813067],[129.616564,35.813729],[129.615808,35.814387],[129.615049,35.815042],[129.614285,35.815694],[129.613517,35.816342],[129.612744,35.816987],[129.611967,35.817628],[129.611186,35.818266],[129.610401,35.818901],[129.609612,35.819532],[129.608818,35.82016],[129.60802,35.820784],[129.607218,35.821405],[129.606412,35.822022],[129.605602,35.822635],[129.604788,35.823245],[129.603969,35.823851],[129.603147,35.824454],[129.602321,35.825053],[129.60149,35.825649],[129.600656,35.82624],[129.599818,35.826829],[129.598976,35.827413],[129.59813,35.827994],[129.59728,35.828571],[129.596427,35.829144],[129.595569,35.829713],[129.594708,35.830279],[129.593843,35.830841],[129.592975,35.831399],[129.592102,35.831953],[129.591226,35.832503],[129.590347,35.83305],[129.589463,35.833592],[129.588576,35.834131],[129.587686,35.834666],[129.586792,35.835197],[129.585895,35.835724],[129.584994,35.836247],[129.584089,35.836766],[129.583181,35.837281],[129.58227,35.837792],[129.581355,35.838299],[129.580437,35.838802],[129.579516,35.839301],[129.578591,35.839795],[129.577663,35.840286],[129.576732,35.840773],[129.575797,35.841255],[129.57486,35.841734],[129.573919,35.842208],[129.572975,35.842678],[129.572028,35.843144],[129.571078,35.843606],[129.570125,35.844064],[129.569168,35.844517],[129.568209,35.844966],[129.567247,35.845411],[129.566282,35.845852],[129.565314,35.846288],[129.564343,35.846721],[129.563369,35.847149],[129.562392,35.847572],[129.561413,35.847992],[129.56043,35.848407],[129.559445,35.848817],[129.558458,35.849224],[129.557467,35.849626],[129.556474,35.850023],[129.555478,35.850416],[129.55448,35.850805],[129.553479,35.85119],[129.552476,35.85157],[129.55147,35.851945],[129.550461,35.852316],[129.549451,35.852683],[129.548437,35.853045],[129.547421,35.853403],[129.546403,35.853756],[129.545383,35.854105],[129.54436,35.85445],[129.543335,35.854789],[129.542308,35.855125],[129.541279,35.855456],[129.540247,35.855782],[129.539213,35.856103],[129.538177,35.856421],[129.537139,35.856733],[129.536099,35.857041],[129.535057,35.857345],[129.534013,35.857643],[129.532967,35.857938],[129.531919,35.858227],[129.530869,35.858512],[129.529817,35.858793],[129.528763,35.859068],[129.527708,35.859339],[129.526651,35.859606],[129.525591,35.859868],[129.524531,35.860125],[129.523468,35.860377],[129.522404,35.860625],[129.521338,35.860868],[129.520271,35.861106],[129.519202,35.86134],[129.518131,35.861569],[129.517059,35.861793],[129.515986,35.862013],[129.514911,35.862228],[129.513835,35.862438],[129.512757,35.862643],[129.511678,35.862843],[129.510598,35.863039],[129.509516,35.86323],[129.508433,35.863417],[129.507349,35.863598],[129.506263,35.863775],[129.505177,35.863947],[129.504089,35.864114],[129.503001,35.864276],[129.501911,35.864434],[129.50082,35.864587],[129.499728,35.864735],[129.498635,35.864878],[129.497542,35.865016],[129.496447,35.86515],[129.495351,35.865278],[129.494255,35.865402],[129.493158,35.865521],[129.49206,35.865635],[129.490961,35.865745],[129.489862,35.865849],[129.488762,35.865949],[129.487661,35.866044],[129.48656,35.866134],[129.485458,35.866219],[129.484355,35.866299],[129.483252,35.866375],[129.482149,35.866446],[129.481045,35.866511],[129.47994,35.866572],[129.478836,35.866628],[129.47773,35.866679],[129.476625,35.866726],[129.475519,35.866767],[129.474413,35.866804],[129.473307,35.866835],[129.472201,35.866862],[129.471094,35.866884],[129.469987,35.866901],[129.468881,35.866913],[129.467774,35.86692],[129.466667,35.866923]]]]}},{"type":"Feature","properties":{"ident":"P63A","name":"P63A","type":null,"airspaceClass":null,"upper":"10 000 AMSL","upperFt":10000,"upperRef":"AMSL","lower":"SFC","lowerFt":0,"lowerRef":"SFC","remarks":"P63A","prh_lbl_1":"P63A","prh_lbl_2":"10 000 AMSL","prh_lbl_3":"SFC","prh_lbl_4":"임시비행금지구역","category":"원자력발전소","source":"국토교통부 공역정보 KMZ","cycle":"AIP 2026년 10차"},"geometry":{"type":"MultiPolygon","coordinates":[[[[126.408057,35.441458],[126.406957,35.441446],[126.405858,35.44141],[126.40476,35.441349],[126.403665,35.441264],[126.402573,35.441155],[126.401485,35.441022],[126.400402,35.440865],[126.399324,35.440684],[126.398253,35.44048],[126.397189,35.440252],[126.396133,35.44],[126.395085,35.439725],[126.394047,35.439427],[126.393019,35.439107],[126.392002,35.438763],[126.390997,35.438398],[126.390004,35.43801],[126.389025,35.437601],[126.388059,35.43717],[126.387108,35.436718],[126.386172,35.436245],[126.385252,35.435752],[126.384348,35.435238],[126.383462,35.434705],[126.382594,35.434153],[126.381744,35.433581],[126.380913,35.432991],[126.380102,35.432383],[126.379312,35.431757],[126.378542,35.431114],[126.377794,35.430454],[126.377068,35.429778],[126.376365,35.429086],[126.375684,35.428378],[126.375027,35.427656],[126.374394,35.42692],[126.373786,35.42617],[126.373202,35.425407],[126.372644,35.424631],[126.372112,35.423844],[126.371606,35.423044],[126.371126,35.422234],[126.370673,35.421414],[126.370248,35.420584],[126.36985,35.419745],[126.369479,35.418897],[126.369137,35.418042],[126.368823,35.417179],[126.368538,35.41631],[126.368281,35.415434],[126.368053,35.414553],[126.367855,35.413668],[126.367685,35.412779],[126.367545,35.411886],[126.367435,35.41099],[126.367354,35.410092],[126.367302,35.409193],[126.36728,35.408293],[126.367288,35.407393],[126.367326,35.406493],[126.367393,35.405595],[126.36749,35.404698],[126.367616,35.403804],[126.367771,35.402912],[126.367956,35.402025],[126.36817,35.401142],[126.368413,35.400264],[126.368685,35.399392],[126.368986,35.398526],[126.369314,35.397667],[126.369671,35.396815],[126.370056,35.395972],[126.370469,35.395138],[126.370909,35.394313],[126.371376,35.393498],[126.371869,35.392693],[126.372389,35.3919],[126.372935,35.391119],[126.373506,35.390349],[126.374102,35.389593],[126.374723,35.38885],[126.375369,35.388122],[126.376038,35.387407],[126.37673,35.386708],[126.377445,35.386024],[126.378182,35.385356],[126.378941,35.384705],[126.379721,35.384071],[126.380522,35.383454],[126.381343,35.382855],[126.382183,35.382275],[126.383042,35.381713],[126.383919,35.381171],[126.384813,35.380647],[126.385725,35.380144],[126.386653,35.379662],[126.387596,35.379199],[126.388554,35.378758],[126.389526,35.378338],[126.390512,35.37794],[126.391511,35.377564],[126.392521,35.37721],[126.393543,35.376878],[126.394575,35.376569],[126.395617,35.376283],[126.396669,35.37602],[126.397728,35.37578],[126.398795,35.375564],[126.399869,35.375371],[126.400948,35.375202],[126.402033,35.375057],[126.403122,35.374936],[126.404215,35.374839],[126.405311,35.374767],[126.406408,35.374718],[126.407507,35.374694],[126.408606,35.374694],[126.409705,35.374718],[126.410802,35.374767],[126.411898,35.374839],[126.41299,35.374936],[126.41408,35.375057],[126.415164,35.375202],[126.416244,35.375371],[126.417318,35.375564],[126.418385,35.37578],[126.419444,35.37602],[126.420495,35.376283],[126.421537,35.376569],[126.42257,35.376878],[126.423592,35.37721],[126.424602,35.377564],[126.425601,35.37794],[126.426586,35.378338],[126.427559,35.378758],[126.428517,35.379199],[126.42946,35.379661],[126.430388,35.380144],[126.431299,35.380647],[126.432194,35.38117],[126.433071,35.381713],[126.43393,35.382275],[126.43477,35.382855],[126.435591,35.383454],[126.436392,35.384071],[126.437172,35.384705],[126.437931,35.385356],[126.438668,35.386024],[126.439383,35.386708],[126.440075,35.387407],[126.440744,35.388121],[126.441389,35.38885],[126.442011,35.389593],[126.442607,35.390349],[126.443178,35.391118],[126.443724,35.3919],[126.444244,35.392693],[126.444737,35.393498],[126.445204,35.394313],[126.445644,35.395138],[126.446056,35.395972],[126.446441,35.396815],[126.446798,35.397667],[126.447127,35.398526],[126.447428,35.399392],[126.4477,35.400264],[126.447943,35.401142],[126.448157,35.402025],[126.448341,35.402912],[126.448497,35.403803],[126.448623,35.404698],[126.44872,35.405594],[126.448787,35.406493],[126.448825,35.407393],[126.448832,35.408293],[126.448811,35.409193],[126.448759,35.410092],[126.448678,35.41099],[126.448568,35.411886],[126.448428,35.412778],[126.448258,35.413668],[126.44806,35.414553],[126.447832,35.415434],[126.447575,35.416309],[126.44729,35.417179],[126.446976,35.418041],[126.446634,35.418897],[126.446263,35.419745],[126.445865,35.420584],[126.44544,35.421414],[126.444987,35.422234],[126.444507,35.423044],[126.444001,35.423844],[126.443469,35.424631],[126.442911,35.425407],[126.442327,35.42617],[126.441719,35.42692],[126.441086,35.427656],[126.440429,35.428378],[126.439749,35.429085],[126.439045,35.429777],[126.438319,35.430454],[126.437571,35.431113],[126.436801,35.431757],[126.436011,35.432382],[126.4352,35.432991],[126.434369,35.433581],[126.433519,35.434152],[126.432651,35.434705],[126.431765,35.435238],[126.430861,35.435752],[126.429941,35.436245],[126.429005,35.436718],[126.428054,35.43717],[126.427088,35.437601],[126.426109,35.43801],[126.425116,35.438398],[126.424111,35.438763],[126.423094,35.439107],[126.422066,35.439427],[126.421028,35.439725],[126.41998,35.44],[126.418924,35.440251],[126.41786,35.44048],[126.416789,35.440684],[126.415711,35.440865],[126.414628,35.441022],[126.41354,35.441155],[126.412448,35.441264],[126.411353,35.441349],[126.410256,35.44141],[126.409156,35.441446],[126.408057,35.441458]]]]}},{"type":"Feature","properties":{"ident":"P63B","name":"P63B","type":null,"airspaceClass":null,"upper":"FL 180","upperFt":18000,"upperRef":"FL","lower":"SFC","lowerFt":0,"lowerRef":"SFC","remarks":"P63B","prh_lbl_1":"P63B","prh_lbl_2":"FL 180","prh_lbl_3":"SFC","prh_lbl_4":"임시비행금지구역","category":"원자력발전소","source":"국토교통부 공역정보 KMZ","cycle":"AIP 2026년 10차"},"geometry":{"type":"MultiPolygon","coordinates":[[[[126.408057,35.574991],[126.406954,35.574989],[126.405851,35.574982],[126.404749,35.57497],[126.403646,35.574953],[126.402543,35.574931],[126.401441,35.574904],[126.400339,35.574872],[126.399237,35.574836],[126.398135,35.574794],[126.397034,35.574748],[126.395933,35.574697],[126.394832,35.574641],[126.393732,35.57458],[126.392632,35.574514],[126.391533,35.574444],[126.390434,35.574368],[126.389335,35.574288],[126.388237,35.574203],[126.38714,35.574113],[126.386043,35.574018],[126.384947,35.573918],[126.383852,35.573814],[126.382757,35.573704],[126.381663,35.57359],[126.38057,35.573471],[126.379478,35.573347],[126.378387,35.573218],[126.377296,35.573085],[126.376206,35.572946],[126.375117,35.572803],[126.37403,35.572655],[126.372943,35.572503],[126.371857,35.572345],[126.370772,35.572183],[126.369689,35.572015],[126.368606,35.571843],[126.367525,35.571667],[126.366444,35.571485],[126.365366,35.571299],[126.364288,35.571108],[126.363211,35.570912],[126.362136,35.570712],[126.361063,35.570506],[126.35999,35.570296],[126.358919,35.570081],[126.35785,35.569862],[126.356782,35.569638],[126.355715,35.569409],[126.35465,35.569175],[126.353587,35.568937],[126.352525,35.568694],[126.351464,35.568446],[126.350406,35.568194],[126.349349,35.567936],[126.348294,35.567675],[126.34724,35.567408],[126.346189,35.567137],[126.345139,35.566861],[126.344091,35.566581],[126.343045,35.566296],[126.342001,35.566006],[126.340958,35.565712],[126.339918,35.565413],[126.33888,35.56511],[126.337844,35.564802],[126.336809,35.564489],[126.335777,35.564172],[126.334747,35.563851],[126.333719,35.563524],[126.332694,35.563194],[126.33167,35.562858],[126.330649,35.562519],[126.32963,35.562174],[126.328613,35.561825],[126.327599,35.561472],[126.326587,35.561114],[126.325578,35.560752],[126.32457,35.560385],[126.323566,35.560014],[126.322563,35.559639],[126.321564,35.559259],[126.320567,35.558874],[126.319572,35.558485],[126.31858,35.558092],[126.31759,35.557694],[126.316604,35.557293],[126.31562,35.556886],[126.314638,35.556476],[126.313659,35.556061],[126.312684,35.555641],[126.31171,35.555218],[126.31074,35.55479],[126.309773,35.554358],[126.308808,35.553921],[126.307847,35.55348],[126.306888,35.553035],[126.305932,35.552586],[126.304979,35.552133],[126.30403,35.551675],[126.303083,35.551213],[126.302139,35.550747],[126.301199,35.550277],[126.300262,35.549803],[126.299327,35.549325],[126.298396,35.548842],[126.297469,35.548355],[126.296544,35.547865],[126.295623,35.54737],[126.294705,35.546871],[126.29379,35.546368],[126.292879,35.545861],[126.291971,35.54535],[126.291066,35.544835],[126.290165,35.544316],[126.289267,35.543793],[126.288373,35.543266],[126.287482,35.542735],[126.286595,35.5422],[126.285711,35.541662],[126.284831,35.541119],[126.283955,35.540573],[126.283082,35.540022],[126.282213,35.539468],[126.281348,35.53891],[126.280486,35.538348],[126.279628,35.537782],[126.278774,35.537213],[126.277923,35.53664],[126.277076,35.536063],[126.276234,35.535482],[126.275395,35.534898],[126.27456,35.53431],[126.273728,35.533718],[126.272901,35.533122],[126.272078,35.532523],[126.271259,35.531921],[126.270443,35.531314],[126.269632,35.530704],[126.268825,35.530091],[126.268022,35.529474],[126.267223,35.528853],[126.266428,35.528229],[126.265637,35.527601],[126.26485,35.52697],[126.264068,35.526336],[126.26329,35.525698],[126.262516,35.525056],[126.261746,35.524411],[126.260981,35.523763],[126.260219,35.523111],[126.259463,35.522456],[126.25871,35.521798],[126.257962,35.521137],[126.257218,35.520472],[126.256479,35.519803],[126.255744,35.519132],[126.255014,35.518457],[126.254288,35.517779],[126.253567,35.517098],[126.25285,35.516414],[126.252137,35.515726],[126.25143,35.515036],[126.250726,35.514342],[126.250028,35.513645],[126.249334,35.512945],[126.248645,35.512242],[126.24796,35.511536],[126.24728,35.510827],[126.246605,35.510115],[126.245934,35.5094],[126.245268,35.508683],[126.244607,35.507962],[126.243951,35.507238],[126.243299,35.506511],[126.242653,35.505782],[126.242011,35.505049],[126.241374,35.504314],[126.240742,35.503576],[126.240115,35.502835],[126.239492,35.502092],[126.238875,35.501346],[126.238262,35.500597],[126.237655,35.499845],[126.237053,35.499091],[126.236455,35.498333],[126.235863,35.497574],[126.235275,35.496812],[126.234693,35.496047],[126.234116,35.495279],[126.233543,35.494509],[126.232976,35.493737],[126.232414,35.492962],[126.231857,35.492185],[126.231306,35.491405],[126.230759,35.490622],[126.230218,35.489838],[126.229682,35.489051],[126.229151,35.488261],[126.228625,35.487469],[126.228104,35.486675],[126.227589,35.485879],[126.227079,35.48508],[126.226575,35.484279],[126.226075,35.483476],[126.225581,35.482671],[126.225092,35.481863],[126.224609,35.481054],[126.224131,35.480242],[126.223658,35.479428],[126.223191,35.478612],[126.222729,35.477794],[126.222273,35.476974],[126.221822,35.476152],[126.221376,35.475328],[126.220936,35.474502],[126.220502,35.473674],[126.220072,35.472845],[126.219649,35.472013],[126.21923,35.471179],[126.218818,35.470344],[126.218411,35.469507],[126.218009,35.468668],[126.217613,35.467827],[126.217223,35.466985],[126.216838,35.466141],[126.216458,35.465295],[126.216085,35.464447],[126.215716,35.463598],[126.215354,35.462747],[126.214997,35.461895],[126.214646,35.461041],[126.2143,35.460185],[126.21396,35.459328],[126.213626,35.45847],[126.213297,35.45761],[126.212974,35.456748],[126.212657,35.455886],[126.212346,35.455021],[126.21204,35.454156],[126.21174,35.453289],[126.211445,35.452421],[126.211157,35.451551],[126.210874,35.45068],[126.210597,35.449808],[126.210325,35.448935],[126.21006,35.448061],[126.2098,35.447185],[126.209546,35.446309],[126.209298,35.445431],[126.209055,35.444552],[126.208819,35.443672],[126.208588,35.442791],[126.208363,35.441909],[126.208144,35.441026],[126.20793,35.440142],[126.207723,35.439257],[126.207521,35.438371],[126.207325,35.437485],[126.207136,35.436597],[126.206951,35.435709],[126.206773,35.43482],[126.206601,35.43393],[126.206434,35.433039],[126.206274,35.432148],[126.206119,35.431256],[126.20597,35.430363],[126.205827,35.42947],[126.20569,35.428576],[126.205559,35.427681],[126.205434,35.426786],[126.205315,35.42589],[126.205201,35.424994],[126.205094,35.424097],[126.204992,35.4232],[126.204896,35.422303],[126.204807,35.421405],[126.204723,35.420506],[126.204645,35.419607],[126.204573,35.418708],[126.204507,35.417809],[126.204447,35.416909],[126.204393,35.416009],[126.204345,35.415109],[126.204302,35.414209],[126.204266,35.413308],[126.204236,35.412408],[126.204211,35.411507],[126.204193,35.410606],[126.20418,35.409705],[126.204173,35.408804],[126.204173,35.407903],[126.204178,35.407002],[126.204189,35.406101],[126.204206,35.4052],[126.204229,35.404299],[126.204258,35.403399],[126.204293,35.402498],[126.204334,35.401598],[126.204381,35.400697],[126.204434,35.399797],[126.204492,35.398898],[126.204557,35.397998],[126.204627,35.397099],[126.204704,35.3962],[126.204786,35.395302],[126.204874,35.394404],[126.204969,35.393506],[126.205069,35.392609],[126.205175,35.391712],[126.205287,35.390816],[126.205405,35.38992],[126.205528,35.389024],[126.205658,35.38813],[126.205794,35.387235],[126.205935,35.386342],[126.206082,35.385449],[126.206235,35.384557],[126.206395,35.383665],[126.206559,35.382774],[126.20673,35.381884],[126.206907,35.380995],[126.207089,35.380106],[126.207278,35.379219],[126.207472,35.378332],[126.207672,35.377446],[126.207878,35.376561],[126.20809,35.375677],[126.208307,35.374793],[126.20853,35.373911],[126.20876,35.37303],[126.208995,35.37215],[126.209235,35.37127],[126.209482,35.370392],[126.209734,35.369515],[126.209992,35.368639],[126.210256,35.367765],[126.210526,35.366891],[126.210801,35.366019],[126.211082,35.365148],[126.211369,35.364278],[126.211661,35.363409],[126.21196,35.362542],[126.212264,35.361676],[126.212573,35.360812],[126.212888,35.359948],[126.213209,35.359087],[126.213536,35.358226],[126.213868,35.357367],[126.214206,35.35651],[126.21455,35.355654],[126.214899,35.3548],[126.215254,35.353947],[126.215615,35.353095],[126.215981,35.352246],[126.216352,35.351398],[126.21673,35.350551],[126.217112,35.349707],[126.217501,35.348864],[126.217894,35.348023],[126.218294,35.347183],[126.218699,35.346345],[126.219109,35.345509],[126.219525,35.344675],[126.219947,35.343843],[126.220373,35.343013],[126.220806,35.342184],[126.221243,35.341358],[126.221687,35.340533],[126.222135,35.33971],[126.222589,35.33889],[126.223049,35.338071],[126.223513,35.337255],[126.223984,35.33644],[126.224459,35.335628],[126.22494,35.334817],[126.225426,35.334009],[126.225917,35.333203],[126.226414,35.332399],[126.226916,35.331598],[126.227423,35.330798],[126.227936,35.330001],[126.228454,35.329206],[126.228977,35.328414],[126.229505,35.327623],[126.230038,35.326836],[126.230577,35.32605],[126.231121,35.325267],[126.231669,35.324486],[126.232223,35.323708],[126.232782,35.322932],[126.233347,35.322159],[126.233916,35.321388],[126.23449,35.32062],[126.235069,35.319854],[126.235654,35.319091],[126.236243,35.31833],[126.236838,35.317572],[126.237437,35.316817],[126.238041,35.316064],[126.23865,35.315314],[126.239264,35.314567],[126.239884,35.313822],[126.240507,35.31308],[126.241136,35.312341],[126.24177,35.311605],[126.242408,35.310871],[126.243052,35.310141],[126.2437,35.309413],[126.244352,35.308688],[126.24501,35.307966],[126.245672,35.307247],[126.246339,35.306531],[126.247011,35.305818],[126.247688,35.305107],[126.248369,35.3044],[126.249054,35.303696],[126.249745,35.302995],[126.250439,35.302297],[126.251139,35.301602],[126.251843,35.30091],[126.252552,35.300221],[126.253265,35.299535],[126.253982,35.298853],[126.254704,35.298174],[126.255431,35.297497],[126.256162,35.296825],[126.256897,35.296155],[126.257637,35.295489],[126.258381,35.294825],[126.259129,35.294166],[126.259882,35.293509],[126.260639,35.292856],[126.2614,35.292206],[126.262166,35.29156],[126.262936,35.290917],[126.26371,35.290277],[126.264488,35.289641],[126.26527,35.289008],[126.266057,35.288379],[126.266847,35.287753],[126.267642,35.287131],[126.268441,35.286512],[126.269244,35.285897],[126.270051,35.285285],[126.270861,35.284677],[126.271676,35.284072],[126.272495,35.283472],[126.273318,35.282874],[126.274144,35.282281],[126.274975,35.281691],[126.275809,35.281104],[126.276648,35.280522],[126.27749,35.279943],[126.278335,35.279368],[126.279185,35.278796],[126.280038,35.278229],[126.280895,35.277665],[126.281756,35.277105],[126.282621,35.276549],[126.283489,35.275996],[126.28436,35.275447],[126.285235,35.274903],[126.286114,35.274362],[126.286997,35.273825],[126.287882,35.273292],[126.288772,35.272763],[126.289664,35.272238],[126.290561,35.271716],[126.29146,35.271199],[126.292363,35.270686],[126.29327,35.270177],[126.294179,35.269671],[126.295092,35.26917],[126.296008,35.268673],[126.296928,35.26818],[126.297851,35.267691],[126.298777,35.267206],[126.299706,35.266725],[126.300638,35.266248],[126.301573,35.265775],[126.302512,35.265307],[126.303453,35.264842],[126.304398,35.264382],[126.305345,35.263926],[126.306296,35.263474],[126.307249,35.263027],[126.308205,35.262583],[126.309165,35.262144],[126.310127,35.261709],[126.311092,35.261279],[126.31206,35.260852],[126.31303,35.26043],[126.314003,35.260012],[126.314979,35.259599],[126.315958,35.25919],[126.31694,35.258785],[126.317924,35.258384],[126.31891,35.257988],[126.319899,35.257596],[126.320891,35.257209],[126.321886,35.256826],[126.322882,35.256447],[126.323882,35.256073],[126.324883,35.255703],[126.325887,35.255338],[126.326894,35.254977],[126.327903,35.254621],[126.328914,35.254269],[126.329927,35.253921],[126.330943,35.253578],[126.331961,35.253239],[126.332981,35.252905],[126.334004,35.252576],[126.335028,35.252251],[126.336055,35.25193],[126.337083,35.251615],[126.338114,35.251303],[126.339147,35.250996],[126.340182,35.250694],[126.341219,35.250396],[126.342257,35.250103],[126.343298,35.249815],[126.34434,35.249531],[126.345385,35.249252],[126.346431,35.248977],[126.347479,35.248707],[126.348528,35.248442],[126.34958,35.248181],[126.350633,35.247925],[126.351687,35.247673],[126.352744,35.247426],[126.353802,35.247184],[126.354861,35.246947],[126.355922,35.246714],[126.356985,35.246486],[126.358049,35.246263],[126.359115,35.246044],[126.360182,35.24583],[126.36125,35.245621],[126.36232,35.245417],[126.363391,35.245217],[126.364463,35.245022],[126.365536,35.244831],[126.366611,35.244646],[126.367687,35.244465],[126.368764,35.244289],[126.369843,35.244118],[126.370922,35.243951],[126.372003,35.24379],[126.373084,35.243633],[126.374167,35.24348],[126.37525,35.243333],[126.376335,35.243191],[126.37742,35.243053],[126.378506,35.24292],[126.379594,35.242792],[126.380682,35.242668],[126.38177,35.24255],[126.38286,35.242436],[126.38395,35.242327],[126.385041,35.242223],[126.386133,35.242123],[126.387225,35.242029],[126.388318,35.241939],[126.389411,35.241855],[126.390505,35.241775],[126.3916,35.241699],[126.392694,35.241629],[126.39379,35.241564],[126.394886,35.241503],[126.395982,35.241447],[126.397078,35.241396],[126.398175,35.24135],[126.399272,35.241309],[126.40037,35.241273],[126.401467,35.241241],[126.402565,35.241214],[126.403663,35.241192],[126.404761,35.241175],[126.405859,35.241163],[126.406958,35.241156],[126.408056,35.241154],[126.409154,35.241156],[126.410253,35.241163],[126.411351,35.241175],[126.412449,35.241192],[126.413547,35.241214],[126.414645,35.241241],[126.415742,35.241272],[126.41684,35.241309],[126.417937,35.24135],[126.419034,35.241396],[126.42013,35.241447],[126.421226,35.241503],[126.422322,35.241564],[126.423417,35.241629],[126.424512,35.241699],[126.425607,35.241774],[126.426701,35.241854],[126.427794,35.241939],[126.428887,35.242029],[126.429979,35.242123],[126.431071,35.242223],[126.432162,35.242327],[126.433252,35.242436],[126.434342,35.242549],[126.43543,35.242668],[126.436518,35.242791],[126.437606,35.24292],[126.438692,35.243053],[126.439777,35.24319],[126.440862,35.243333],[126.441945,35.24348],[126.443028,35.243633],[126.444109,35.243789],[126.44519,35.243951],[126.446269,35.244118],[126.447348,35.244289],[126.448425,35.244465],[126.449501,35.244646],[126.450575,35.244831],[126.451649,35.245022],[126.452721,35.245217],[126.453792,35.245416],[126.454862,35.245621],[126.45593,35.24583],[126.456997,35.246044],[126.458063,35.246263],[126.459127,35.246486],[126.46019,35.246714],[126.461251,35.246947],[126.46231,35.247184],[126.463368,35.247426],[126.464425,35.247673],[126.465479,35.247924],[126.466532,35.248181],[126.467584,35.248441],[126.468633,35.248707],[126.469681,35.248977],[126.470727,35.249251],[126.471772,35.249531],[126.472814,35.249815],[126.473855,35.250103],[126.474893,35.250396],[126.47593,35.250694],[126.476965,35.250996],[126.477998,35.251303],[126.479029,35.251614],[126.480057,35.25193],[126.481084,35.252251],[126.482108,35.252576],[126.483131,35.252905],[126.484151,35.253239],[126.485169,35.253578],[126.486185,35.253921],[126.487198,35.254268],[126.488209,35.25462],[126.489218,35.254977],[126.490225,35.255338],[126.491229,35.255703],[126.49223,35.256073],[126.49323,35.256447],[126.494227,35.256826],[126.495221,35.257209],[126.496213,35.257596],[126.497202,35.257988],[126.498188,35.258384],[126.499173,35.258784],[126.500154,35.259189],[126.501133,35.259598],[126.502109,35.260012],[126.503082,35.26043],[126.504053,35.260852],[126.50502,35.261278],[126.505985,35.261709],[126.506947,35.262144],[126.507907,35.262583],[126.508863,35.263026],[126.509816,35.263474],[126.510767,35.263926],[126.511714,35.264382],[126.512659,35.264842],[126.5136,35.265306],[126.514539,35.265775],[126.515474,35.266247],[126.516406,35.266724],[126.517336,35.267205],[126.518261,35.26769],[126.519184,35.268179],[126.520104,35.268672],[126.52102,35.26917],[126.521933,35.269671],[126.522843,35.270176],[126.523749,35.270685],[126.524652,35.271199],[126.525552,35.271716],[126.526448,35.272237],[126.52734,35.272762],[126.52823,35.273291],[126.529116,35.273824],[126.529998,35.274361],[126.530877,35.274902],[126.531752,35.275447],[126.532624,35.275996],[126.533492,35.276548],[126.534356,35.277104],[126.535217,35.277664],[126.536074,35.278228],[126.536927,35.278796],[126.537777,35.279367],[126.538623,35.279942],[126.539465,35.280521],[126.540303,35.281104],[126.541137,35.28169],[126.541968,35.28228],[126.542794,35.282874],[126.543617,35.283471],[126.544436,35.284072],[126.545251,35.284676],[126.546062,35.285285],[126.546869,35.285896],[126.547671,35.286511],[126.54847,35.28713],[126.549265,35.287752],[126.550056,35.288378],[126.550842,35.289008],[126.551624,35.28964],[126.552403,35.290277],[126.553177,35.290916],[126.553946,35.291559],[126.554712,35.292206],[126.555473,35.292855],[126.55623,35.293509],[126.556983,35.294165],[126.557732,35.294825],[126.558476,35.295488],[126.559215,35.296154],[126.559951,35.296824],[126.560682,35.297497],[126.561408,35.298173],[126.56213,35.298852],[126.562848,35.299535],[126.563561,35.30022],[126.564269,35.300909],[126.564973,35.301601],[126.565673,35.302296],[126.566368,35.302994],[126.567058,35.303695],[126.567744,35.3044],[126.568425,35.305107],[126.569101,35.305817],[126.569773,35.30653],[126.57044,35.307246],[126.571102,35.307965],[126.57176,35.308687],[126.572413,35.309412],[126.573061,35.31014],[126.573704,35.310871],[126.574343,35.311604],[126.574976,35.312341],[126.575605,35.31308],[126.576229,35.313821],[126.576848,35.314566],[126.577462,35.315313],[126.578071,35.316063],[126.578676,35.316816],[126.579275,35.317571],[126.579869,35.318329],[126.580459,35.31909],[126.581043,35.319853],[126.581622,35.320619],[126.582197,35.321387],[126.582766,35.322158],[126.58333,35.322931],[126.583889,35.323707],[126.584443,35.324485],[126.584992,35.325266],[126.585536,35.326049],[126.586074,35.326835],[126.586608,35.327623],[126.587136,35.328413],[126.587659,35.329206],[126.588176,35.33],[126.588689,35.330798],[126.589196,35.331597],[126.589698,35.332399],[126.590195,35.333202],[126.590686,35.334008],[126.591173,35.334817],[126.591653,35.335627],[126.592129,35.336439],[126.592599,35.337254],[126.593064,35.33807],[126.593523,35.338889],[126.593977,35.33971],[126.594426,35.340532],[126.594869,35.341357],[126.595307,35.342183],[126.595739,35.343012],[126.596166,35.343842],[126.596587,35.344675],[126.597003,35.345509],[126.597414,35.346345],[126.597819,35.347182],[126.598218,35.348022],[126.598612,35.348863],[126.599,35.349706],[126.599383,35.350551],[126.59976,35.351397],[126.600132,35.352245],[126.600498,35.353095],[126.600858,35.353946],[126.601213,35.354799],[126.601563,35.355653],[126.601906,35.356509],[126.602244,35.357367],[126.602576,35.358225],[126.602903,35.359086],[126.603224,35.359948],[126.603539,35.360811],[126.603849,35.361675],[126.604153,35.362541],[126.604451,35.363409],[126.604744,35.364277],[126.605031,35.365147],[126.605312,35.366018],[126.605587,35.36689],[126.605857,35.367764],[126.60612,35.368639],[126.606379,35.369515],[126.606631,35.370392],[126.606877,35.37127],[126.607118,35.372149],[126.607353,35.373029],[126.607582,35.37391],[126.607806,35.374793],[126.608023,35.375676],[126.608235,35.37656],[126.608441,35.377445],[126.608641,35.378331],[126.608835,35.379218],[126.609023,35.380106],[126.609206,35.380994],[126.609383,35.381884],[126.609553,35.382774],[126.609718,35.383664],[126.609877,35.384556],[126.610031,35.385448],[126.610178,35.386341],[126.610319,35.387235],[126.610455,35.388129],[126.610584,35.389024],[126.610708,35.389919],[126.610826,35.390815],[126.610938,35.391711],[126.611044,35.392608],[126.611144,35.393505],[126.611238,35.394403],[126.611327,35.395301],[126.611409,35.396199],[126.611486,35.397098],[126.611556,35.397997],[126.611621,35.398897],[126.611679,35.399797],[126.611732,35.400697],[126.611779,35.401597],[126.61182,35.402497],[126.611855,35.403398],[126.611884,35.404298],[126.611907,35.405199],[126.611924,35.4061],[126.611935,35.407001],[126.61194,35.407902],[126.61194,35.408803],[126.611933,35.409704],[126.61192,35.410605],[126.611902,35.411506],[126.611877,35.412407],[126.611847,35.413307],[126.611811,35.414208],[126.611768,35.415108],[126.61172,35.416009],[126.611666,35.416908],[126.611606,35.417808],[126.61154,35.418707],[126.611468,35.419607],[126.61139,35.420505],[126.611306,35.421404],[126.611217,35.422302],[126.611121,35.423199],[126.611019,35.424097],[126.610912,35.424993],[126.610798,35.425889],[126.610679,35.426785],[126.610554,35.42768],[126.610423,35.428575],[126.610286,35.429469],[126.610143,35.430362],[126.609994,35.431255],[126.609839,35.432147],[126.609679,35.433038],[126.609512,35.433929],[126.60934,35.434819],[126.609162,35.435708],[126.608978,35.436596],[126.608788,35.437484],[126.608592,35.438371],[126.60839,35.439256],[126.608183,35.440141],[126.607969,35.441025],[126.60775,35.441908],[126.607525,35.44279],[126.607294,35.443671],[126.607058,35.444551],[126.606815,35.44543],[126.606567,35.446308],[126.606313,35.447184],[126.606053,35.44806],[126.605788,35.448934],[126.605516,35.449808],[126.605239,35.45068],[126.604956,35.45155],[126.604668,35.45242],[126.604373,35.453288],[126.604073,35.454155],[126.603767,35.455021],[126.603456,35.455885],[126.603139,35.456748],[126.602816,35.457609],[126.602487,35.458469],[126.602153,35.459328],[126.601813,35.460185],[126.601467,35.46104],[126.601116,35.461894],[126.600759,35.462746],[126.600397,35.463597],[126.600029,35.464446],[126.599655,35.465294],[126.599276,35.46614],[126.598891,35.466984],[126.5985,35.467826],[126.598104,35.468667],[126.597703,35.469506],[126.597295,35.470343],[126.596883,35.471179],[126.596465,35.472012],[126.596041,35.472844],[126.595612,35.473674],[126.595177,35.474502],[126.594737,35.475328],[126.594291,35.476152],[126.59384,35.476974],[126.593384,35.477794],[126.592922,35.478612],[126.592455,35.479427],[126.591982,35.480241],[126.591504,35.481053],[126.591021,35.481863],[126.590532,35.48267],[126.590038,35.483475],[126.589539,35.484279],[126.589034,35.485079],[126.588524,35.485878],[126.588009,35.486675],[126.587489,35.487469],[126.586963,35.48826],[126.586432,35.48905],[126.585896,35.489837],[126.585354,35.490622],[126.584808,35.491404],[126.584256,35.492184],[126.583699,35.492961],[126.583137,35.493736],[126.58257,35.494509],[126.581998,35.495279],[126.581421,35.496046],[126.580838,35.496811],[126.580251,35.497573],[126.579658,35.498333],[126.579061,35.49909],[126.578458,35.499844],[126.577851,35.500596],[126.577239,35.501345],[126.576621,35.502091],[126.575999,35.502835],[126.575372,35.503576],[126.57474,35.504314],[126.574103,35.505049],[126.573461,35.505781],[126.572814,35.506511],[126.572163,35.507237],[126.571506,35.507961],[126.570845,35.508682],[126.57018,35.5094],[126.569509,35.510115],[126.568834,35.510827],[126.568154,35.511536],[126.567469,35.512242],[126.56678,35.512945],[126.566086,35.513645],[126.565387,35.514341],[126.564684,35.515035],[126.563976,35.515726],[126.563264,35.516413],[126.562547,35.517098],[126.561826,35.517779],[126.5611,35.518457],[126.560369,35.519131],[126.559634,35.519803],[126.558895,35.520471],[126.558151,35.521136],[126.557403,35.521798],[126.556651,35.522456],[126.555894,35.523111],[126.555133,35.523763],[126.554368,35.524411],[126.553598,35.525056],[126.552824,35.525697],[126.552046,35.526335],[126.551263,35.52697],[126.550477,35.527601],[126.549686,35.528229],[126.548891,35.528853],[126.548092,35.529473],[126.547289,35.53009],[126.546482,35.530704],[126.54567,35.531314],[126.544855,35.53192],[126.544036,35.532523],[126.543212,35.533122],[126.542385,35.533717],[126.541554,35.534309],[126.540719,35.534897],[126.53988,35.535482],[126.539037,35.536062],[126.538191,35.536639],[126.53734,35.537213],[126.536486,35.537782],[126.535628,35.538348],[126.534766,35.538909],[126.533901,35.539468],[126.533032,35.540022],[126.532159,35.540572],[126.531282,35.541119],[126.530402,35.541661],[126.529519,35.5422],[126.528631,35.542735],[126.527741,35.543266],[126.526847,35.543792],[126.525949,35.544315],[126.525048,35.544834],[126.524143,35.545349],[126.523235,35.54586],[126.522324,35.546367],[126.521409,35.54687],[126.520491,35.547369],[126.51957,35.547864],[126.518645,35.548355],[126.517717,35.548842],[126.516786,35.549324],[126.515852,35.549803],[126.514915,35.550277],[126.513974,35.550747],[126.513031,35.551213],[126.512084,35.551675],[126.511134,35.552132],[126.510182,35.552586],[126.509226,35.553035],[126.508267,35.55348],[126.507306,35.553921],[126.506341,35.554357],[126.505374,35.554789],[126.504403,35.555217],[126.50343,35.555641],[126.502454,35.55606],[126.501476,35.556475],[126.500494,35.556886],[126.49951,35.557292],[126.498523,35.557694],[126.497534,35.558092],[126.496542,35.558485],[126.495547,35.558874],[126.49455,35.559258],[126.49355,35.559638],[126.492548,35.560014],[126.491543,35.560385],[126.490536,35.560752],[126.489527,35.561114],[126.488515,35.561472],[126.4875,35.561825],[126.486484,35.562174],[126.485465,35.562518],[126.484444,35.562858],[126.48342,35.563193],[126.482394,35.563524],[126.481367,35.56385],[126.480337,35.564172],[126.479304,35.564489],[126.47827,35.564802],[126.477234,35.56511],[126.476196,35.565413],[126.475155,35.565712],[126.474113,35.566006],[126.473069,35.566296],[126.472023,35.566581],[126.470975,35.566861],[126.469925,35.567137],[126.468873,35.567408],[126.46782,35.567674],[126.466765,35.567936],[126.465708,35.568193],[126.464649,35.568446],[126.463589,35.568693],[126.462527,35.568937],[126.461464,35.569175],[126.460399,35.569409],[126.459332,35.569638],[126.458264,35.569862],[126.457195,35.570081],[126.456124,35.570296],[126.455051,35.570506],[126.453978,35.570711],[126.452902,35.570912],[126.451826,35.571108],[126.450748,35.571299],[126.449669,35.571485],[126.448589,35.571667],[126.447508,35.571843],[126.446425,35.572015],[126.445342,35.572182],[126.444257,35.572345],[126.443171,35.572502],[126.442084,35.572655],[126.440997,35.572803],[126.439908,35.572946],[126.438818,35.573085],[126.437727,35.573218],[126.436636,35.573347],[126.435544,35.573471],[126.43445,35.57359],[126.433357,35.573704],[126.432262,35.573813],[126.431166,35.573918],[126.43007,35.574018],[126.428974,35.574113],[126.427876,35.574203],[126.426779,35.574288],[126.42568,35.574368],[126.424581,35.574443],[126.423482,35.574514],[126.422382,35.57458],[126.421282,35.574641],[126.420181,35.574697],[126.41908,35.574748],[126.417978,35.574794],[126.416877,35.574836],[126.415775,35.574872],[126.414673,35.574904],[126.41357,35.574931],[126.412468,35.574952],[126.411365,35.57497],[126.410263,35.574982],[126.40916,35.574989],[126.408057,35.574991]]]]}},{"type":"Feature","properties":{"ident":"P64A","name":"P64A","type":null,"airspaceClass":null,"upper":"10 000 AMSL","upperFt":10000,"upperRef":"AMSL","lower":"SFC","lowerFt":0,"lowerRef":"SFC","remarks":"P64A","prh_lbl_1":"P64A","prh_lbl_2":"10 000 AMSL","prh_lbl_3":"SFC","prh_lbl_4":"임시비행금지구역","category":"원자력발전소","source":"국토교통부 공역정보 KMZ","cycle":"AIP 2026년 10차"},"geometry":{"type":"MultiPolygon","coordinates":[[[[129.383334,37.133388],[129.38221,37.133376],[129.381087,37.13334],[129.379965,37.133279],[129.378846,37.133194],[129.37773,37.133085],[129.376618,37.132952],[129.375511,37.132795],[129.37441,37.132615],[129.373316,37.13241],[129.372228,37.132182],[129.371149,37.13193],[129.370079,37.131656],[129.369018,37.131358],[129.367967,37.131037],[129.366928,37.130694],[129.365901,37.130329],[129.364887,37.129941],[129.363886,37.129532],[129.362899,37.129101],[129.361927,37.128649],[129.36097,37.128176],[129.36003,37.127683],[129.359107,37.12717],[129.358201,37.126637],[129.357314,37.126084],[129.356445,37.125513],[129.355597,37.124923],[129.354768,37.124315],[129.35396,37.123689],[129.353174,37.123046],[129.352409,37.122386],[129.351667,37.12171],[129.350948,37.121018],[129.350253,37.120311],[129.349582,37.119589],[129.348935,37.118853],[129.348313,37.118104],[129.347717,37.117341],[129.347147,37.116565],[129.346603,37.115778],[129.346086,37.114979],[129.345595,37.114169],[129.345133,37.113348],[129.344698,37.112519],[129.344291,37.11168],[129.343913,37.110832],[129.343563,37.109977],[129.343242,37.109114],[129.342951,37.108245],[129.342688,37.10737],[129.342456,37.106489],[129.342253,37.105604],[129.34208,37.104715],[129.341937,37.103822],[129.341824,37.102927],[129.341741,37.102029],[129.341688,37.10113],[129.341666,37.10023],[129.341674,37.09933],[129.341713,37.098431],[129.341781,37.097533],[129.34188,37.096636],[129.342009,37.095742],[129.342168,37.094851],[129.342357,37.093964],[129.342576,37.093081],[129.342824,37.092203],[129.343102,37.091331],[129.343409,37.090465],[129.343745,37.089607],[129.34411,37.088755],[129.344503,37.087912],[129.344925,37.087078],[129.345374,37.086253],[129.345851,37.085438],[129.346355,37.084634],[129.346887,37.083841],[129.347444,37.08306],[129.348028,37.082291],[129.348637,37.081535],[129.349272,37.080792],[129.349931,37.080064],[129.350615,37.079349],[129.351322,37.07865],[129.352053,37.077967],[129.352806,37.077299],[129.353582,37.076648],[129.354379,37.076014],[129.355197,37.075397],[129.356036,37.074799],[129.356895,37.074218],[129.357772,37.073657],[129.358668,37.073114],[129.359583,37.072591],[129.360514,37.072088],[129.361462,37.071606],[129.362426,37.071143],[129.363405,37.070702],[129.364398,37.070283],[129.365406,37.069885],[129.366426,37.069508],[129.367459,37.069154],[129.368503,37.068823],[129.369558,37.068514],[129.370623,37.068228],[129.371697,37.067965],[129.372779,37.067725],[129.373869,37.067509],[129.374967,37.067316],[129.37607,37.067147],[129.377178,37.067002],[129.378291,37.066881],[129.379408,37.066785],[129.380527,37.066712],[129.381649,37.066663],[129.382771,37.066639],[129.383895,37.066639],[129.385017,37.066663],[129.386139,37.066712],[129.387258,37.066784],[129.388375,37.066881],[129.389488,37.067002],[129.390596,37.067147],[129.391699,37.067316],[129.392796,37.067509],[129.393887,37.067725],[129.394969,37.067964],[129.396043,37.068227],[129.397108,37.068513],[129.398163,37.068822],[129.399207,37.069154],[129.40024,37.069508],[129.40126,37.069884],[129.402268,37.070282],[129.403261,37.070702],[129.40424,37.071143],[129.405204,37.071605],[129.406152,37.072088],[129.407083,37.072591],[129.407998,37.073114],[129.408894,37.073656],[129.409772,37.074218],[129.41063,37.074798],[129.411469,37.075397],[129.412287,37.076014],[129.413084,37.076648],[129.41386,37.077299],[129.414613,37.077966],[129.415344,37.07865],[129.416051,37.079349],[129.416735,37.080063],[129.417394,37.080792],[129.418029,37.081534],[129.418638,37.08229],[129.419222,37.083059],[129.41978,37.083841],[129.420311,37.084634],[129.420815,37.085438],[129.421292,37.086253],[129.421742,37.087078],[129.422163,37.087912],[129.422557,37.088755],[129.422922,37.089606],[129.423258,37.090465],[129.423565,37.091331],[129.423843,37.092203],[129.424091,37.09308],[129.42431,37.093963],[129.424499,37.09485],[129.424658,37.095741],[129.424787,37.096635],[129.424885,37.097532],[129.424954,37.09843],[129.424992,37.09933],[129.425001,37.10023],[129.424978,37.10113],[129.424926,37.102029],[129.424843,37.102926],[129.42473,37.103822],[129.424587,37.104714],[129.424414,37.105604],[129.424211,37.106489],[129.423978,37.107369],[129.423716,37.108244],[129.423425,37.109114],[129.423104,37.109976],[129.422754,37.110832],[129.422376,37.111679],[129.421969,37.112518],[129.421534,37.113348],[129.421072,37.114168],[129.420581,37.114978],[129.420064,37.115777],[129.41952,37.116565],[129.41895,37.11734],[129.418354,37.118103],[129.417732,37.118853],[129.417085,37.119589],[129.416414,37.120311],[129.415719,37.121018],[129.415,37.12171],[129.414258,37.122386],[129.413493,37.123045],[129.412707,37.123688],[129.411899,37.124314],[129.411071,37.124922],[129.410222,37.125512],[129.409353,37.126084],[129.408466,37.126636],[129.407561,37.127169],[129.406637,37.127683],[129.405697,37.128176],[129.404741,37.128649],[129.403769,37.129101],[129.402782,37.129531],[129.401781,37.129941],[129.400766,37.130328],[129.399739,37.130694],[129.3987,37.131037],[129.39765,37.131358],[129.396589,37.131655],[129.395518,37.13193],[129.394439,37.132182],[129.393352,37.13241],[129.392257,37.132614],[129.391156,37.132795],[129.390049,37.132952],[129.388937,37.133085],[129.387822,37.133194],[129.386702,37.133279],[129.385581,37.13334],[129.384458,37.133376],[129.383334,37.133388]]]]}},{"type":"Feature","properties":{"ident":"P64B","name":"P64B","type":null,"airspaceClass":null,"upper":"FL 180","upperFt":18000,"upperRef":"FL","lower":"SFC","lowerFt":0,"lowerRef":"SFC","remarks":"P64B","prh_lbl_1":"P64B","prh_lbl_2":"FL 180","prh_lbl_3":"SFC","prh_lbl_4":"임시비행금지구역","category":"원자력발전소","source":"국토교통부 공역정보 KMZ","cycle":"AIP 2026년 10차"},"geometry":{"type":"MultiPolygon","coordinates":[[[[129.383335,37.266891],[129.382208,37.266889],[129.381081,37.266881],[129.379954,37.266869],[129.378827,37.266852],[129.3777,37.26683],[129.376574,37.266803],[129.375448,37.266772],[129.374321,37.266735],[129.373196,37.266694],[129.37207,37.266648],[129.370945,37.266596],[129.36982,37.26654],[129.368695,37.26648],[129.367571,37.266414],[129.366448,37.266343],[129.365324,37.266268],[129.364202,37.266188],[129.36308,37.266102],[129.361958,37.266012],[129.360838,37.265918],[129.359718,37.265818],[129.358598,37.265713],[129.357479,37.265604],[129.356361,37.26549],[129.355244,37.265371],[129.354128,37.265247],[129.353012,37.265118],[129.351898,37.264985],[129.350784,37.264846],[129.349671,37.264703],[129.34856,37.264555],[129.347449,37.264403],[129.346339,37.264245],[129.345231,37.264083],[129.344123,37.263916],[129.343017,37.263744],[129.341912,37.263567],[129.340808,37.263385],[129.339705,37.263199],[129.338604,37.263008],[129.337504,37.262812],[129.336405,37.262612],[129.335308,37.262407],[129.334212,37.262197],[129.333117,37.261982],[129.332024,37.261762],[129.330933,37.261538],[129.329843,37.261309],[129.328754,37.261076],[129.327667,37.260837],[129.326582,37.260594],[129.325499,37.260347],[129.324417,37.260094],[129.323337,37.259837],[129.322258,37.259575],[129.321182,37.259309],[129.320107,37.259038],[129.319034,37.258762],[129.317963,37.258482],[129.316894,37.258197],[129.315827,37.257907],[129.314762,37.257613],[129.313699,37.257314],[129.312638,37.257011],[129.311579,37.256703],[129.310522,37.256391],[129.309467,37.256073],[129.308414,37.255752],[129.307364,37.255426],[129.306316,37.255095],[129.30527,37.25476],[129.304226,37.25442],[129.303185,37.254076],[129.302146,37.253727],[129.301109,37.253374],[129.300075,37.253016],[129.299043,37.252654],[129.298014,37.252287],[129.296987,37.251916],[129.295963,37.25154],[129.294941,37.25116],[129.293922,37.250776],[129.292906,37.250387],[129.291892,37.249994],[129.290881,37.249596],[129.289872,37.249194],[129.288866,37.248788],[129.287863,37.248378],[129.286863,37.247963],[129.285866,37.247543],[129.284872,37.24712],[129.28388,37.246692],[129.282891,37.24626],[129.281906,37.245823],[129.280923,37.245383],[129.279943,37.244938],[129.278967,37.244489],[129.277993,37.244035],[129.277022,37.243578],[129.276055,37.243116],[129.275091,37.24265],[129.274129,37.24218],[129.273172,37.241706],[129.272217,37.241227],[129.271265,37.240745],[129.270317,37.240258],[129.269372,37.239768],[129.268431,37.239273],[129.267493,37.238774],[129.266558,37.238271],[129.265627,37.237764],[129.264699,37.237253],[129.263774,37.236738],[129.262854,37.23622],[129.261936,37.235697],[129.261022,37.23517],[129.260112,37.234639],[129.259205,37.234104],[129.258302,37.233566],[129.257403,37.233023],[129.256508,37.232477],[129.255616,37.231926],[129.254727,37.231372],[129.253843,37.230814],[129.252962,37.230253],[129.252086,37.229687],[129.251213,37.229118],[129.250344,37.228544],[129.249478,37.227968],[129.248617,37.227387],[129.24776,37.226803],[129.246906,37.226215],[129.246057,37.225623],[129.245212,37.225028],[129.24437,37.224429],[129.243533,37.223826],[129.2427,37.22322],[129.241871,37.22261],[129.241046,37.221996],[129.240225,37.221379],[129.239409,37.220759],[129.238597,37.220135],[129.237789,37.219507],[129.236985,37.218876],[129.236185,37.218242],[129.23539,37.217604],[129.234599,37.216963],[129.233813,37.216318],[129.23303,37.21567],[129.232253,37.215018],[129.231479,37.214363],[129.23071,37.213705],[129.229946,37.213043],[129.229186,37.212379],[129.228431,37.21171],[129.22768,37.211039],[129.226933,37.210364],[129.226192,37.209687],[129.225455,37.209006],[129.224722,37.208321],[129.223994,37.207634],[129.223271,37.206944],[129.222552,37.20625],[129.221838,37.205553],[129.221129,37.204853],[129.220425,37.204151],[129.219725,37.203445],[129.219031,37.202736],[129.218341,37.202024],[129.217655,37.201309],[129.216975,37.200591],[129.2163,37.199871],[129.215629,37.199147],[129.214963,37.19842],[129.214302,37.197691],[129.213647,37.196959],[129.212996,37.196224],[129.21235,37.195486],[129.211709,37.194745],[129.211073,37.194002],[129.210442,37.193255],[129.209817,37.192507],[129.209196,37.191755],[129.20858,37.191001],[129.20797,37.190244],[129.207365,37.189484],[129.206764,37.188722],[129.206169,37.187958],[129.205579,37.18719],[129.204995,37.18642],[129.204415,37.185648],[129.203841,37.184873],[129.203272,37.184096],[129.202708,37.183316],[129.20215,37.182534],[129.201597,37.181749],[129.201049,37.180962],[129.200507,37.180173],[129.199969,37.179382],[129.199438,37.178588],[129.198911,37.177791],[129.19839,37.176993],[129.197875,37.176192],[129.197364,37.175389],[129.19686,37.174584],[129.19636,37.173777],[129.195866,37.172967],[129.195378,37.172155],[129.194895,37.171342],[129.194418,37.170526],[129.193946,37.169708],[129.19348,37.168888],[129.193019,37.168066],[129.192564,37.167243],[129.192114,37.166417],[129.19167,37.165589],[129.191232,37.164759],[129.190799,37.163928],[129.190371,37.163094],[129.18995,37.162259],[129.189534,37.161422],[129.189124,37.160583],[129.188719,37.159743],[129.18832,37.158901],[129.187927,37.158056],[129.187539,37.157211],[129.187158,37.156363],[129.186782,37.155514],[129.186411,37.154664],[129.186047,37.153812],[129.185688,37.152958],[129.185335,37.152102],[129.184988,37.151246],[129.184646,37.150387],[129.18431,37.149527],[129.183981,37.148666],[129.183656,37.147804],[129.183338,37.14694],[129.183026,37.146074],[129.182719,37.145207],[129.182419,37.144339],[129.182124,37.14347],[129.181835,37.142599],[129.181552,37.141728],[129.181275,37.140855],[129.181003,37.13998],[129.180738,37.139105],[129.180479,37.138228],[129.180225,37.137351],[129.179977,37.136472],[129.179736,37.135592],[129.1795,37.134711],[129.17927,37.13383],[129.179046,37.132947],[129.178829,37.132063],[129.178617,37.131178],[129.178411,37.130293],[129.178211,37.129406],[129.178017,37.128519],[129.177829,37.127631],[129.177647,37.126742],[129.177471,37.125852],[129.177301,37.124962],[129.177137,37.124071],[129.176979,37.123179],[129.176827,37.122286],[129.176681,37.121393],[129.176541,37.120499],[129.176407,37.119605],[129.176279,37.11871],[129.176158,37.117814],[129.176042,37.116918],[129.175932,37.116022],[129.175829,37.115125],[129.175731,37.114227],[129.175639,37.113329],[129.175554,37.112431],[129.175474,37.111533],[129.175401,37.110634],[129.175334,37.109735],[129.175272,37.108835],[129.175217,37.107935],[129.175168,37.107035],[129.175125,37.106135],[129.175088,37.105235],[129.175057,37.104335],[129.175032,37.103434],[129.175013,37.102533],[129.175001,37.101633],[129.174994,37.100732],[129.174993,37.099831],[129.174999,37.09893],[129.175011,37.098029],[129.175028,37.097129],[129.175052,37.096228],[129.175082,37.095328],[129.175117,37.094427],[129.175159,37.093527],[129.175207,37.092627],[129.175261,37.091727],[129.175321,37.090828],[129.175388,37.089928],[129.17546,37.08903],[129.175538,37.088131],[129.175622,37.087233],[129.175713,37.086335],[129.175809,37.085437],[129.175912,37.08454],[129.17602,37.083644],[129.176135,37.082747],[129.176255,37.081852],[129.176382,37.080957],[129.176514,37.080062],[129.176653,37.079168],[129.176798,37.078275],[129.176948,37.077382],[129.177105,37.07649],[129.177268,37.075599],[129.177436,37.074708],[129.177611,37.073818],[129.177792,37.072929],[129.177978,37.072041],[129.178171,37.071153],[129.178369,37.070267],[129.178574,37.069381],[129.178784,37.068496],[129.179001,37.067612],[129.179223,37.066729],[129.179452,37.065847],[129.179686,37.064966],[129.179926,37.064086],[129.180172,37.063207],[129.180424,37.062329],[129.180682,37.061453],[129.180946,37.060577],[129.181216,37.059702],[129.181491,37.058829],[129.181773,37.057957],[129.18206,37.057086],[129.182353,37.056216],[129.182652,37.055348],[129.182957,37.054481],[129.183268,37.053615],[129.183584,37.052751],[129.183907,37.051888],[129.184235,37.051026],[129.184569,37.050166],[129.184909,37.049308],[129.185254,37.04845],[129.185605,37.047595],[129.185962,37.046741],[129.186325,37.045888],[129.186693,37.045037],[129.187068,37.044187],[129.187447,37.04334],[129.187833,37.042494],[129.188224,37.041649],[129.188621,37.040806],[129.189024,37.039965],[129.189432,37.039126],[129.189846,37.038289],[129.190265,37.037453],[129.19069,37.036619],[129.191121,37.035787],[129.191557,37.034957],[129.191999,37.034129],[129.192447,37.033302],[129.1929,37.032478],[129.193358,37.031655],[129.193822,37.030835],[129.194292,37.030017],[129.194767,37.0292],[129.195247,37.028386],[129.195733,37.027574],[129.196225,37.026764],[129.196721,37.025956],[129.197224,37.02515],[129.197731,37.024346],[129.198244,37.023545],[129.198763,37.022746],[129.199287,37.021949],[129.199816,37.021154],[129.20035,37.020362],[129.20089,37.019572],[129.201435,37.018784],[129.201986,37.017999],[129.202541,37.017216],[129.203102,37.016435],[129.203668,37.015657],[129.20424,37.014882],[129.204816,37.014109],[129.205398,37.013338],[129.205985,37.01257],[129.206577,37.011804],[129.207174,37.011041],[129.207776,37.010281],[129.208384,37.009523],[129.208996,37.008768],[129.209614,37.008016],[129.210236,37.007266],[129.210864,37.006519],[129.211497,37.005774],[129.212134,37.005033],[129.212777,37.004294],[129.213424,37.003558],[129.214077,37.002825],[129.214734,37.002094],[129.215396,37.001367],[129.216063,37.000642],[129.216735,36.99992],[129.217412,36.999201],[129.218094,36.998485],[129.21878,36.997772],[129.219472,36.997062],[129.220168,36.996355],[129.220868,36.995651],[129.221574,36.994951],[129.222284,36.994253],[129.222999,36.993558],[129.223718,36.992866],[129.224442,36.992178],[129.225171,36.991492],[129.225904,36.99081],[129.226642,36.990131],[129.227384,36.989455],[129.228131,36.988782],[129.228882,36.988113],[129.229638,36.987446],[129.230399,36.986784],[129.231164,36.986124],[129.231933,36.985468],[129.232706,36.984815],[129.233484,36.984165],[129.234267,36.983519],[129.235053,36.982876],[129.235844,36.982237],[129.236639,36.981601],[129.237439,36.980968],[129.238242,36.980339],[129.23905,36.979713],[129.239862,36.979091],[129.240679,36.978473],[129.241499,36.977858],[129.242324,36.977246],[129.243152,36.976638],[129.243985,36.976034],[129.244821,36.975433],[129.245662,36.974836],[129.246507,36.974243],[129.247355,36.973653],[129.248208,36.973067],[129.249065,36.972484],[129.249925,36.971906],[129.250789,36.971331],[129.251657,36.970759],[129.252529,36.970192],[129.253405,36.969628],[129.254285,36.969068],[129.255168,36.968512],[129.256055,36.96796],[129.256945,36.967412],[129.25784,36.966867],[129.258738,36.966326],[129.259639,36.96579],[129.260544,36.965257],[129.261453,36.964728],[129.262365,36.964203],[129.263281,36.963682],[129.2642,36.963165],[129.265123,36.962651],[129.266049,36.962142],[129.266979,36.961637],[129.267911,36.961136],[129.268848,36.960639],[129.269787,36.960146],[129.27073,36.959657],[129.271676,36.959172],[129.272625,36.958692],[129.273578,36.958215],[129.274534,36.957742],[129.275492,36.957274],[129.276454,36.95681],[129.277419,36.95635],[129.278388,36.955894],[129.279359,36.955442],[129.280333,36.954995],[129.28131,36.954552],[129.28229,36.954113],[129.283273,36.953678],[129.284259,36.953247],[129.285248,36.952821],[129.28624,36.952399],[129.287234,36.951981],[129.288232,36.951568],[129.289232,36.951159],[129.290234,36.950754],[129.29124,36.950354],[129.292248,36.949958],[129.293259,36.949566],[129.294272,36.949179],[129.295288,36.948796],[129.296307,36.948418],[129.297328,36.948044],[129.298351,36.947674],[129.299377,36.947309],[129.300405,36.946948],[129.301436,36.946591],[129.302469,36.94624],[129.303505,36.945892],[129.304543,36.945549],[129.305583,36.945211],[129.306625,36.944877],[129.30767,36.944547],[129.308717,36.944223],[129.309766,36.943902],[129.310817,36.943586],[129.31187,36.943275],[129.312925,36.942968],[129.313982,36.942666],[129.315042,36.942369],[129.316103,36.942076],[129.317166,36.941787],[129.318231,36.941503],[129.319298,36.941224],[129.320367,36.94095],[129.321438,36.94068],[129.32251,36.940414],[129.323585,36.940154],[129.32466,36.939898],[129.325738,36.939646],[129.326817,36.9394],[129.327898,36.939158],[129.328981,36.93892],[129.330065,36.938688],[129.331151,36.93846],[129.332238,36.938236],[129.333327,36.938018],[129.334417,36.937804],[129.335508,36.937595],[129.336601,36.93739],[129.337696,36.937191],[129.338791,36.936996],[129.339888,36.936805],[129.340986,36.93662],[129.342086,36.936439],[129.343186,36.936263],[129.344288,36.936092],[129.345391,36.935926],[129.346495,36.935764],[129.3476,36.935607],[129.348706,36.935455],[129.349813,36.935308],[129.350921,36.935165],[129.35203,36.935027],[129.35314,36.934894],[129.354251,36.934766],[129.355362,36.934643],[129.356475,36.934524],[129.357588,36.934411],[129.358702,36.934302],[129.359816,36.934198],[129.360932,36.934098],[129.362048,36.934004],[129.363164,36.933914],[129.364282,36.933829],[129.365399,36.93375],[129.366518,36.933674],[129.367636,36.933604],[129.368755,36.933539],[129.369875,36.933478],[129.370995,36.933422],[129.372115,36.933371],[129.373236,36.933325],[129.374357,36.933284],[129.375478,36.933248],[129.3766,36.933216],[129.377721,36.933189],[129.378843,36.933168],[129.379965,36.933151],[129.381087,36.933138],[129.382209,36.933131],[129.383331,36.933129],[129.384454,36.933131],[129.385576,36.933138],[129.386698,36.933151],[129.38782,36.933168],[129.388942,36.933189],[129.390063,36.933216],[129.391185,36.933248],[129.392306,36.933284],[129.393427,36.933325],[129.394548,36.933371],[129.395668,36.933422],[129.396788,36.933478],[129.397907,36.933538],[129.399027,36.933604],[129.400145,36.933674],[129.401264,36.933749],[129.402381,36.933829],[129.403499,36.933914],[129.404615,36.934004],[129.405731,36.934098],[129.406846,36.934197],[129.407961,36.934301],[129.409075,36.93441],[129.410188,36.934524],[129.411301,36.934643],[129.412412,36.934766],[129.413523,36.934894],[129.414633,36.935027],[129.415742,36.935165],[129.41685,36.935307],[129.417957,36.935454],[129.419063,36.935607],[129.420168,36.935763],[129.421272,36.935925],[129.422375,36.936092],[129.423477,36.936263],[129.424577,36.936439],[129.425677,36.936619],[129.426775,36.936805],[129.427872,36.936995],[129.428967,36.93719],[129.430062,36.93739],[129.431155,36.937594],[129.432246,36.937803],[129.433336,36.938017],[129.434425,36.938236],[129.435512,36.938459],[129.436598,36.938687],[129.437682,36.93892],[129.438765,36.939157],[129.439846,36.939399],[129.440925,36.939646],[129.442003,36.939897],[129.443079,36.940153],[129.444153,36.940414],[129.445225,36.940679],[129.446296,36.940949],[129.447365,36.941223],[129.448432,36.941503],[129.449497,36.941786],[129.45056,36.942075],[129.451621,36.942368],[129.452681,36.942665],[129.453738,36.942967],[129.454793,36.943274],[129.455846,36.943585],[129.456898,36.943901],[129.457947,36.944222],[129.458993,36.944546],[129.460038,36.944876],[129.46108,36.94521],[129.46212,36.945548],[129.463158,36.945891],[129.464194,36.946238],[129.465227,36.94659],[129.466258,36.946947],[129.467286,36.947307],[129.468312,36.947673],[129.469336,36.948042],[129.470357,36.948416],[129.471375,36.948795],[129.472391,36.949178],[129.473405,36.949565],[129.474415,36.949957],[129.475423,36.950353],[129.476429,36.950753],[129.477432,36.951158],[129.478432,36.951567],[129.479429,36.95198],[129.480423,36.952398],[129.481415,36.95282],[129.482404,36.953246],[129.48339,36.953676],[129.484373,36.954111],[129.485353,36.95455],[129.48633,36.954993],[129.487305,36.955441],[129.488276,36.955892],[129.489244,36.956348],[129.490209,36.956808],[129.491171,36.957273],[129.49213,36.957741],[129.493086,36.958213],[129.494038,36.95869],[129.494987,36.959171],[129.495934,36.959656],[129.496876,36.960144],[129.497816,36.960637],[129.498752,36.961134],[129.499685,36.961636],[129.500615,36.962141],[129.501541,36.96265],[129.502463,36.963163],[129.503383,36.96368],[129.504298,36.964201],[129.505211,36.964726],[129.506119,36.965255],[129.507024,36.965788],[129.507926,36.966325],[129.508824,36.966865],[129.509718,36.96741],[129.510609,36.967958],[129.511496,36.96851],[129.512379,36.969067],[129.513259,36.969626],[129.514134,36.97019],[129.515006,36.970758],[129.515874,36.971329],[129.516739,36.971904],[129.517599,36.972482],[129.518456,36.973065],[129.519308,36.973651],[129.520157,36.974241],[129.521002,36.974834],[129.521842,36.975431],[129.522679,36.976032],[129.523512,36.976636],[129.52434,36.977244],[129.525165,36.977856],[129.525985,36.978471],[129.526802,36.979089],[129.527614,36.979711],[129.528422,36.980337],[129.529225,36.980966],[129.530025,36.981598],[129.53082,36.982234],[129.531611,36.982874],[129.532398,36.983517],[129.53318,36.984163],[129.533958,36.984813],[129.534731,36.985465],[129.535501,36.986122],[129.536265,36.986781],[129.537026,36.987444],[129.537782,36.98811],[129.538533,36.98878],[129.53928,36.989453],[129.540022,36.990128],[129.54076,36.990808],[129.541494,36.99149],[129.542222,36.992175],[129.542946,36.992864],[129.543666,36.993556],[129.544381,36.99425],[129.545091,36.994948],[129.545796,36.995649],[129.546497,36.996353],[129.547193,36.99706],[129.547884,36.99777],[129.54857,36.998483],[129.549252,36.999199],[129.549929,36.999918],[129.550601,37.00064],[129.551268,37.001364],[129.55193,37.002092],[129.552588,37.002822],[129.55324,37.003556],[129.553888,37.004292],[129.55453,37.00503],[129.555168,37.005772],[129.555801,37.006516],[129.556428,37.007263],[129.557051,37.008013],[129.557668,37.008766],[129.558281,37.009521],[129.558888,37.010279],[129.559491,37.011039],[129.560088,37.011802],[129.56068,37.012567],[129.561267,37.013336],[129.561849,37.014106],[129.562425,37.014879],[129.562997,37.015655],[129.563563,37.016433],[129.564124,37.017213],[129.564679,37.017996],[129.56523,37.018782],[129.565775,37.019569],[129.566315,37.020359],[129.566849,37.021152],[129.567378,37.021946],[129.567902,37.022743],[129.568421,37.023542],[129.568934,37.024344],[129.569441,37.025147],[129.569944,37.025953],[129.57044,37.026761],[129.570932,37.027571],[129.571418,37.028383],[129.571898,37.029198],[129.572373,37.030014],[129.572843,37.030832],[129.573307,37.031653],[129.573766,37.032475],[129.574219,37.0333],[129.574666,37.034126],[129.575108,37.034954],[129.575544,37.035784],[129.575975,37.036616],[129.5764,37.03745],[129.576819,37.038286],[129.577233,37.039123],[129.577642,37.039963],[129.578044,37.040804],[129.578441,37.041646],[129.578832,37.042491],[129.579218,37.043337],[129.579598,37.044185],[129.579972,37.045034],[129.58034,37.045885],[129.580703,37.046738],[129.58106,37.047592],[129.581411,37.048448],[129.581757,37.049305],[129.582097,37.050163],[129.582431,37.051024],[129.582759,37.051885],[129.583081,37.052748],[129.583398,37.053612],[129.583708,37.054478],[129.584013,37.055345],[129.584312,37.056214],[129.584606,37.057083],[129.584893,37.057954],[129.585174,37.058826],[129.58545,37.059699],[129.58572,37.060574],[129.585984,37.06145],[129.586242,37.062326],[129.586494,37.063204],[129.58674,37.064083],[129.58698,37.064963],[129.587214,37.065844],[129.587443,37.066726],[129.587665,37.067609],[129.587882,37.068493],[129.588092,37.069378],[129.588297,37.070264],[129.588495,37.071151],[129.588688,37.072038],[129.588874,37.072926],[129.589055,37.073815],[129.58923,37.074705],[129.589399,37.075596],[129.589561,37.076487],[129.589718,37.077379],[129.589869,37.078272],[129.590013,37.079165],[129.590152,37.080059],[129.590285,37.080954],[129.590411,37.081849],[129.590532,37.082744],[129.590646,37.083641],[129.590755,37.084537],[129.590857,37.085434],[129.590954,37.086332],[129.591044,37.08723],[129.591128,37.088128],[129.591207,37.089027],[129.591279,37.089926],[129.591345,37.090825],[129.591405,37.091724],[129.591459,37.092624],[129.591507,37.093524],[129.591549,37.094424],[129.591585,37.095325],[129.591615,37.096225],[129.591638,37.097126],[129.591656,37.098026],[129.591668,37.098927],[129.591673,37.099828],[129.591673,37.100729],[129.591666,37.10163],[129.591653,37.10253],[129.591635,37.103431],[129.59161,37.104332],[129.591579,37.105232],[129.591542,37.106132],[129.591499,37.107033],[129.59145,37.107932],[129.591394,37.108832],[129.591333,37.109732],[129.591266,37.110631],[129.591193,37.11153],[129.591113,37.112428],[129.591028,37.113326],[129.590936,37.114224],[129.590838,37.115122],[129.590735,37.116019],[129.590625,37.116915],[129.590509,37.117811],[129.590388,37.118707],[129.59026,37.119602],[129.590126,37.120496],[129.589986,37.12139],[129.58984,37.122283],[129.589688,37.123176],[129.58953,37.124068],[129.589366,37.124959],[129.589196,37.125849],[129.58902,37.126739],[129.588838,37.127628],[129.588651,37.128516],[129.588457,37.129403],[129.588257,37.13029],[129.588051,37.131175],[129.587839,37.13206],[129.587621,37.132944],[129.587397,37.133827],[129.587167,37.134708],[129.586932,37.135589],[129.58669,37.136469],[129.586442,37.137348],[129.586189,37.138225],[129.585929,37.139102],[129.585664,37.139977],[129.585393,37.140852],[129.585116,37.141725],[129.584833,37.142596],[129.584544,37.143467],[129.584249,37.144336],[129.583948,37.145204],[129.583642,37.146071],[129.583329,37.146937],[129.583011,37.147801],[129.582687,37.148663],[129.582357,37.149525],[129.582022,37.150384],[129.58168,37.151243],[129.581333,37.1521],[129.58098,37.152955],[129.580621,37.153809],[129.580257,37.154661],[129.579886,37.155512],[129.57951,37.156361],[129.579129,37.157208],[129.578741,37.158054],[129.578348,37.158898],[129.577949,37.15974],[129.577544,37.160581],[129.577134,37.161419],[129.576718,37.162256],[129.576297,37.163092],[129.575869,37.163925],[129.575437,37.164757],[129.574998,37.165586],[129.574554,37.166414],[129.574104,37.16724],[129.573649,37.168064],[129.573189,37.168886],[129.572722,37.169705],[129.57225,37.170523],[129.571773,37.171339],[129.57129,37.172153],[129.570802,37.172964],[129.570308,37.173774],[129.569809,37.174581],[129.569304,37.175386],[129.568794,37.176189],[129.568278,37.17699],[129.567757,37.177789],[129.567231,37.178585],[129.566699,37.179379],[129.566162,37.180171],[129.565619,37.18096],[129.565072,37.181747],[129.564518,37.182531],[129.56396,37.183314],[129.563396,37.184093],[129.562827,37.184871],[129.562253,37.185646],[129.561674,37.186418],[129.561089,37.187188],[129.560499,37.187955],[129.559904,37.18872],[129.559304,37.189482],[129.558699,37.190241],[129.558088,37.190998],[129.557473,37.191753],[129.556852,37.192504],[129.556226,37.193253],[129.555596,37.193999],[129.55496,37.194743],[129.554319,37.195483],[129.553673,37.196221],[129.553022,37.196956],[129.552366,37.197689],[129.551706,37.198418],[129.55104,37.199144],[129.550369,37.199868],[129.549694,37.200589],[129.549014,37.201307],[129.548328,37.202022],[129.547638,37.202733],[129.546944,37.203442],[129.546244,37.204148],[129.54554,37.204851],[129.544831,37.205551],[129.544117,37.206248],[129.543398,37.206941],[129.542675,37.207632],[129.541947,37.208319],[129.541215,37.209003],[129.540477,37.209684],[129.539736,37.210362],[129.538989,37.211037],[129.538238,37.211708],[129.537483,37.212376],[129.536723,37.213041],[129.535959,37.213703],[129.53519,37.214361],[129.534417,37.215016],[129.533639,37.215667],[129.532857,37.216316],[129.53207,37.21696],[129.531279,37.217602],[129.530484,37.21824],[129.529685,37.218874],[129.528881,37.219505],[129.528073,37.220133],[129.52726,37.220757],[129.526444,37.221377],[129.525623,37.221994],[129.524798,37.222608],[129.523969,37.223218],[129.523136,37.223824],[129.522299,37.224427],[129.521458,37.225026],[129.520612,37.225621],[129.519763,37.226213],[129.51891,37.226801],[129.518052,37.227385],[129.517191,37.227966],[129.516326,37.228543],[129.515457,37.229116],[129.514584,37.229685],[129.513707,37.230251],[129.512827,37.230812],[129.511942,37.23137],[129.511054,37.231925],[129.510162,37.232475],[129.509266,37.233021],[129.508367,37.233564],[129.507464,37.234103],[129.506558,37.234637],[129.505647,37.235168],[129.504734,37.235695],[129.503816,37.236218],[129.502895,37.236737],[129.501971,37.237252],[129.501043,37.237763],[129.500112,37.23827],[129.499177,37.238772],[129.498239,37.239271],[129.497297,37.239766],[129.496353,37.240257],[129.495404,37.240743],[129.494453,37.241226],[129.493498,37.241704],[129.49254,37.242179],[129.491579,37.242649],[129.490615,37.243115],[129.489648,37.243576],[129.488677,37.244034],[129.487703,37.244487],[129.486727,37.244936],[129.485747,37.245381],[129.484764,37.245822],[129.483779,37.246258],[129.48279,37.246691],[129.481798,37.247118],[129.480804,37.247542],[129.479807,37.247961],[129.478807,37.248376],[129.477804,37.248787],[129.476798,37.249193],[129.475789,37.249595],[129.474778,37.249993],[129.473765,37.250386],[129.472748,37.250775],[129.471729,37.251159],[129.470707,37.251539],[129.469683,37.251915],[129.468656,37.252286],[129.467627,37.252652],[129.466595,37.253015],[129.465561,37.253372],[129.464524,37.253726],[129.463485,37.254074],[129.462444,37.254419],[129.461401,37.254759],[129.460355,37.255094],[129.459306,37.255425],[129.458256,37.255751],[129.457203,37.256072],[129.456149,37.25639],[129.455092,37.256702],[129.454033,37.25701],[129.452972,37.257313],[129.451908,37.257612],[129.450843,37.257906],[129.449776,37.258196],[129.448707,37.258481],[129.447636,37.258761],[129.446563,37.259037],[129.445488,37.259308],[129.444412,37.259574],[129.443334,37.259836],[129.442253,37.260093],[129.441172,37.260346],[129.440088,37.260593],[129.439003,37.260836],[129.437916,37.261075],[129.436828,37.261308],[129.435738,37.261537],[129.434646,37.261762],[129.433553,37.261981],[129.432459,37.262196],[129.431363,37.262406],[129.430265,37.262611],[129.429167,37.262812],[129.428067,37.263008],[129.426965,37.263199],[129.425862,37.263385],[129.424759,37.263566],[129.423653,37.263743],[129.422547,37.263915],[129.42144,37.264082],[129.420331,37.264244],[129.419221,37.264402],[129.418111,37.264555],[129.416999,37.264703],[129.415886,37.264846],[129.414773,37.264984],[129.413658,37.265118],[129.412542,37.265246],[129.411426,37.26537],[129.410309,37.265489],[129.409191,37.265604],[129.408072,37.265713],[129.406953,37.265818],[129.405833,37.265917],[129.404712,37.266012],[129.40359,37.266102],[129.402468,37.266187],[129.401346,37.266268],[129.400223,37.266343],[129.399099,37.266414],[129.397975,37.266479],[129.396851,37.26654],[129.395726,37.266596],[129.3946,37.266647],[129.393475,37.266694],[129.392349,37.266735],[129.391223,37.266772],[129.390096,37.266803],[129.38897,37.26683],[129.387843,37.266852],[129.386716,37.266869],[129.385589,37.266881],[129.384462,37.266889],[129.383335,37.266891]]]]}},{"type":"Feature","properties":{"ident":"P65A","name":"P65A","type":null,"airspaceClass":null,"upper":"8 000 AMSL","upperFt":8000,"upperRef":"AMSL","lower":"SFC","lowerFt":0,"lowerRef":"SFC","remarks":"P65A","prh_lbl_1":"P65A","prh_lbl_2":"8 000 AMSL","prh_lbl_3":"SFC","prh_lbl_4":"임시비행금지구역","category":"원자력발전소","source":"국토교통부 공역정보 KMZ","cycle":"AIP 2026년 10차"},"geometry":{"type":"MultiPolygon","coordinates":[[[[127.369722,36.443371],[127.368613,36.443347],[127.367508,36.443275],[127.366409,36.443155],[127.365319,36.442987],[127.364242,36.442773],[127.363181,36.442512],[127.362139,36.442205],[127.361119,36.441854],[127.360123,36.441459],[127.359155,36.441021],[127.358218,36.440542],[127.357314,36.440023],[127.356445,36.439465],[127.355615,36.438871],[127.354826,36.438242],[127.35408,36.437579],[127.353378,36.436885],[127.352724,36.436161],[127.352119,36.43541],[127.351565,36.434634],[127.351063,36.433835],[127.350615,36.433015],[127.350221,36.432177],[127.349885,36.431323],[127.349605,36.430456],[127.349383,36.429578],[127.349221,36.428691],[127.349117,36.427799],[127.349072,36.426904],[127.349087,36.426008],[127.349162,36.425114],[127.349296,36.424224],[127.349489,36.423342],[127.34974,36.422469],[127.350049,36.421608],[127.350414,36.420762],[127.350835,36.419933],[127.351311,36.419123],[127.351839,36.418336],[127.352419,36.417572],[127.353049,36.416834],[127.353727,36.416125],[127.354452,36.415447],[127.35522,36.414801],[127.35603,36.414189],[127.356879,36.413613],[127.357766,36.413074],[127.358687,36.412575],[127.359639,36.412117],[127.360621,36.411701],[127.361629,36.411328],[127.36266,36.410999],[127.363712,36.410715],[127.364781,36.410477],[127.365864,36.410286],[127.366958,36.410142],[127.368061,36.410046],[127.369168,36.409998],[127.370277,36.409998],[127.371384,36.410046],[127.372486,36.410142],[127.37358,36.410286],[127.374663,36.410477],[127.375732,36.410715],[127.376784,36.410999],[127.377815,36.411328],[127.378823,36.411701],[127.379805,36.412117],[127.380758,36.412575],[127.381679,36.413075],[127.382565,36.413613],[127.383415,36.414189],[127.384225,36.414801],[127.384993,36.415447],[127.385717,36.416125],[127.386395,36.416835],[127.387025,36.417572],[127.387605,36.418336],[127.388134,36.419123],[127.388609,36.419933],[127.38903,36.420762],[127.389396,36.421608],[127.389705,36.422469],[127.389956,36.423342],[127.390148,36.424224],[127.390282,36.425114],[127.390357,36.426008],[127.390372,36.426904],[127.390328,36.427799],[127.390224,36.428691],[127.390061,36.429578],[127.389839,36.430456],[127.38956,36.431323],[127.389223,36.432177],[127.38883,36.433015],[127.388382,36.433835],[127.38788,36.434634],[127.387325,36.43541],[127.38672,36.436161],[127.386066,36.436885],[127.385365,36.437579],[127.384618,36.438242],[127.383829,36.438871],[127.382999,36.439465],[127.382131,36.440023],[127.381226,36.440542],[127.380289,36.441021],[127.379321,36.441459],[127.378326,36.441854],[127.377305,36.442205],[127.376263,36.442512],[127.375202,36.442773],[127.374125,36.442987],[127.373036,36.443155],[127.371936,36.443275],[127.370831,36.443347],[127.369722,36.443371]]]]}},{"type":"Feature","properties":{"ident":"P65B","name":"P65B","type":null,"airspaceClass":null,"upper":"FL 180","upperFt":18000,"upperRef":"FL","lower":"SFC","lowerFt":0,"lowerRef":"SFC","remarks":"P65B","prh_lbl_1":"P65B","prh_lbl_2":"FL 180","prh_lbl_3":"SFC","prh_lbl_4":"임시비행금지구역","category":"원자력발전소","source":"국토교통부 공역정보 KMZ","cycle":"AIP 2026년 10차"},"geometry":{"type":"MultiPolygon","coordinates":[[[[127.369722,36.593571],[127.368605,36.593569],[127.367488,36.593562],[127.366371,36.593549],[127.365254,36.593532],[127.364137,36.59351],[127.36302,36.593484],[127.361904,36.593452],[127.360787,36.593415],[127.359671,36.593374],[127.358556,36.593328],[127.35744,36.593277],[127.356325,36.593221],[127.355211,36.59316],[127.354097,36.593094],[127.352983,36.593023],[127.35187,36.592948],[127.350757,36.592868],[127.349645,36.592783],[127.348533,36.592693],[127.347422,36.592598],[127.346312,36.592498],[127.345203,36.592393],[127.344094,36.592284],[127.342986,36.59217],[127.341878,36.592051],[127.340772,36.591927],[127.339666,36.591798],[127.338561,36.591665],[127.337457,36.591526],[127.336354,36.591383],[127.335252,36.591235],[127.334151,36.591083],[127.333052,36.590925],[127.331953,36.590763],[127.330855,36.590595],[127.329758,36.590424],[127.328663,36.590247],[127.327569,36.590065],[127.326476,36.589879],[127.325384,36.589688],[127.324294,36.589492],[127.323205,36.589292],[127.322117,36.589086],[127.321031,36.588876],[127.319946,36.588662],[127.318862,36.588442],[127.31778,36.588218],[127.3167,36.587989],[127.315621,36.587755],[127.314544,36.587517],[127.313468,36.587274],[127.312394,36.587026],[127.311322,36.586774],[127.310251,36.586517],[127.309183,36.586255],[127.308115,36.585989],[127.30705,36.585718],[127.305987,36.585442],[127.304925,36.585161],[127.303866,36.584877],[127.302808,36.584587],[127.301752,36.584293],[127.300698,36.583994],[127.299646,36.583691],[127.298597,36.583383],[127.297549,36.58307],[127.296504,36.582753],[127.29546,36.582431],[127.294419,36.582105],[127.29338,36.581774],[127.292343,36.581439],[127.291309,36.581099],[127.290277,36.580755],[127.289247,36.580406],[127.288219,36.580053],[127.287194,36.579695],[127.286172,36.579333],[127.285151,36.578966],[127.284134,36.578595],[127.283118,36.57822],[127.282106,36.57784],[127.281095,36.577455],[127.280088,36.577066],[127.279083,36.576673],[127.278081,36.576276],[127.277081,36.575874],[127.276084,36.575467],[127.27509,36.575057],[127.274099,36.574642],[127.27311,36.574223],[127.272125,36.573799],[127.271142,36.573371],[127.270162,36.572939],[127.269185,36.572502],[127.268211,36.572062],[127.26724,36.571617],[127.266271,36.571168],[127.265306,36.570714],[127.264344,36.570257],[127.263385,36.569795],[127.26243,36.569329],[127.261477,36.568859],[127.260527,36.568385],[127.259581,36.567906],[127.258638,36.567424],[127.257698,36.566937],[127.256762,36.566447],[127.255828,36.565952],[127.254898,36.565453],[127.253972,36.56495],[127.253049,36.564443],[127.252129,36.563932],[127.251213,36.563417],[127.2503,36.562898],[127.249391,36.562375],[127.248485,36.561848],[127.247583,36.561318],[127.246684,36.560783],[127.245789,36.560244],[127.244897,36.559702],[127.24401,36.559155],[127.243126,36.558605],[127.242245,36.558051],[127.241369,36.557493],[127.240496,36.556931],[127.239627,36.556365],[127.238761,36.555796],[127.2379,36.555223],[127.237042,36.554646],[127.236189,36.554065],[127.235339,36.553481],[127.234493,36.552893],[127.233651,36.552301],[127.232813,36.551706],[127.231979,36.551107],[127.231149,36.550504],[127.230323,36.549898],[127.229502,36.549288],[127.228684,36.548675],[127.22787,36.548058],[127.227061,36.547437],[127.226256,36.546813],[127.225455,36.546185],[127.224658,36.545554],[127.223866,36.54492],[127.223077,36.544282],[127.222293,36.54364],[127.221514,36.542996],[127.220738,36.542347],[127.219968,36.541696],[127.219201,36.541041],[127.218439,36.540383],[127.217681,36.539721],[127.216928,36.539056],[127.216179,36.538388],[127.215435,36.537717],[127.214695,36.537042],[127.21396,36.536364],[127.213229,36.535683],[127.212503,36.534999],[127.211781,36.534312],[127.211064,36.533621],[127.210352,36.532927],[127.209644,36.532231],[127.208942,36.531531],[127.208243,36.530828],[127.20755,36.530122],[127.206861,36.529413],[127.206177,36.528701],[127.205498,36.527986],[127.204824,36.527268],[127.204154,36.526548],[127.203489,36.525824],[127.202829,36.525097],[127.202174,36.524368],[127.201524,36.523636],[127.200879,36.522901],[127.200239,36.522163],[127.199604,36.521422],[127.198973,36.520679],[127.198348,36.519932],[127.197728,36.519183],[127.197112,36.518432],[127.196502,36.517678],[127.195897,36.516921],[127.195297,36.516161],[127.194702,36.515399],[127.194112,36.514634],[127.193528,36.513867],[127.192948,36.513097],[127.192374,36.512325],[127.191804,36.51155],[127.19124,36.510772],[127.190682,36.509993],[127.190128,36.50921],[127.18958,36.508426],[127.189037,36.507639],[127.188499,36.506849],[127.187966,36.506058],[127.187439,36.505264],[127.186917,36.504467],[127.186401,36.503669],[127.18589,36.502868],[127.185384,36.502065],[127.184884,36.50126],[127.184389,36.500452],[127.183899,36.499643],[127.183415,36.498831],[127.182936,36.498018],[127.182463,36.497202],[127.181995,36.496384],[127.181533,36.495564],[127.181076,36.494742],[127.180625,36.493918],[127.180179,36.493092],[127.179739,36.492265],[127.179305,36.491435],[127.178875,36.490603],[127.178452,36.48977],[127.178034,36.488935],[127.177622,36.488098],[127.177215,36.487259],[127.176814,36.486418],[127.176418,36.485576],[127.176029,36.484732],[127.175644,36.483886],[127.175266,36.483038],[127.174893,36.482189],[127.174526,36.481339],[127.174165,36.480486],[127.173809,36.479633],[127.173459,36.478777],[127.173115,36.47792],[127.172776,36.477062],[127.172443,36.476202],[127.172116,36.475341],[127.171795,36.474478],[127.17148,36.473614],[127.17117,36.472749],[127.170866,36.471882],[127.170568,36.471014],[127.170276,36.470144],[127.169989,36.469274],[127.169709,36.468402],[127.169434,36.467529],[127.169165,36.466654],[127.168902,36.465779],[127.168645,36.464902],[127.168393,36.464025],[127.168148,36.463146],[127.167908,36.462266],[127.167674,36.461385],[127.167447,36.460503],[127.167225,36.459621],[127.167009,36.458737],[127.166799,36.457852],[127.166594,36.456966],[127.166396,36.45608],[127.166204,36.455192],[127.166018,36.454304],[127.165837,36.453415],[127.165663,36.452526],[127.165494,36.451635],[127.165331,36.450744],[127.165175,36.449852],[127.165024,36.448959],[127.164879,36.448066],[127.164741,36.447172],[127.164608,36.446278],[127.164481,36.445383],[127.164361,36.444487],[127.164246,36.443591],[127.164137,36.442694],[127.164034,36.441797],[127.163937,36.4409],[127.163847,36.440002],[127.163762,36.439104],[127.163683,36.438205],[127.16361,36.437306],[127.163543,36.436407],[127.163483,36.435507],[127.163428,36.434608],[127.163379,36.433708],[127.163336,36.432807],[127.1633,36.431907],[127.163269,36.431007],[127.163244,36.430106],[127.163226,36.429205],[127.163213,36.428304],[127.163206,36.427403],[127.163206,36.426503],[127.163211,36.425602],[127.163222,36.424701],[127.16324,36.4238],[127.163263,36.4229],[127.163293,36.421999],[127.163328,36.421099],[127.16337,36.420198],[127.163417,36.419298],[127.163471,36.418398],[127.16353,36.417499],[127.163596,36.4166],[127.163667,36.415701],[127.163745,36.414802],[127.163828,36.413903],[127.163918,36.413006],[127.164013,36.412108],[127.164115,36.411211],[127.164222,36.410314],[127.164336,36.409418],[127.164455,36.408522],[127.164581,36.407627],[127.164712,36.406733],[127.16485,36.405839],[127.164993,36.404945],[127.165142,36.404052],[127.165297,36.40316],[127.165459,36.402269],[127.165626,36.401378],[127.165799,36.400488],[127.165978,36.399599],[127.166163,36.398711],[127.166354,36.397823],[127.166551,36.396936],[127.166753,36.396051],[127.166962,36.395166],[127.167176,36.394282],[127.167397,36.393399],[127.167623,36.392517],[127.167855,36.391635],[127.168093,36.390755],[127.168337,36.389876],[127.168587,36.388998],[127.168843,36.388122],[127.169104,36.387246],[127.169372,36.386371],[127.169645,36.385498],[127.169924,36.384626],[127.170208,36.383755],[127.170499,36.382885],[127.170795,36.382017],[127.171098,36.38115],[127.171406,36.380284],[127.171719,36.379419],[127.172039,36.378556],[127.172364,36.377695],[127.172695,36.376834],[127.173032,36.375976],[127.173374,36.375118],[127.173722,36.374263],[127.174076,36.373408],[127.174435,36.372556],[127.174801,36.371705],[127.175171,36.370855],[127.175548,36.370007],[127.17593,36.369161],[127.176318,36.368317],[127.176711,36.367474],[127.17711,36.366633],[127.177515,36.365793],[127.177925,36.364956],[127.178341,36.36412],[127.178762,36.363286],[127.179189,36.362454],[127.179622,36.361624],[127.18006,36.360795],[127.180503,36.359969],[127.180952,36.359145],[127.181407,36.358322],[127.181866,36.357502],[127.182332,36.356683],[127.182803,36.355867],[127.183279,36.355052],[127.183761,36.35424],[127.184248,36.35343],[127.18474,36.352622],[127.185238,36.351816],[127.185741,36.351012],[127.18625,36.350211],[127.186764,36.349412],[127.187283,36.348615],[127.187807,36.34782],[127.188337,36.347028],[127.188872,36.346238],[127.189413,36.34545],[127.189958,36.344665],[127.190509,36.343882],[127.191065,36.343101],[127.191626,36.342323],[127.192192,36.341547],[127.192764,36.340774],[127.19334,36.340003],[127.193922,36.339235],[127.194509,36.33847],[127.195101,36.337706],[127.195698,36.336946],[127.1963,36.336188],[127.196907,36.335433],[127.197519,36.33468],[127.198136,36.333931],[127.198759,36.333183],[127.199386,36.332439],[127.200018,36.331697],[127.200655,36.330958],[127.201296,36.330222],[127.201943,36.329489],[127.202595,36.328759],[127.203251,36.328031],[127.203912,36.327306],[127.204579,36.326584],[127.205249,36.325865],[127.205925,36.325149],[127.206606,36.324436],[127.207291,36.323726],[127.207981,36.323019],[127.208675,36.322315],[127.209374,36.321614],[127.210078,36.320916],[127.210787,36.320221],[127.2115,36.31953],[127.212218,36.318841],[127.21294,36.318155],[127.213667,36.317473],[127.214398,36.316794],[127.215134,36.316118],[127.215874,36.315445],[127.216619,36.314776],[127.217369,36.314109],[127.218122,36.313446],[127.21888,36.312787],[127.219643,36.31213],[127.22041,36.311477],[127.221181,36.310828],[127.221956,36.310181],[127.222736,36.309539],[127.22352,36.308899],[127.224308,36.308263],[127.225101,36.30763],[127.225897,36.307001],[127.226698,36.306376],[127.227503,36.305753],[127.228312,36.305135],[127.229126,36.30452],[127.229943,36.303908],[127.230764,36.3033],[127.23159,36.302696],[127.232419,36.302095],[127.233252,36.301498],[127.23409,36.300904],[127.234931,36.300315],[127.235776,36.299728],[127.236625,36.299146],[127.237478,36.298567],[127.238335,36.297992],[127.239195,36.297421],[127.24006,36.296853],[127.240928,36.29629],[127.241799,36.29573],[127.242675,36.295174],[127.243554,36.294621],[127.244437,36.294073],[127.245324,36.293528],[127.246214,36.292987],[127.247107,36.292451],[127.248005,36.291918],[127.248905,36.291389],[127.24981,36.290864],[127.250717,36.290343],[127.251629,36.289825],[127.252543,36.289312],[127.253461,36.288803],[127.254383,36.288298],[127.255307,36.287797],[127.256235,36.2873],[127.257167,36.286807],[127.258101,36.286318],[127.259039,36.285833],[127.25998,36.285352],[127.260924,36.284875],[127.261872,36.284403],[127.262822,36.283934],[127.263776,36.28347],[127.264733,36.28301],[127.265692,36.282554],[127.266655,36.282102],[127.267621,36.281655],[127.268589,36.281212],[127.269561,36.280773],[127.270535,36.280338],[127.271513,36.279907],[127.272493,36.279481],[127.273476,36.279059],[127.274462,36.278641],[127.27545,36.278228],[127.276442,36.277819],[127.277436,36.277414],[127.278433,36.277014],[127.279432,36.276618],[127.280434,36.276226],[127.281438,36.275839],[127.282445,36.275456],[127.283455,36.275077],[127.284467,36.274703],[127.285482,36.274333],[127.286499,36.273968],[127.287518,36.273607],[127.28854,36.273251],[127.289564,36.272899],[127.290591,36.272551],[127.29162,36.272209],[127.292651,36.27187],[127.293684,36.271536],[127.294719,36.271207],[127.295757,36.270882],[127.296797,36.270561],[127.297839,36.270245],[127.298883,36.269934],[127.299929,36.269627],[127.300977,36.269325],[127.302027,36.269028],[127.303079,36.268735],[127.304133,36.268446],[127.305189,36.268162],[127.306246,36.267883],[127.307306,36.267609],[127.308367,36.267339],[127.309431,36.267073],[127.310495,36.266813],[127.311562,36.266557],[127.31263,36.266305],[127.3137,36.266058],[127.314772,36.265816],[127.315845,36.265579],[127.31692,36.265346],[127.317996,36.265118],[127.319074,36.264895],[127.320153,36.264676],[127.321234,36.264463],[127.322316,36.264253],[127.323399,36.264049],[127.324484,36.263849],[127.32557,36.263654],[127.326657,36.263464],[127.327746,36.263279],[127.328836,36.263098],[127.329927,36.262922],[127.331019,36.262751],[127.332112,36.262584],[127.333206,36.262422],[127.334302,36.262266],[127.335398,36.262113],[127.336496,36.261966],[127.337594,36.261824],[127.338693,36.261686],[127.339794,36.261553],[127.340895,36.261425],[127.341997,36.261301],[127.343099,36.261183],[127.344203,36.261069],[127.345307,36.26096],[127.346412,36.260856],[127.347518,36.260757],[127.348624,36.260662],[127.349731,36.260573],[127.350838,36.260488],[127.351946,36.260408],[127.353055,36.260333],[127.354164,36.260263],[127.355273,36.260197],[127.356383,36.260136],[127.357493,36.260081],[127.358604,36.26003],[127.359715,36.259984],[127.360826,36.259942],[127.361938,36.259906],[127.363049,36.259875],[127.364161,36.259848],[127.365273,36.259826],[127.366385,36.259809],[127.367498,36.259797],[127.36861,36.25979],[127.369722,36.259787],[127.370835,36.25979],[127.371947,36.259797],[127.373059,36.259809],[127.374172,36.259826],[127.375284,36.259848],[127.376396,36.259875],[127.377507,36.259906],[127.378619,36.259943],[127.37973,36.259984],[127.380841,36.26003],[127.381952,36.260081],[127.383062,36.260137],[127.384172,36.260197],[127.385281,36.260263],[127.38639,36.260333],[127.387499,36.260408],[127.388607,36.260488],[127.389714,36.260573],[127.390821,36.260662],[127.391927,36.260757],[127.393033,36.260856],[127.394138,36.26096],[127.395242,36.261069],[127.396346,36.261183],[127.397448,36.261301],[127.39855,36.261425],[127.399651,36.261553],[127.400752,36.261686],[127.401851,36.261824],[127.402949,36.261966],[127.404047,36.262114],[127.405143,36.262266],[127.406239,36.262423],[127.407333,36.262584],[127.408426,36.262751],[127.409518,36.262922],[127.410609,36.263098],[127.411699,36.263279],[127.412788,36.263464],[127.413875,36.263654],[127.414961,36.263849],[127.416046,36.264049],[127.417129,36.264254],[127.418211,36.264463],[127.419292,36.264677],[127.420371,36.264895],[127.421449,36.265118],[127.422525,36.265346],[127.4236,36.265579],[127.424673,36.265817],[127.425745,36.266059],[127.426815,36.266305],[127.427883,36.266557],[127.428949,36.266813],[127.430014,36.267073],[127.431078,36.267339],[127.432139,36.267609],[127.433198,36.267883],[127.434256,36.268163],[127.435312,36.268446],[127.436366,36.268735],[127.437418,36.269028],[127.438468,36.269325],[127.439516,36.269628],[127.440562,36.269934],[127.441606,36.270246],[127.442648,36.270561],[127.443688,36.270882],[127.444726,36.271207],[127.445761,36.271536],[127.446794,36.27187],[127.447825,36.272209],[127.448854,36.272552],[127.449881,36.272899],[127.450905,36.273251],[127.451927,36.273607],[127.452946,36.273968],[127.453963,36.274333],[127.454978,36.274703],[127.45599,36.275077],[127.456999,36.275456],[127.458007,36.275839],[127.459011,36.276226],[127.460013,36.276618],[127.461012,36.277014],[127.462009,36.277414],[127.463003,36.277819],[127.463994,36.278228],[127.464983,36.278641],[127.465969,36.279059],[127.466952,36.279481],[127.467932,36.279907],[127.468909,36.280338],[127.469884,36.280773],[127.470856,36.281212],[127.471824,36.281655],[127.47279,36.282103],[127.473753,36.282554],[127.474712,36.28301],[127.475669,36.28347],[127.476623,36.283935],[127.477573,36.284403],[127.47852,36.284876],[127.479465,36.285352],[127.480406,36.285833],[127.481344,36.286318],[127.482278,36.286807],[127.483209,36.2873],[127.484138,36.287797],[127.485062,36.288298],[127.485984,36.288803],[127.486902,36.289312],[127.487816,36.289826],[127.488727,36.290343],[127.489635,36.290864],[127.490539,36.291389],[127.49144,36.291918],[127.492337,36.292451],[127.493231,36.292988],[127.494121,36.293529],[127.495008,36.294073],[127.495891,36.294622],[127.49677,36.295174],[127.497645,36.29573],[127.498517,36.29629],[127.499385,36.296854],[127.50025,36.297421],[127.50111,36.297992],[127.501967,36.298568],[127.50282,36.299146],[127.503669,36.299729],[127.504514,36.300315],[127.505355,36.300905],[127.506193,36.301498],[127.507026,36.302095],[127.507855,36.302696],[127.508681,36.303301],[127.509502,36.303908],[127.510319,36.30452],[127.511132,36.305135],[127.511942,36.305754],[127.512747,36.306376],[127.513547,36.307002],[127.514344,36.307631],[127.515137,36.308263],[127.515925,36.308899],[127.516709,36.309539],[127.517489,36.310182],[127.518264,36.310828],[127.519035,36.311478],[127.519802,36.312131],[127.520564,36.312787],[127.521322,36.313447],[127.522076,36.31411],[127.522825,36.314776],[127.52357,36.315446],[127.524311,36.316118],[127.525047,36.316794],[127.525778,36.317473],[127.526505,36.318156],[127.527227,36.318841],[127.527945,36.31953],[127.528658,36.320222],[127.529366,36.320917],[127.53007,36.321615],[127.53077,36.322316],[127.531464,36.32302],[127.532154,36.323727],[127.532839,36.324437],[127.53352,36.32515],[127.534195,36.325866],[127.534866,36.326585],[127.535532,36.327307],[127.536194,36.328031],[127.53685,36.328759],[127.537502,36.329489],[127.538148,36.330223],[127.53879,36.330959],[127.539427,36.331698],[127.540059,36.332439],[127.540686,36.333184],[127.541308,36.333931],[127.541925,36.334681],[127.542537,36.335433],[127.543145,36.336189],[127.543747,36.336946],[127.544344,36.337707],[127.544936,36.33847],[127.545522,36.339236],[127.546104,36.340004],[127.546681,36.340774],[127.547252,36.341548],[127.547819,36.342323],[127.54838,36.343101],[127.548936,36.343882],[127.549487,36.344665],[127.550032,36.34545],[127.550572,36.346238],[127.551107,36.347028],[127.551637,36.347821],[127.552162,36.348615],[127.552681,36.349412],[127.553195,36.350211],[127.553703,36.351013],[127.554207,36.351817],[127.554704,36.352622],[127.555197,36.35343],[127.555684,36.354241],[127.556166,36.355053],[127.556642,36.355867],[127.557113,36.356684],[127.557578,36.357502],[127.558038,36.358323],[127.558493,36.359145],[127.558941,36.35997],[127.559385,36.360796],[127.559823,36.361624],[127.560255,36.362454],[127.560682,36.363287],[127.561104,36.36412],[127.561519,36.364956],[127.56193,36.365794],[127.562334,36.366633],[127.562733,36.367474],[127.563127,36.368317],[127.563514,36.369162],[127.563897,36.370008],[127.564273,36.370856],[127.564644,36.371705],[127.565009,36.372556],[127.565369,36.373409],[127.565722,36.374263],[127.566071,36.375119],[127.566413,36.375976],[127.56675,36.376835],[127.567081,36.377695],[127.567406,36.378557],[127.567725,36.37942],[127.568039,36.380284],[127.568347,36.38115],[127.568649,36.382017],[127.568945,36.382886],[127.569236,36.383755],[127.569521,36.384626],[127.5698,36.385498],[127.570073,36.386372],[127.57034,36.387246],[127.570602,36.388122],[127.570857,36.388999],[127.571107,36.389877],[127.571351,36.390756],[127.571589,36.391636],[127.571821,36.392517],[127.572048,36.393399],[127.572268,36.394282],[127.572483,36.395166],[127.572691,36.396051],[127.572894,36.396937],[127.573091,36.397824],[127.573282,36.398711],[127.573467,36.3996],[127.573646,36.400489],[127.573819,36.401379],[127.573986,36.402269],[127.574147,36.403161],[127.574302,36.404053],[127.574452,36.404946],[127.574595,36.405839],[127.574732,36.406733],[127.574864,36.407628],[127.574989,36.408523],[127.575109,36.409418],[127.575222,36.410315],[127.57533,36.411211],[127.575431,36.412108],[127.575527,36.413006],[127.575616,36.413904],[127.5757,36.414802],[127.575777,36.415701],[127.575849,36.4166],[127.575914,36.417499],[127.575974,36.418399],[127.576027,36.419299],[127.576075,36.420199],[127.576116,36.421099],[127.576152,36.421999],[127.576181,36.4229],[127.576204,36.423801],[127.576222,36.424701],[127.576233,36.425602],[127.576239,36.426503],[127.576238,36.427404],[127.576231,36.428305],[127.576219,36.429206],[127.5762,36.430106],[127.576175,36.431007],[127.576145,36.431908],[127.576108,36.432808],[127.576065,36.433708],[127.576017,36.434608],[127.575962,36.435508],[127.575901,36.436407],[127.575834,36.437307],[127.575761,36.438206],[127.575683,36.439104],[127.575598,36.440002],[127.575507,36.4409],[127.57541,36.441798],[127.575307,36.442695],[127.575199,36.443591],[127.575084,36.444488],[127.574963,36.445383],[127.574836,36.446278],[127.574703,36.447173],[127.574565,36.448066],[127.57442,36.44896],[127.574269,36.449852],[127.574113,36.450744],[127.57395,36.451635],[127.573782,36.452526],[127.573607,36.453416],[127.573427,36.454305],[127.57324,36.455193],[127.573048,36.45608],[127.57285,36.456967],[127.572646,36.457852],[127.572436,36.458737],[127.572219,36.459621],[127.571998,36.460504],[127.57177,36.461386],[127.571536,36.462267],[127.571296,36.463146],[127.571051,36.464025],[127.5708,36.464903],[127.570542,36.465779],[127.570279,36.466655],[127.57001,36.467529],[127.569736,36.468402],[127.569455,36.469274],[127.569168,36.470145],[127.568876,36.471014],[127.568578,36.471882],[127.568274,36.472749],[127.567965,36.473614],[127.567649,36.474479],[127.567328,36.475341],[127.567001,36.476203],[127.566668,36.477062],[127.56633,36.477921],[127.565985,36.478778],[127.565635,36.479633],[127.56528,36.480487],[127.564918,36.481339],[127.564551,36.48219],[127.564178,36.483039],[127.5638,36.483886],[127.563416,36.484732],[127.563026,36.485576],[127.56263,36.486418],[127.562229,36.487259],[127.561822,36.488098],[127.56141,36.488935],[127.560992,36.48977],[127.560569,36.490604],[127.56014,36.491435],[127.559705,36.492265],[127.559265,36.493093],[127.558819,36.493919],[127.558368,36.494742],[127.557911,36.495564],[127.557449,36.496384],[127.556981,36.497202],[127.556508,36.498018],[127.556029,36.498832],[127.555545,36.499643],[127.555055,36.500453],[127.55456,36.50126],[127.55406,36.502065],[127.553554,36.502869],[127.553043,36.503669],[127.552527,36.504468],[127.552005,36.505264],[127.551478,36.506058],[127.550945,36.50685],[127.550407,36.507639],[127.549864,36.508426],[127.549316,36.509211],[127.548763,36.509993],[127.548204,36.510773],[127.54764,36.51155],[127.54707,36.512325],[127.546496,36.513097],[127.545917,36.513867],[127.545332,36.514634],[127.544742,36.515399],[127.544147,36.516161],[127.543547,36.516921],[127.542942,36.517678],[127.542332,36.518432],[127.541716,36.519184],[127.541096,36.519933],[127.540471,36.520679],[127.53984,36.521422],[127.539205,36.522163],[127.538565,36.522901],[127.53792,36.523636],[127.53727,36.524368],[127.536615,36.525098],[127.535955,36.525824],[127.53529,36.526548],[127.53462,36.527269],[127.533946,36.527987],[127.533267,36.528702],[127.532583,36.529413],[127.531894,36.530122],[127.531201,36.530828],[127.530502,36.531531],[127.5298,36.532231],[127.529092,36.532928],[127.52838,36.533621],[127.527663,36.534312],[127.526941,36.534999],[127.526215,36.535683],[127.525484,36.536365],[127.524749,36.537042],[127.524009,36.537717],[127.523265,36.538388],[127.522516,36.539057],[127.521763,36.539721],[127.521005,36.540383],[127.520243,36.541041],[127.519476,36.541696],[127.518705,36.542348],[127.51793,36.542996],[127.517151,36.543641],[127.516367,36.544282],[127.515578,36.54492],[127.514786,36.545555],[127.513989,36.546186],[127.513188,36.546813],[127.512383,36.547437],[127.511573,36.548058],[127.51076,36.548675],[127.509942,36.549288],[127.509121,36.549898],[127.508295,36.550504],[127.507465,36.551107],[127.506631,36.551706],[127.505793,36.552302],[127.504951,36.552893],[127.504105,36.553481],[127.503255,36.554066],[127.502402,36.554646],[127.501544,36.555223],[127.500683,36.555796],[127.499817,36.556366],[127.498948,36.556931],[127.498075,36.557493],[127.497199,36.558051],[127.496318,36.558605],[127.495434,36.559155],[127.494546,36.559702],[127.493655,36.560244],[127.49276,36.560783],[127.491861,36.561318],[127.490959,36.561849],[127.490053,36.562376],[127.489144,36.562898],[127.488231,36.563417],[127.487315,36.563932],[127.486395,36.564443],[127.485472,36.56495],[127.484545,36.565453],[127.483615,36.565952],[127.482682,36.566447],[127.481746,36.566937],[127.480806,36.567424],[127.479863,36.567907],[127.478916,36.568385],[127.477967,36.568859],[127.477014,36.569329],[127.476058,36.569795],[127.4751,36.570257],[127.474137,36.570715],[127.473172,36.571168],[127.472204,36.571617],[127.471233,36.572062],[127.470259,36.572503],[127.469282,36.572939],[127.468302,36.573371],[127.467319,36.573799],[127.466333,36.574223],[127.465345,36.574642],[127.464354,36.575057],[127.463359,36.575468],[127.462363,36.575874],[127.461363,36.576276],[127.460361,36.576673],[127.459356,36.577067],[127.458348,36.577455],[127.457338,36.57784],[127.456326,36.57822],[127.45531,36.578595],[127.454293,36.578966],[127.453272,36.579333],[127.45225,36.579695],[127.451224,36.580053],[127.450197,36.580406],[127.449167,36.580755],[127.448135,36.581099],[127.447101,36.581439],[127.446064,36.581775],[127.445025,36.582105],[127.443984,36.582431],[127.44294,36.582753],[127.441895,36.58307],[127.440847,36.583383],[127.439797,36.583691],[127.438746,36.583994],[127.437692,36.584293],[127.436636,36.584587],[127.435578,36.584877],[127.434519,36.585162],[127.433457,36.585442],[127.432394,36.585718],[127.431328,36.585989],[127.430261,36.586255],[127.429192,36.586517],[127.428122,36.586774],[127.427049,36.587026],[127.425975,36.587274],[127.4249,36.587517],[127.423823,36.587755],[127.422744,36.587989],[127.421663,36.588218],[127.420581,36.588442],[127.419498,36.588662],[127.418413,36.588877],[127.417327,36.589087],[127.416239,36.589292],[127.41515,36.589492],[127.41406,36.589688],[127.412968,36.589879],[127.411875,36.590065],[127.410781,36.590247],[127.409685,36.590424],[127.408589,36.590596],[127.407491,36.590763],[127.406392,36.590925],[127.405292,36.591083],[127.404191,36.591235],[127.403089,36.591383],[127.401986,36.591526],[127.400883,36.591665],[127.399778,36.591798],[127.398672,36.591927],[127.397566,36.592051],[127.396458,36.59217],[127.39535,36.592284],[127.394241,36.592394],[127.393132,36.592498],[127.392021,36.592598],[127.39091,36.592693],[127.389799,36.592783],[127.388687,36.592868],[127.387574,36.592948],[127.386461,36.593023],[127.385347,36.593094],[127.384233,36.59316],[127.383118,36.593221],[127.382003,36.593277],[127.380888,36.593328],[127.379772,36.593374],[127.378656,36.593415],[127.37754,36.593452],[127.376424,36.593484],[127.375307,36.59351],[127.37419,36.593532],[127.373073,36.593549],[127.371956,36.593562],[127.370839,36.593569],[127.369722,36.593571]]]]}},{"type":"Feature","properties":{"ident":"안보구역","name":"안보구역","type":null,"airspaceClass":null,"upper":"500 AMSL","upperFt":500,"upperRef":"AMSL","lower":"GND","lowerFt":0,"lowerRef":"GND","remarks":"안보구역","prh_lbl_1":"안보구역","prh_lbl_2":"500 AMSL","prh_lbl_3":"GND","prh_lbl_4":"임시비행금지구역","category":"안보구역","source":"국토교통부 공역정보 KMZ","cycle":"AIP 2026년 10차"},"geometry":{"type":"MultiPolygon","coordinates":[[[[128.225832,36.070315],[128.224725,36.070299],[128.22362,36.070251],[128.222517,36.07017],[128.221419,36.070058],[128.220326,36.069913],[128.21924,36.069737],[128.218163,36.069529],[128.217096,36.069289],[128.21604,36.069019],[128.214997,36.068719],[128.213967,36.068388],[128.212953,36.068027],[128.211956,36.067637],[128.210976,36.067218],[128.210016,36.066771],[128.209076,36.066296],[128.208158,36.065794],[128.207262,36.065265],[128.206391,36.064711],[128.205544,36.064132],[128.204724,36.063528],[128.203931,36.062901],[128.203166,36.062251],[128.20243,36.061579],[128.201725,36.060887],[128.20105,36.060174],[128.200408,36.059442],[128.199798,36.058692],[128.199222,36.057924],[128.198681,36.05714],[128.198174,36.056341],[128.197703,36.055528],[128.197268,36.054701],[128.19687,36.053862],[128.19651,36.053012],[128.196187,36.052153],[128.195902,36.051284],[128.195656,36.050408],[128.195449,36.049525],[128.195281,36.048636],[128.195153,36.047743],[128.195064,36.046847],[128.195015,36.045949],[128.195005,36.045051],[128.195035,36.044152],[128.195105,36.043255],[128.195214,36.042361],[128.195363,36.04147],[128.195552,36.040584],[128.195779,36.039704],[128.196045,36.038832],[128.196349,36.037968],[128.196691,36.037113],[128.197071,36.036269],[128.197488,36.035436],[128.197941,36.034616],[128.198431,36.03381],[128.198956,36.033018],[128.199515,36.032243],[128.200108,36.031484],[128.200734,36.030743],[128.201393,36.030021],[128.202083,36.029318],[128.202804,36.028636],[128.203554,36.027976],[128.204333,36.027337],[128.20514,36.026722],[128.205974,36.026131],[128.206833,36.025564],[128.207716,36.025023],[128.208623,36.024508],[128.209552,36.02402],[128.210502,36.023559],[128.211472,36.023126],[128.21246,36.022722],[128.213465,36.022346],[128.214487,36.022001],[128.215523,36.021685],[128.216572,36.021399],[128.217633,36.021145],[128.218705,36.020921],[128.219786,36.020729],[128.220874,36.020569],[128.22197,36.02044],[128.22307,36.020344],[128.224173,36.020279],[128.225279,36.020247],[128.226385,36.020247],[128.227491,36.020279],[128.228595,36.020344],[128.229695,36.02044],[128.23079,36.020569],[128.231879,36.020729],[128.232959,36.020921],[128.234031,36.021145],[128.235092,36.021399],[128.236142,36.021685],[128.237178,36.022001],[128.238199,36.022346],[128.239204,36.022722],[128.240193,36.023126],[128.241162,36.023559],[128.242112,36.02402],[128.243041,36.024508],[128.243948,36.025023],[128.244832,36.025564],[128.245691,36.026131],[128.246524,36.026722],[128.247331,36.027337],[128.24811,36.027975],[128.24886,36.028636],[128.249581,36.029318],[128.250271,36.030021],[128.25093,36.030743],[128.251556,36.031484],[128.25215,36.032243],[128.252709,36.033018],[128.253233,36.03381],[128.253723,36.034616],[128.254176,36.035436],[128.254593,36.036269],[128.254973,36.037113],[128.255315,36.037968],[128.25562,36.038832],[128.255886,36.039704],[128.256113,36.040584],[128.256301,36.04147],[128.25645,36.042361],[128.256559,36.043255],[128.256629,36.044152],[128.256659,36.045051],[128.25665,36.045949],[128.2566,36.046847],[128.256511,36.047743],[128.256383,36.048636],[128.256215,36.049524],[128.256008,36.050407],[128.255762,36.051284],[128.255477,36.052152],[128.255155,36.053012],[128.254794,36.053862],[128.254396,36.054701],[128.253961,36.055527],[128.25349,36.056341],[128.252984,36.05714],[128.252442,36.057924],[128.251866,36.058691],[128.251256,36.059442],[128.250614,36.060174],[128.24994,36.060887],[128.249234,36.061579],[128.248499,36.062251],[128.247734,36.062901],[128.246941,36.063528],[128.24612,36.064132],[128.245274,36.064711],[128.244402,36.065265],[128.243507,36.065794],[128.242588,36.066296],[128.241648,36.06677],[128.240688,36.067218],[128.239709,36.067637],[128.238711,36.068027],[128.237697,36.068388],[128.236668,36.068719],[128.235624,36.069019],[128.234569,36.069289],[128.233501,36.069529],[128.232424,36.069737],[128.231339,36.069913],[128.230246,36.070058],[128.229147,36.07017],[128.228045,36.070251],[128.226939,36.070299],[128.225832,36.070315]]]]}}]}
